word,bengaliMeaning,pronunciation,example,exampleBengali,difficulty,level,partOfSpeech,Type of sentence,Type of tense
Endangered,বিপন্ন,/ɛndˈeɪndʒɜrd/,The result was extremely endangered.,ফলাফলটি অত্যন্ত বিপন্ন ছিল।,Hard (High-Frequency),IELTS Band 7-9,adjective,Simple,Past Simple
Unusual,অস্বাভাবিক,/ʌnjˈuʒuʌl/,It is unusual to prepare well before the test.,পরীক্ষার আগে ভালোভাবে প্রস্তুতি নেওয়া অস্বাভাবিক।,Medium (High-Frequency),IELTS Band 6-7,adjective,Simple,Present Simple
Ancient,প্রাচীন,/ˈeɪntʃʌnt/,"Although it looked ancient, the plan actually worked.","যদিও এটি প্রাচীন মনে হয়েছিল, পরিকল্পনাটি আসলে কাজ করেছিল।",Medium (High-Frequency),IELTS Band 6-7,adjective,Complex,Past Simple
Potential,সম্ভাব্য,/pʌtˈɛnʃʌl/,Most experts consider this method quite potential.,বেশিরভাগ বিশেষজ্ঞ এই পদ্ধতিটিকে বেশ সম্ভাব্য মনে করেন।,Medium (High-Frequency),IELTS Band 6-7,adjective,Simple,Present Simple
Significant,তাৎপর্যপূর্ণ,/sʌgnˈɪfɪkʌnt/,The area has become increasingly significant in recent years.,সাম্প্রতিক বছরগুলোতে এলাকাটি ক্রমশ তাৎপর্যপূর্ণ হয়ে উঠেছে।,Hard (High-Frequency),IELTS Band 7-9,adjective,Simple,Present Perfect
Conservation,সংরক্ষণ,/kɑnsɜrvˈeɪʃʌn/,"Because of the conservation, the whole plan had to change.",সংরক্ষণ-এর কারণে পুরো পরিকল্পনা বদলাতে হয়েছিল।,Hard (High-Frequency),IELTS Band 7-9,noun,Complex,Past Simple
Existence,অস্তিত্ব,/ɛgzˈɪstʌns/,The article discusses the existence in great detail.,প্রবন্ধটিতে অস্তিত্ব নিয়ে বিস্তারিত আলোচনা করা হয়েছে।,Hard (High-Frequency),IELTS Band 7-9,noun,Simple,Present Simple
Explore,অন্বেষণ করা,/ɪksplˈɔr/,They explore this issue every single day.,তারা প্রতিদিন এই বিষয়টি অন্বেষণ করে।,Medium (High-Frequency),IELTS Band 6-7,verb,Simple,Present Simple
Indigenous,স্থানীয়,/ɪndˈɪdʒʌnʌs/,"Although it looked indigenous, the plan actually worked.","যদিও এটি স্থানীয় মনে হয়েছিল, পরিকল্পনাটি আসলে কাজ করেছিল।",Hard (High-Frequency),IELTS Band 7-9,adjective,Complex,Past Simple
Suitable,উপযুক্ত,/sˈutʌbʌl/,Most experts consider this method quite suitable.,বেশিরভাগ বিশেষজ্ঞ এই পদ্ধতিটিকে বেশ উপযুক্ত মনে করেন।,Medium (High-Frequency),IELTS Band 6-7,adjective,Simple,Present Simple
Encourage,উৎসাহিত করা,/ɛnkˈɜrɪdʒ/,"If we act now, we can encourage this matter.",এখন পদক্ষেপ নিলে আমরা বিষয়টি উৎসাহিত করতে পারবো।,Hard (High-Frequency),IELTS Band 7-9,verb,Complex,Present Simple
Essential,অপরিহার্ষ,/ɛsˈɛnʃʌl/,"Because the situation was so essential, everyone took notice.",পরিস্থিতিটি এতটাই অপরিহার্ষ ছিল যে সবাই লক্ষ্য করেছিল।,Medium (High-Frequency),IELTS Band 6-7,adjective,Complex,Past Simple
Evidence,প্রমাণ,/ˈɛvʌdʌns/,The evidence will play a major role in the final decision.,চূড়ান্ত সিদ্ধান্তে প্রমাণ বড় ভূমিকা রাখবে।,Hard (High-Frequency),IELTS Band 7-9,noun,Simple,Future Simple
Able,সক্ষম,/ˈeɪbʌl/,It is able to prepare well before the test.,পরীক্ষার আগে ভালোভাবে প্রস্তুতি নেওয়া সক্ষম।,Easy (High-Frequency),IELTS Band 5-6,adjective,Simple,Present Simple
Alternative,বিকল্প,/ɔltˈɜrnʌtɪv/,The article discusses the alternative in great detail.,প্রবন্ধটিতে বিকল্প নিয়ে বিস্তারিত আলোচনা করা হয়েছে।,Hard (High-Frequency),IELTS Band 7-9,noun,Simple,Present Simple
Apparently,আপাতদৃষ্টিতে,/ʌpˈɛrʌntli/,"Because she worked apparently, she finished on time.",সে আপাতদৃষ্টিতে কাজ করেছিল বলে সময়মতো শেষ করতে পেরেছিল।,Hard (High-Frequency),IELTS Band 7-9,adverb,Complex,Past Simple
Appropriate,যথাযথ,/ʌprˈoʊpriʌt/,The area has become increasingly appropriate in recent years.,সাম্প্রতিক বছরগুলোতে এলাকাটি ক্রমশ যথাযথ হয়ে উঠেছে।,Hard (High-Frequency),IELTS Band 7-9,adjective,Simple,Present Perfect
Extinct,বিলুপ্ত,/ɪkstˈɪŋkt/,"Because the situation was so extinct, everyone took notice.",পরিস্থিতিটি এতটাই বিলুপ্ত ছিল যে সবাই লক্ষ্য করেছিল।,Medium (High-Frequency),IELTS Band 6-7,adjective,Complex,Past Simple
Impact,প্রভাব,/ɪmpˈækt/,"Although the impact seemed minor, it changed everything.","যদিও প্রভাব বিষয়টি সামান্য মনে হয়েছিল, এটি সবকিছু বদলে দিয়েছিল।",Easy (High-Frequency),IELTS Band 5-6,noun,Complex,Past Simple
Individual,ব্যক্তি,/ɪndʌvˈɪdʒʌwʌl/,Every student should understand the individual before the exam.,পরীক্ষার আগে প্রতিটি শিক্ষার্থীর ব্যক্তি সম্পর্কে বোঝা উচিত।,Hard (High-Frequency),IELTS Band 7-9,noun,Simple,Present Simple
Instance,উদাহরণ,/ˈɪnstʌns/,The instance will play a major role in the final decision.,চূড়ান্ত সিদ্ধান্তে উদাহরণ বড় ভূমিকা রাখবে।,Medium (High-Frequency),IELTS Band 6-7,noun,Simple,Future Simple
Involve,জড়িত করা,/ɪnvˈɑlv/,"Because of the involve, the whole plan had to change.",জড়িত করা-এর কারণে পুরো পরিকল্পনা বদলাতে হয়েছিল।,Medium (High-Frequency),IELTS Band 6-7,noun,Complex,Past Simple
Plenty,প্রচুর,/plˈɛnti/,The article discusses the plenty in great detail.,প্রবন্ধটিতে প্রচুর নিয়ে বিস্তারিত আলোচনা করা হয়েছে।,Easy (High-Frequency),IELTS Band 5-6,noun,Simple,Present Simple
Prevent,প্রতিরোধ করা,/prɪvˈɛnt/,"Because the situation was so prevent, everyone took notice.",পরিস্থিতিটি এতটাই প্রতিরোধ করা ছিল যে সবাই লক্ষ্য করেছিল।,Medium (High-Frequency),IELTS Band 6-7,adjective,Complex,Past Simple
Recruitment,নিয়োগ,/rʌkrˈutmʌnt/,The result was extremely recruitment.,ফলাফলটি অত্যন্ত নিয়োগ ছিল।,Hard (High-Frequency),IELTS Band 7-9,adjective,Simple,Past Simple
Reveal,প্রকাশ করা,/rɪvˈil/,It is reveal to prepare well before the test.,পরীক্ষার আগে ভালোভাবে প্রস্তুতি নেওয়া প্রকাশ করা।,Easy (High-Frequency),IELTS Band 5-6,adjective,Simple,Present Simple
Ability,ক্ষমতা,/ʌbˈɪlʌti/,"Although the ability seemed minor, it changed everything.","যদিও ক্ষমতা বিষয়টি সামান্য মনে হয়েছিল, এটি সবকিছু বদলে দিয়েছিল।",Medium (High-Frequency),IELTS Band 6-7,noun,Complex,Past Simple
Appearance,উপস্থিতি,/ʌpˈɪrʌns/,Every student should understand the appearance before the exam.,পরীক্ষার আগে প্রতিটি শিক্ষার্থীর উপস্থিতি সম্পর্কে বোঝা উচিত।,Hard (High-Frequency),IELTS Band 7-9,noun,Simple,Present Simple
Aspect,দিক,/ˈæspɛkt/,The aspect will play a major role in the final decision.,চূড়ান্ত সিদ্ধান্তে দিক বড় ভূমিকা রাখবে।,Easy (High-Frequency),IELTS Band 5-6,noun,Simple,Future Simple
Assessment,মূল্যায়ন,/ʌsˈɛsmʌnt/,"Because the situation was so assessment, everyone took notice.",পরিস্থিতিটি এতটাই মূল্যায়ন ছিল যে সবাই লক্ষ্য করেছিল।,Hard (High-Frequency),IELTS Band 7-9,adjective,Complex,Past Simple
Attractive,আকর্ষণীয়,/ʌtrˈæktɪv/,The result was extremely attractive.,ফলাফলটি অত্যন্ত আকর্ষণীয় ছিল।,Hard (High-Frequency),IELTS Band 7-9,adjective,Simple,Past Simple
Benefit,সুবিধা,/bˈɛnʌfɪt/,Scientists are still examining the benefit closely.,বিজ্ঞানীরা এখনো সুবিধা খুব কাছ থেকে পর্যবেক্ষণ করছেন।,Medium (High-Frequency),IELTS Band 6-7,noun,Simple,Present Continuous
Cognitive,জ্ঞানীয়,/kˈɑgnɪtɪv/,"Although it looked cognitive, the plan actually worked.","যদিও এটি জ্ঞানীয় মনে হয়েছিল, পরিকল্পনাটি আসলে কাজ করেছিল।",Hard (High-Frequency),IELTS Band 7-9,adjective,Complex,Past Simple
Comfortable,আরামদায়ক,/kˈʌmfɜrtʌbʌl/,Most experts consider this method quite comfortable.,বেশিরভাগ বিশেষজ্ঞ এই পদ্ধতিটিকে বেশ আরামদায়ক মনে করেন।,Hard (High-Frequency),IELTS Band 7-9,adjective,Simple,Present Simple
Convenient,সুবিধাজনক,/kʌnvˈinjʌnt/,The area has become increasingly convenient in recent years.,সাম্প্রতিক বছরগুলোতে এলাকাটি ক্রমশ সুবিধাজনক হয়ে উঠেছে।,Hard (High-Frequency),IELTS Band 7-9,adjective,Simple,Present Perfect
Demonstrate,প্রদর্শন করা,/dˈɛmʌnstreɪt/,They demonstrate this issue every single day.,তারা প্রতিদিন এই বিষয়টি প্রদর্শন করে।,Hard (High-Frequency),IELTS Band 7-9,verb,Simple,Present Simple
Enhance,উন্নতি করা,/ɛnhˈæns/,The enhance will play a major role in the final decision.,চূড়ান্ত সিদ্ধান্তে উন্নতি করা বড় ভূমিকা রাখবে।,Medium (High-Frequency),IELTS Band 6-7,noun,Simple,Future Simple
Evolved,প্রসৃত/অভিব্যক্ত,/ɪvˈɑlvd/,Experts have evolveded this issue for decades.,বিশেষজ্ঞরা কয়েক দশক ধরে এই বিষয়টি প্রসৃত/অভিব্যক্ত করে আসছেন।,Medium (High-Frequency),IELTS Band 6-7,verb,Simple,Present Perfect
Exhibition,প্রদর্শনী,/ɛksʌbˈɪʃʌn/,The article discusses the exhibition in great detail.,প্রবন্ধটিতে প্রদর্শনী নিয়ে বিস্তারিত আলোচনা করা হয়েছে।,Hard (High-Frequency),IELTS Band 7-9,noun,Simple,Present Simple
Extensive,ব্যাপক,/ɪkstˈɛnsɪv/,Most experts consider this method quite extensive.,বেশিরভাগ বিশেষজ্ঞ এই পদ্ধতিটিকে বেশ ব্যাপক মনে করেন।,Hard (High-Frequency),IELTS Band 7-9,adjective,Simple,Present Simple
Flexible,নমনীয়,/flˈɛksʌbʌl/,The area has become increasingly flexible in recent years.,সাম্প্রতিক বছরগুলোতে এলাকাটি ক্রমশ নমনীয় হয়ে উঠেছে।,Medium (High-Frequency),IELTS Band 6-7,adjective,Simple,Present Perfect
Fragile,ভঙ্গুর,/frˈædʒʌl/,Researchers have studied this fragile for many years.,গবেষকরা বহু বছর ধরে এই ভঙ্গুর নিয়ে গবেষণা করেছেন।,Medium (High-Frequency),IELTS Band 6-7,noun,Simple,Present Perfect
Identify,চিহিন্ত করা,/aɪdˈɛntʌfaɪ/,They identify this issue every single day.,তারা প্রতিদিন এই বিষয়টি চিহিন্ত করে।,Medium (High-Frequency),IELTS Band 6-7,verb,Simple,Present Simple
Impressive,চিত্তাকর্ষক,/ɪmprˈɛsɪv/,It is impressive to prepare well before the test.,পরীক্ষার আগে ভালোভাবে প্রস্তুতি নেওয়া চিত্তাকর্ষক।,Hard (High-Frequency),IELTS Band 7-9,adjective,Simple,Present Simple
Initial,প্রাথমিক,/ɪnˈɪʃʌl/,"Although it looked initial, the plan actually worked.","যদিও এটি প্রাথমিক মনে হয়েছিল, পরিকল্পনাটি আসলে কাজ করেছিল।",Medium (High-Frequency),IELTS Band 6-7,adjective,Complex,Past Simple
Innovation,উদ্ভাবন,/ɪnʌvˈeɪʃʌn/,"Because of the innovation, the whole plan had to change.",উদ্ভাবন-এর কারণে পুরো পরিকল্পনা বদলাতে হয়েছিল।,Hard (High-Frequency),IELTS Band 7-9,noun,Complex,Past Simple
Intense,তীব্র,/ɪntˈɛns/,The article discusses the intense in great detail.,প্রবন্ধটিতে তীব্র নিয়ে বিস্তারিত আলোচনা করা হয়েছে।,Medium (High-Frequency),IELTS Band 6-7,noun,Simple,Present Simple
Observation,পর্যবেক্ষণ,/ɑbzɜrvˈeɪʃʌn/,Scientists are still examining the observation closely.,বিজ্ঞানীরা এখনো পর্যবেক্ষণ খুব কাছ থেকে পর্যবেক্ষণ করছেন।,Hard (High-Frequency),IELTS Band 7-9,noun,Simple,Present Continuous
Perceive,উপলব্ধি করা,/pɜrsˈiv/,The result was extremely perceive.,ফলাফলটি অত্যন্ত উপলব্ধি করা ছিল।,Medium (High-Frequency),IELTS Band 6-7,adjective,Simple,Past Simple
Perspective,দৃষ্টিভঙ্গি,/pɜrspˈɛktɪv/,It is perspective to prepare well before the test.,পরীক্ষার আগে ভালোভাবে প্রস্তুতি নেওয়া দৃষ্টিভঙ্গি।,Hard (High-Frequency),IELTS Band 7-9,adjective,Simple,Present Simple
Process,প্রক্রিয়া,/prˈɑsɛs/,"Although the process seemed minor, it changed everything.","যদিও প্রক্রিয়া বিষয়টি সামান্য মনে হয়েছিল, এটি সবকিছু বদলে দিয়েছিল।",Medium (High-Frequency),IELTS Band 6-7,noun,Complex,Past Simple
Professional,পেশাদার,/prʌfˈɛʃʌnʌl/,Most experts consider this method quite professional.,বেশিরভাগ বিশেষজ্ঞ এই পদ্ধতিটিকে বেশ পেশাদার মনে করেন।,Hard (High-Frequency),IELTS Band 7-9,adjective,Simple,Present Simple
Recognition,স্বীকৃতি,/rɛkʌgnˈɪʃʌn/,The recognition will play a major role in the final decision.,চূড়ান্ত সিদ্ধান্তে স্বীকৃতি বড় ভূমিকা রাখবে।,Hard (High-Frequency),IELTS Band 7-9,noun,Simple,Future Simple
Reduction,হাস,/rʌdˈʌkʃʌn/,"Because of the reduction, the whole plan had to change.",হাস-এর কারণে পুরো পরিকল্পনা বদলাতে হয়েছিল।,Medium (High-Frequency),IELTS Band 6-7,noun,Complex,Past Simple
Remarkable,লক্ষণীয়,/rɪmˈɑrkʌbʌl/,The result was extremely remarkable.,ফলাফলটি অত্যন্ত লক্ষণীয় ছিল।,Hard (High-Frequency),IELTS Band 7-9,adjective,Simple,Past Simple
Responsible,দায়িত্বশীল,/rispˈɑnsʌbʌl/,It is responsible to prepare well before the test.,পরীক্ষার আগে ভালোভাবে প্রস্তুতি নেওয়া দায়িত্বশীল।,Hard (High-Frequency),IELTS Band 7-9,adjective,Simple,Present Simple
Several,বিভিন্ন,/sˈɛvrʌl/,"Although it looked several, the plan actually worked.","যদিও এটি বিভিন্ন মনে হয়েছিল, পরিকল্পনাটি আসলে কাজ করেছিল।",Medium (High-Frequency),IELTS Band 6-7,adjective,Complex,Past Simple
Specific,নির্দিষ্ট,/spʌsˈɪfɪk/,Most experts consider this method quite specific.,বেশিরভাগ বিশেষজ্ঞ এই পদ্ধতিটিকে বেশ নির্দিষ্ট মনে করেন।,Medium (High-Frequency),IELTS Band 6-7,adjective,Simple,Present Simple
Abandon,পরিত্যাগ করা,/ʌbˈændʌn/,"Although the abandon seemed minor, it changed everything.","যদিও পরিত্যাগ করা বিষয়টি সামান্য মনে হয়েছিল, এটি সবকিছু বদলে দিয়েছিল।",Medium (High-Frequency),IELTS Band 6-7,noun,Complex,Past Simple
Affordable,সাশ্রয়ী,/ʌfˈɔrdʌbʌl/,"Because the situation was so affordable, everyone took notice.",পরিস্থিতিটি এতটাই সাশ্রয়ী ছিল যে সবাই লক্ষ্য করেছিল।,Hard (High-Frequency),IELTS Band 7-9,adjective,Complex,Past Simple
Assume,ধরে নেওয়া,/ʌsˈum/,The assume will play a major role in the final decision.,চূড়ান্ত সিদ্ধান্তে ধরে নেওয়া বড় ভূমিকা রাখবে।,Medium (High-Frequency),IELTS Band 6-7,noun,Simple,Future Simple
Astonishing,আশ্চর্যজনক,/ʌstˈɑnɪʃɪŋ/,"Next year, the company will astonishing this plan.",আগামী বছর কোম্পানিটি এই পরিকল্পনা আশ্চর্যজনক করবে।,Hard (High-Frequency),IELTS Band 7-9,verb,Simple,Future Simple
Consider,বিবেচনা করা,/kʌnsˈɪdɜr/,The article discusses the consider in great detail.,প্রবন্ধটিতে বিবেচনা করা নিয়ে বিস্তারিত আলোচনা করা হয়েছে।,Medium (High-Frequency),IELTS Band 6-7,noun,Simple,Present Simple
Desirable,কাম্য,/dɪzˈaɪrʌbʌl/,Most experts consider this method quite desirable.,বেশিরভাগ বিশেষজ্ঞ এই পদ্ধতিটিকে বেশ কাম্য মনে করেন।,Hard (High-Frequency),IELTS Band 7-9,adjective,Simple,Present Simple
Distribution,বিতরণ,/dɪstrʌbjˈuʃʌn/,The distribution was clearly explained in the report.,প্রতিবেদনে বিতরণ বিষয়টি স্পষ্টভাবে ব্যাখ্যা করা হয়েছিল।,Hard (High-Frequency),IELTS Band 7-9,noun,Simple,Past Simple
Diversity,বৈচিত্র্য,/dɪvˈɜrsɪti/,Researchers have studied this diversity for many years.,গবেষকরা বহু বছর ধরে এই বৈচিত্র্য নিয়ে গবেষণা করেছেন।,Medium (High-Frequency),IELTS Band 6-7,noun,Simple,Present Perfect
Entrepreneur,উদ্যোক্তা,/ɑntrʌprʌnˈɜr/,"Although the entrepreneur seemed minor, it changed everything.","যদিও উদ্যোক্তা বিষয়টি সামান্য মনে হয়েছিল, এটি সবকিছু বদলে দিয়েছিল।",Hard (High-Frequency),IELTS Band 7-9,noun,Complex,Past Simple
Expansion,সম্প্রসারণ,/ɪkspˈænʃʌn/,Every student should understand the expansion before the exam.,পরীক্ষার আগে প্রতিটি শিক্ষার্থীর সম্প্রসারণ সম্পর্কে বোঝা উচিত।,Medium (High-Frequency),IELTS Band 6-7,noun,Simple,Present Simple
Extent,পরিমাণ,/ɪkstˈɛnt/,"Although it looked extent, the plan actually worked.","যদিও এটি পরিমাণ মনে হয়েছিল, পরিকল্পনাটি আসলে কাজ করেছিল।",Easy (High-Frequency),IELTS Band 5-6,adjective,Complex,Past Simple
Fascinating,চিত্তাকর্ষক,/fˈæsʌneɪtɪŋ/,"Because they fascinatinged early, the project succeeded.","যেহেতু তারা আগেই চিত্তাকর্ষক করেছিল, প্রকল্পটি সফল হয়েছিল।",Hard (High-Frequency),IELTS Band 7-9,verb,Complex,Past Simple
Improvement,উন্নতি,/ɪmprˈuvmʌnt/,The area has become increasingly improvement in recent years.,সাম্প্রতিক বছরগুলোতে এলাকাটি ক্রমশ উন্নতি হয়ে উঠেছে।,Hard (High-Frequency),IELTS Band 7-9,adjective,Simple,Present Perfect
Inevitable,অনিবার্য,/ɪnˈɛvʌtʌbʌl/,"Because the situation was so inevitable, everyone took notice.",পরিস্থিতিটি এতটাই অনিবার্য ছিল যে সবাই লক্ষ্য করেছিল।,Hard (High-Frequency),IELTS Band 7-9,adjective,Complex,Past Simple
Intention,উদ্দেশ্য,/ɪntˈɛntʃʌn/,The intention was clearly explained in the report.,প্রতিবেদনে উদ্দেশ্য বিষয়টি স্পষ্টভাবে ব্যাখ্যা করা হয়েছিল।,Medium (High-Frequency),IELTS Band 6-7,noun,Simple,Past Simple
Introductory,প্রাথমিক,/ɪntrʌdˈʌktɜri/,It is introductory to prepare well before the test.,পরীক্ষার আগে ভালোভাবে প্রস্তুতি নেওয়া প্রাথমিক।,Hard (High-Frequency),IELTS Band 7-9,adjective,Simple,Present Simple
Maintenance,রক্ষণাবেক্ষণ,/mˈeɪntʌnʌns/,"Although the maintenance seemed minor, it changed everything.","যদিও রক্ষণাবেক্ষণ বিষয়টি সামান্য মনে হয়েছিল, এটি সবকিছু বদলে দিয়েছিল।",Hard (High-Frequency),IELTS Band 7-9,noun,Complex,Past Simple
Particular,বিশেষ,/pɜrtˈɪkjʌlɜr/,Every student should understand the particular before the exam.,পরীক্ষার আগে প্রতিটি শিক্ষার্থীর বিশেষ সম্পর্কে বোঝা উচিত।,Hard (High-Frequency),IELTS Band 7-9,noun,Simple,Present Simple
Predict,ভবিষ্যদ্বাণী করা,/prɪdˈɪkt/,The predict will play a major role in the final decision.,চূড়ান্ত সিদ্ধান্তে ভবিষ্যদ্বাণী করা বড় ভূমিকা রাখবে।,Medium (High-Frequency),IELTS Band 6-7,noun,Simple,Future Simple
Range,পরিসর,/rˈeɪndʒ/,"Because of the range, the whole plan had to change.",পরিসর-এর কারণে পুরো পরিকল্পনা বদলাতে হয়েছিল।,Easy (High-Frequency),IELTS Band 5-6,noun,Complex,Past Simple
Reliable,নির্ভরযোগ্য,/rɪlˈaɪʌbʌl/,The result was extremely reliable.,ফলাফলটি অত্যন্ত নির্ভরযোগ্য ছিল।,Medium (High-Frequency),IELTS Band 6-7,adjective,Simple,Past Simple
Reputation,খ্যাতি,/rɛpjʌtˈeɪʃʌn/,Scientists are still examining the reputation closely.,বিজ্ঞানীরা এখনো খ্যাতি খুব কাছ থেকে পর্যবেক্ষণ করছেন।,Hard (High-Frequency),IELTS Band 7-9,noun,Simple,Present Continuous
Spectacular,চমৎকার,/spɛktˈækjʌlɜr/,The spectacular was clearly explained in the report.,প্রতিবেদনে চমৎকার বিষয়টি স্পষ্টভাবে ব্যাখ্যা করা হয়েছিল।,Hard (High-Frequency),IELTS Band 7-9,noun,Simple,Past Simple
Substance,পদার্থ,/sˈʌbstʌns/,Researchers have studied this substance for many years.,গবেষকরা বহু বছর ধরে এই পদার্থ নিয়ে গবেষণা করেছেন।,Medium (High-Frequency),IELTS Band 6-7,noun,Simple,Present Perfect
Substantial,যথেষ্ট,/sʌbstˈænʃʌl/,The area has become increasingly substantial in recent years.,সাম্প্রতিক বছরগুলোতে এলাকাটি ক্রমশ যথেষ্ট হয়ে উঠেছে।,Hard (High-Frequency),IELTS Band 7-9,adjective,Simple,Present Perfect
Temporary,অস্থায়ী,/tˈɛmpɜrɛri/,"Because the situation was so temporary, everyone took notice.",পরিস্থিতিটি এতটাই অস্থায়ী ছিল যে সবাই লক্ষ্য করেছিল।,Medium (High-Frequency),IELTS Band 6-7,adjective,Complex,Past Simple
Unpredictable,অনিশ্চিত,/ʌnprɪdˈɪktʌbʌl/,The result was extremely unpredictable.,ফলাফলটি অত্যন্ত অনিশ্চিত ছিল।,Hard (High-Frequency),IELTS Band 7-9,adjective,Simple,Past Simple
Absorb,শোষণ করা,/ʌbzˈɔrb/,"Because of the absorb, the whole plan had to change.",শোষণ করা-এর কারণে পুরো পরিকল্পনা বদলাতে হয়েছিল।,Easy,IELTS Band 5-6,noun,Complex,Past Simple
Abundant,প্রচুর,/ʌbˈʌndʌnt/,"Although it looked abundant, the plan actually worked.","যদিও এটি প্রচুর মনে হয়েছিল, পরিকল্পনাটি আসলে কাজ করেছিল।",Medium,IELTS Band 6-7,adjective,Complex,Past Simple
Accommodation,থাকার ব্যবস্থা,/ʌkɑmʌdˈeɪʃʌn/,Scientists are still examining the accommodation closely.,বিজ্ঞানীরা এখনো থাকার ব্যবস্থা খুব কাছ থেকে পর্যবেক্ষণ করছেন।,Hard,IELTS Band 7-9,noun,Simple,Present Continuous
Accurate,সঠিক,/ˈækjɜrʌt/,The team is accurating new ways to solve it.,দলটি এটি সমাধানের নতুন উপায় সঠিক করছে।,Hard,IELTS Band 7-9,verb,Simple,Present Continuous
Affected,প্রভাবিত,/ʌfˈɛktɪd/,"Next year, the company will affected this plan.",আগামী বছর কোম্পানিটি এই পরিকল্পনা প্রভাবিত করবে।,Medium,IELTS Band 6-7,verb,Simple,Future Simple
Ambition,উচ্চাকাজ্ফা,/æmbˈɪʃʌn/,"Although the ambition seemed minor, it changed everything.","যদিও উচ্চাকাজ্ফা বিষয়টি সামান্য মনে হয়েছিল, এটি সবকিছু বদলে দিয়েছিল।",Medium,IELTS Band 6-7,noun,Complex,Past Simple
Approach,পদ্ধতি,/ʌprˈoʊtʃ/,Every student should understand the approach before the exam.,পরীক্ষার আগে প্রতিটি শিক্ষার্থীর পদ্ধতি সম্পর্কে বোঝা উচিত।,Medium,IELTS Band 6-7,noun,Simple,Present Simple
Artificial,কৃত্রিম,/ɑrtʌfˈɪʃʌl/,"Although it looked artificial, the plan actually worked.","যদিও এটি কৃত্রিম মনে হয়েছিল, পরিকল্পনাটি আসলে কাজ করেছিল।",Hard,IELTS Band 7-9,adjective,Complex,Past Simple
Assumption,ধারণা,/ʌsˈʌmpʃʌn/,"Because of the assumption, the whole plan had to change.",ধারণা-এর কারণে পুরো পরিকল্পনা বদলাতে হয়েছিল।,Hard,IELTS Band 7-9,noun,Complex,Past Simple
Beneath,নিচে,/bɪnˈiθ/,The article discusses the beneath in great detail.,প্রবন্ধটিতে নিচে নিয়ে বিস্তারিত আলোচনা করা হয়েছে।,Medium,IELTS Band 6-7,noun,Simple,Present Simple
Breed,প্রজনন করা,/brˈid/,The team is breeding new ways to solve it.,দলটি এটি সমাধানের নতুন উপায় প্রজনন করছে।,Easy,IELTS Band 5-6,verb,Simple,Present Continuous
Compelling,বাধ্যকারী,/kʌmpˈɛlɪŋ/,"Next year, the company will compelling this plan.",আগামী বছর কোম্পানিটি এই পরিকল্পনা বাধ্যকারী করবে।,Hard,IELTS Band 7-9,verb,Simple,Future Simple
Comprehensive,ব্যাপক,/kɑmprihˈɛnsɪv/,It is comprehensive to prepare well before the test.,পরীক্ষার আগে ভালোভাবে প্রস্তুতি নেওয়া ব্যাপক।,Hard,IELTS Band 7-9,adjective,Simple,Present Simple
Concentration,একাগ্রতা,/kɑnsʌntrˈeɪʃʌn/,"Although the concentration seemed minor, it changed everything.","যদিও একাগ্রতা বিষয়টি সামান্য মনে হয়েছিল, এটি সবকিছু বদলে দিয়েছিল।",Hard,IELTS Band 7-9,noun,Complex,Past Simple
Concern,উদ্বেগ,/kʌnsˈɜrn/,Every student should understand the concern before the exam.,পরীক্ষার আগে প্রতিটি শিক্ষার্থীর উদ্বেগ সম্পর্কে বোঝা উচিত।,Medium,IELTS Band 6-7,noun,Simple,Present Simple
Conducted,পরিচালিত,/kʌndˈʌktʌd/,Experts have conducteded this issue for decades.,বিশেষজ্ঞরা কয়েক দশক ধরে এই বিষয়টি পরিচালিত করে আসছেন।,Medium,IELTS Band 6-7,verb,Simple,Present Perfect
Conflict,সংঘাত,/kˈɑnflɪkt/,"Because of the conflict, the whole plan had to change.",সংঘাত-এর কারণে পুরো পরিকল্পনা বদলাতে হয়েছিল।,Medium,IELTS Band 6-7,noun,Complex,Past Simple
Consequence,ফলাফল,/kˈɑnsʌkwʌns/,The article discusses the consequence in great detail.,প্রবন্ধটিতে ফলাফল নিয়ে বিস্তারিত আলোচনা করা হয়েছে।,Hard,IELTS Band 7-9,noun,Simple,Present Simple
Consistent,সামঞজস্যপূর্ণ,/kʌnsˈɪstʌnt/,It is consistent to prepare well before the test.,পরীক্ষার আগে ভালোভাবে প্রস্তুতি নেওয়া সামঞজস্যপূর্ণ।,Hard,IELTS Band 7-9,adjective,Simple,Present Simple
Consumption,ব্যবহার,/kʌnsˈʌmpʃʌn/,The consumption was clearly explained in the report.,প্রতিবেদনে ব্যবহার বিষয়টি স্পষ্টভাবে ব্যাখ্যা করা হয়েছিল।,Hard,IELTS Band 7-9,noun,Simple,Past Simple
Depict,চিত্রিত করা,/dɪpˈɪkt/,Researchers have studied this depict for many years.,গবেষকরা বহু বছর ধরে এই চিত্রিত করা নিয়ে গবেষণা করেছেন।,Easy,IELTS Band 5-6,noun,Simple,Present Perfect
Destruction,ধ্বংস,/dɪstrˈʌkʃʌn/,"Although the destruction seemed minor, it changed everything.","যদিও ধ্বংস বিষয়টি সামান্য মনে হয়েছিল, এটি সবকিছু বদলে দিয়েছিল।",Hard,IELTS Band 7-9,noun,Complex,Past Simple
Effective,কার্যকর,/ɪfˈɛktɪv/,"Because the situation was so effective, everyone took notice.",পরিস্থিতিটি এতটাই কার্যকর ছিল যে সবাই লক্ষ্য করেছিল।,Hard,IELTS Band 7-9,adjective,Complex,Past Simple
Ensure,নিশ্চিত করা,/ɛnʃˈʊr/,"If we act now, we can ensure this matter.",এখন পদক্ষেপ নিলে আমরা বিষয়টি নিশ্চিত করতে পারবো।,Medium,IELTS Band 6-7,verb,Complex,Present Simple
Entitled,অধিকারী,/ɛntˈaɪtʌld/,The team is entitleding new ways to solve it.,দলটি এটি সমাধানের নতুন উপায় অধিকারী করছে।,Medium,IELTS Band 6-7,verb,Simple,Present Continuous
Equipment,সরঞ্জাম,/ɪkwˈɪpmʌnt/,"Although it looked equipment, the plan actually worked.","যদিও এটি সরঞ্জাম মনে হয়েছিল, পরিকল্পনাটি আসলে কাজ করেছিল।",Medium,IELTS Band 6-7,adjective,Complex,Past Simple
Equivalent,সমতুল্য,/ɪkwˈɪvʌlʌnt/,Most experts consider this method quite equivalent.,বেশিরভাগ বিশেষজ্ঞ এই পদ্ধতিটিকে বেশ সমতুল্য মনে করেন।,Hard,IELTS Band 7-9,adjective,Simple,Present Simple
Estimate,অনুমান,/ˈɛstʌmʌt/,They estimate this issue every single day.,তারা প্রতিদিন এই বিষয়টি অনুমান করে।,Hard,IELTS Band 7-9,verb,Simple,Present Simple
Exception,ব্যতিক্রম,/ɪksˈɛpʃʌn/,Researchers have studied this exception for many years.,গবেষকরা বহু বছর ধরে এই ব্যতিক্রম নিয়ে গবেষণা করেছেন।,Medium,IELTS Band 6-7,noun,Simple,Present Perfect
Exotic,বহিরাগত,/ɪgzˈɑtɪk/,The result was extremely exotic.,ফলাফলটি অত্যন্ত বহিরাগত ছিল।,Medium,IELTS Band 6-7,adjective,Simple,Past Simple
Expected,প্রত্যাশিত,/ɪkspˈɛktʌd/,"If we act now, we can expected this matter.",এখন পদক্ষেপ নিলে আমরা বিষয়টি প্রত্যাশিত করতে পারবো।,Medium,IELTS Band 6-7,verb,Complex,Present Simple
Expedition,অভিযান,/ɛkspʌdˈɪʃʌn/,The expedition will play a major role in the final decision.,চূড়ান্ত সিদ্ধান্তে অভিযান বড় ভূমিকা রাখবে।,Hard,IELTS Band 7-9,noun,Simple,Future Simple
Expert,বিশেষজ্ঞ,/ˈɛkspɜrt/,"Because of the expert, the whole plan had to change.",বিশেষজ্ঞ-এর কারণে পুরো পরিকল্পনা বদলাতে হয়েছিল।,Easy,IELTS Band 5-6,noun,Complex,Past Simple
Exploration,অন্বেষণ,/ɛksplɜrˈeɪʃʌn/,The article discusses the exploration in great detail.,প্রবন্ধটিতে অন্বেষণ নিয়ে বিস্তারিত আলোচনা করা হয়েছে।,Hard,IELTS Band 7-9,noun,Simple,Present Simple
Extinction,বিলুপ্তি,/ɪkstˈɪŋkʃʌn/,Scientists are still examining the extinction closely.,বিজ্ঞানীরা এখনো বিলুপ্তি খুব কাছ থেকে পর্যবেক্ষণ করছেন।,Hard,IELTS Band 7-9,noun,Simple,Present Continuous
Extraordinary,অসাধারণ,/ɛkstrʌˈɔrdʌnɛri/,The result was extremely extraordinary.,ফলাফলটি অত্যন্ত অসাধারণ ছিল।,Hard,IELTS Band 7-9,adjective,Simple,Past Simple
Extremely,অত্যন্ত,/ɛkstrˈimli/,The plan was extremely rejected by the committee.,পরিকল্পনাটি কমিটি অত্যন্ত প্রত্যাখ্যান করেছিল।,Medium,IELTS Band 6-7,adverb,Simple,Past Simple
Factual,বাস্তব,/fˈæktʃuʌl/,"Although it looked factual, the plan actually worked.","যদিও এটি বাস্তব মনে হয়েছিল, পরিকল্পনাটি আসলে কাজ করেছিল।",Medium,IELTS Band 6-7,adjective,Complex,Past Simple
Hypothesis,অনুমান,/haɪpˈɑθʌsʌs/,Every student should understand the hypothesis before the exam.,পরীক্ষার আগে প্রতিটি শিক্ষার্থীর অনুমান সম্পর্কে বোঝা উচিত।,Hard,IELTS Band 7-9,noun,Simple,Present Simple
Imminent,আসন,/ˈɪmʌnʌnt/,The area has become increasingly imminent in recent years.,সাম্প্রতিক বছরগুলোতে এলাকাটি ক্রমশ আসন হয়ে উঠেছে।,Medium,IELTS Band 6-7,adjective,Simple,Present Perfect
Incredible,অবিশ্বাস্য,/ɪnkrˈɛdʌbʌl/,"Because the situation was so incredible, everyone took notice.",পরিস্থিতিটি এতটাই অবিশ্বাস্য ছিল যে সবাই লক্ষ্য করেছিল।,Hard,IELTS Band 7-9,adjective,Complex,Past Simple
Indicate,দেখানো,/ˈɪndʌkeɪt/,They indicate this issue every single day.,তারা প্রতিদিন এই বিষয়টি দেখানো করে।,Hard,IELTS Band 7-9,verb,Simple,Present Simple
Influence,প্রভাব,/ˈɪnfluʌns/,Scientists are still examining the influence closely.,বিজ্ঞানীরা এখনো প্রভাব খুব কাছ থেকে পর্যবেক্ষণ করছেন।,Medium,IELTS Band 6-7,noun,Simple,Present Continuous
Initiative,উদ্যোগ,/ɪnˈɪʃʌtɪv/,"Although it looked initiative, the plan actually worked.","যদিও এটি উদ্যোগ মনে হয়েছিল, পরিকল্পনাটি আসলে কাজ করেছিল।",Hard,IELTS Band 7-9,adjective,Complex,Past Simple
Intended,উদ্দেশ্য,/ɪntˈɛndɪd/,"If we act now, we can intended this matter.",এখন পদক্ষেপ নিলে আমরা বিষয়টি উদ্দেশ্য করতে পারবো।,Medium,IELTS Band 6-7,verb,Complex,Present Simple
Invaluable,অমূল্য,/ɪnvˈæljʌbʌl/,The area has become increasingly invaluable in recent years.,সাম্প্রতিক বছরগুলোতে এলাকাটি ক্রমশ অমূল্য হয়ে উঠেছে।,Hard,IELTS Band 7-9,adjective,Simple,Present Perfect
Magnificent,মহিমান্বিত,/mægnˈɪfʌsʌnt/,"Because the situation was so magnificent, everyone took notice.",পরিস্থিতিটি এতটাই মহিমান্বিত ছিল যে সবাই লক্ষ্য করেছিল।,Hard,IELTS Band 7-9,adjective,Complex,Past Simple
Manufacturer,প্রস্তুতকারক,/mænjʌfˈæktʃɜrɜr/,The manufacturer will play a major role in the final decision.,চূড়ান্ত সিদ্ধান্তে প্রস্তুতকারক বড় ভূমিকা রাখবে।,Hard,IELTS Band 7-9,noun,Simple,Future Simple
Marine,সামুদ্রিক,/mɜrˈin/,"Because of the marine, the whole plan had to change.",সামুদ্রিক-এর কারণে পুরো পরিকল্পনা বদলাতে হয়েছিল।,Medium,IELTS Band 6-7,noun,Complex,Past Simple
Medication,ওষুধ,/mɛdʌkˈeɪʃʌn/,The article discusses the medication in great detail.,প্রবন্ধটিতে ওষুধ নিয়ে বিস্তারিত আলোচনা করা হয়েছে।,Hard,IELTS Band 7-9,noun,Simple,Present Simple
Merely,কেবলমাত্র,/mˈɪrli/,"Because she worked merely, she finished on time.",সে কেবলমাত্র কাজ করেছিল বলে সময়মতো শেষ করতে পেরেছিল।,Easy,IELTS Band 5-6,adverb,Complex,Past Simple
Natural,প্রাকৃতিক,/nˈætʃɜrʌl/,The area has become increasingly natural in recent years.,সাম্প্রতিক বছরগুলোতে এলাকাটি ক্রমশ প্রাকৃতিক হয়ে উঠেছে।,Medium,IELTS Band 6-7,adjective,Simple,Present Perfect
Negotiate,আলোচনা করা,/nʌgˈoʊʃieɪt/,The team is negotiating new ways to solve it.,দলটি এটি সমাধানের নতুন উপায় আলোচনা করছে।,Hard,IELTS Band 7-9,verb,Simple,Present Continuous
Opportunity,সুযোগ,/ɑpɜrtˈunʌti/,"Although the opportunity seemed minor, it changed everything.","যদিও সুযোগ বিষয়টি সামান্য মনে হয়েছিল, এটি সবকিছু বদলে দিয়েছিল।",Hard,IELTS Band 7-9,noun,Complex,Past Simple
Perception,উপলব্ধি,/pɜrsˈɛpʃʌn/,Every student should understand the perception before the exam.,পরীক্ষার আগে প্রতিটি শিক্ষার্থীর উপলব্ধি সম্পর্কে বোঝা উচিত।,Hard,IELTS Band 7-9,noun,Simple,Present Simple
Plausible,বিশ্বাসযোগ্য,/plˈɔzʌbʌl/,"Although it looked plausible, the plan actually worked.","যদিও এটি বিশ্বাসযোগ্য মনে হয়েছিল, পরিকল্পনাটি আসলে কাজ করেছিল।",Medium,IELTS Band 6-7,adjective,Complex,Past Simple
Possibility,সম্ভাবনা,/pɑsʌbˈɪlʌti/,"Because of the possibility, the whole plan had to change.",সম্ভাবনা-এর কারণে পুরো পরিকল্পনা বদলাতে হয়েছিল।,Hard,IELTS Band 7-9,noun,Complex,Past Simple
Predominantly,প্রধানত,/prɪdˈɑmʌnʌntli/,He predominantly explains difficult topics in class.,সে ক্লাসে কঠিন বিষয়গুলো প্রধানত ব্যাখ্যা করে।,Hard,IELTS Band 7-9,adverb,Simple,Present Simple
Reception,অভ্যর্থনা,/rɪsˈɛpʃʌn/,Scientists are still examining the reception closely.,বিজ্ঞানীরা এখনো অভ্যর্থনা খুব কাছ থেকে পর্যবেক্ষণ করছেন।,Medium,IELTS Band 6-7,noun,Simple,Present Continuous
Retention,ধারণ,/ritˈɛnʃʌn/,The retention was clearly explained in the report.,প্রতিবেদনে ধারণ বিষয়টি স্পষ্টভাবে ব্যাখ্যা করা হয়েছিল।,Medium,IELTS Band 6-7,noun,Simple,Past Simple
Risk,ঝুঁকি,/rˈɪsk/,Researchers have studied this risk for many years.,গবেষকরা বহু বছর ধরে এই ঝুঁকি নিয়ে গবেষণা করেছেন।,Easy,IELTS Band 5-6,noun,Simple,Present Perfect
Scheme,পরিকল্পনা,/skˈim/,"Although the scheme seemed minor, it changed everything.","যদিও পরিকল্পনা বিষয়টি সামান্য মনে হয়েছিল, এটি সবকিছু বদলে দিয়েছিল।",Easy,IELTS Band 5-6,noun,Complex,Past Simple
Slightly,সামান্য,/slˈaɪtli/,"Because she worked slightly, she finished on time.",সে সামান্য কাজ করেছিল বলে সময়মতো শেষ করতে পেরেছিল।,Medium,IELTS Band 6-7,adverb,Complex,Past Simple
Spectator,দর্শক,/spˈɛkteɪtɜr/,The spectator will play a major role in the final decision.,চূড়ান্ত সিদ্ধান্তে দর্শক বড় ভূমিকা রাখবে।,Medium,IELTS Band 6-7,noun,Simple,Future Simple
Supplement,সম্পূরক,/sˈʌplʌmʌnt/,"Because the situation was so supplement, everyone took notice.",পরিস্থিতিটি এতটাই সম্পূরক ছিল যে সবাই লক্ষ্য করেছিল।,Hard,IELTS Band 7-9,adjective,Complex,Past Simple
Uncertain,অনিশ্চিত,/ʌnsˈɜrtʌn/,The article discusses the uncertain in great detail.,প্রবন্ধটিতে অনিশ্চিত নিয়ে বিস্তারিত আলোচনা করা হয়েছে।,Medium,IELTS Band 6-7,noun,Simple,Present Simple
Uneven,অসম,/ʌnˈivʌn/,The team is unevening new ways to solve it.,দলটি এটি সমাধানের নতুন উপায় অসম করছে।,Medium,IELTS Band 6-7,verb,Simple,Present Continuous
Universal,সার্বজনীন,/junʌvˈɜrsʌl/,"Although it looked universal, the plan actually worked.","যদিও এটি সার্বজনীন মনে হয়েছিল, পরিকল্পনাটি আসলে কাজ করেছিল।",Hard,IELTS Band 7-9,adjective,Complex,Past Simple
Urban,শহুরে,/ˈɜrbʌn/,Researchers have studied this urban for many years.,গবেষকরা বহু বছর ধরে এই শহুরে নিয়ে গবেষণা করেছেন।,Easy,IELTS Band 5-6,noun,Simple,Present Perfect
Abundance,প্রাচুর্য,/ʌbˈʌndʌns/,"Although the abundance seemed minor, it changed everything.","যদিও প্রাচুর্য বিষয়টি সামান্য মনে হয়েছিল, এটি সবকিছু বদলে দিয়েছিল।",Hard,IELTS Band 7-9,noun,Complex,Past Simple
Acceptable,গ্রহণযোগ্য,/æksˈɛptʌbʌl/,"Because the situation was so acceptable, everyone took notice.",পরিস্থিতিটি এতটাই গ্রহণযোগ্য ছিল যে সবাই লক্ষ্য করেছিল।,Hard,IELTS Band 7-9,adjective,Complex,Past Simple
Access,প্রবেশ,/ˈæksɛs/,The access will play a major role in the final decision.,চূড়ান্ত সিদ্ধান্তে প্রবেশ বড় ভূমিকা রাখবে।,Easy,IELTS Band 5-6,noun,Simple,Future Simple
Accompanied,সঙ্গী,/ʌkˈʌmpʌnid/,"If we act now, we can accompanied this matter.",এখন পদক্ষেপ নিলে আমরা বিষয়টি সঙ্গী করতে পারবো।,Hard,IELTS Band 7-9,verb,Complex,Present Simple
Accomplish,সাধন করা,/ʌkˈɑmplɪʃ/,"Although it looked accomplish, the plan actually worked.","যদিও এটি সাধন করা মনে হয়েছিল, পরিকল্পনাটি আসলে কাজ করেছিল।",Hard,IELTS Band 7-9,adjective,Complex,Past Simple
Activities,কার্যক্রম,/æktˈɪvʌtiz/,Scientists are still examining the activities closely.,বিজ্ঞানীরা এখনো কার্যক্রম খুব কাছ থেকে পর্যবেক্ষণ করছেন।,Hard,IELTS Band 7-9,noun,Simple,Present Continuous
Adaptable,অভিযোজ্য,/ʌdˈæptʌbʌl/,The area has become increasingly adaptable in recent years.,সাম্প্রতিক বছরগুলোতে এলাকাটি ক্রমশ অভিযোজ্য হয়ে উঠেছে।,Hard,IELTS Band 7-9,adjective,Simple,Present Perfect
Addition,সংযোজন,/ʌdˈɪʃʌn/,Researchers have studied this addition for many years.,গবেষকরা বহু বছর ধরে এই সংযোজন নিয়ে গবেষণা করেছেন।,Medium,IELTS Band 6-7,noun,Simple,Present Perfect
Adequate,পর্যাপ্ত,/ˈædʌkwʌt/,She adequated the problem before anyone noticed.,কেউ লক্ষ্য করার আগেই সে সমস্যাটি পর্যাপ্ত করেছিল।,Hard,IELTS Band 7-9,verb,Simple,Past Simple
Advisable,পরামর্শযোগ্য,/ʌdvˈaɪzʌbʌl/,It is advisable to prepare well before the test.,পরীক্ষার আগে ভালোভাবে প্রস্তুতি নেওয়া পরামর্শযোগ্য।,Hard,IELTS Band 7-9,adjective,Simple,Present Simple
Ailment,অসুস্থ,/ˈeɪlmʌnt/,"Although it looked ailment, the plan actually worked.","যদিও এটি অসুস্থ মনে হয়েছিল, পরিকল্পনাটি আসলে কাজ করেছিল।",Medium,IELTS Band 6-7,adjective,Complex,Past Simple
Apprenticeship,শিক্ষানবিসি,/ʌprˈɛntʌsʃɪp/,"Because of the apprenticeship, the whole plan had to change.",শিক্ষানবিসি-এর কারণে পুরো পরিকল্পনা বদলাতে হয়েছিল।,Hard,IELTS Band 7-9,noun,Complex,Past Simple
Ascent,আরোহণ,/ʌsˈɛnt/,The area has become increasingly ascent in recent years.,সাম্প্রতিক বছরগুলোতে এলাকাটি ক্রমশ আরোহণ হয়ে উঠেছে।,Easy,IELTS Band 5-6,adjective,Simple,Present Perfect
Assist,সহায়তা করা,/ʌsˈɪst/,Scientists are still examining the assist closely.,বিজ্ঞানীরা এখনো সহায়তা করা খুব কাছ থেকে পর্যবেক্ষণ করছেন।,Easy,IELTS Band 5-6,noun,Simple,Present Continuous
Attention,মনোযোগ,/ʌtˈɛnʃʌn/,The attention was clearly explained in the report.,প্রতিবেদনে মনোযোগ বিষয়টি স্পষ্টভাবে ব্যাখ্যা করা হয়েছিল।,Medium,IELTS Band 6-7,noun,Simple,Past Simple
Authentic,প্রামাণিক,/ʌθˈɛntɪk/,It is authentic to prepare well before the test.,পরীক্ষার আগে ভালোভাবে প্রস্তুতি নেওয়া প্রামাণিক।,Medium,IELTS Band 6-7,adjective,Simple,Present Simple
Aware,সচেতন,/ʌwˈɛr/,"Although the aware seemed minor, it changed everything.","যদিও সচেতন বিষয়টি সামান্য মনে হয়েছিল, এটি সবকিছু বদলে দিয়েছিল।",Medium,IELTS Band 6-7,noun,Complex,Past Simple
Basis,ভিত্তি,/bˈeɪsʌs/,Every student should understand the basis before the exam.,পরীক্ষার আগে প্রতিটি শিক্ষার্থীর ভিত্তি সম্পর্কে বোঝা উচিত।,Easy,IELTS Band 5-6,noun,Simple,Present Simple
Boost,উন্নতিসাধন,/bˈust/,The boost will play a major role in the final decision.,চূড়ান্ত সিদ্ধান্তে উন্নতিসাধন বড় ভূমিকা রাখবে।,Easy,IELTS Band 5-6,noun,Simple,Future Simple
Breach,লজ্ঘন,/brˈitʃ/,"Because of the breach, the whole plan had to change.",লজ্ঘন-এর কারণে পুরো পরিকল্পনা বদলাতে হয়েছিল।,Easy,IELTS Band 5-6,noun,Complex,Past Simple
Briefly,সংক্ষেপে,/brˈifli/,He briefly explains difficult topics in class.,সে ক্লাসে কঠিন বিষয়গুলো সংক্ষেপে ব্যাখ্যা করে।,Medium,IELTS Band 6-7,adverb,Simple,Present Simple
Carving,মূর্তি,/kˈɑrvɪŋ/,They carving this issue every single day.,তারা প্রতিদিন এই বিষয়টি মূর্তি করে।,Medium,IELTS Band 6-7,verb,Simple,Present Simple
Catastrophe,বিপর্যয়,/kʌtˈæstrʌfi/,The catastrophe was clearly explained in the report.,প্রতিবেদনে বিপর্যয় বিষয়টি স্পষ্টভাবে ব্যাখ্যা করা হয়েছিল।,Hard,IELTS Band 7-9,noun,Simple,Past Simple
Clue,ইঙ্গিত,/klˈu/,Researchers have studied this clue for many years.,গবেষকরা বহু বছর ধরে এই ইঙ্গিত নিয়ে গবেষণা করেছেন।,Easy,IELTS Band 5-6,noun,Simple,Present Perfect
Collaboration,সহযোগিতা,/kʌlæbɜrˈeɪʃʌn/,"Although the collaboration seemed minor, it changed everything.","যদিও সহযোগিতা বিষয়টি সামান্য মনে হয়েছিল, এটি সবকিছু বদলে দিয়েছিল।",Hard,IELTS Band 7-9,noun,Complex,Past Simple
Combination,সংমিশ্রণ,/kɑmbʌnˈeɪʃʌn/,Every student should understand the combination before the exam.,পরীক্ষার আগে প্রতিটি শিক্ষার্থীর সংমিশ্রণ সম্পর্কে বোঝা উচিত।,Hard,IELTS Band 7-9,noun,Simple,Present Simple
Companion,সঙ্গী,/kʌmpˈænjʌn/,The companion will play a major role in the final decision.,চূড়ান্ত সিদ্ধান্তে সঙ্গী বড় ভূমিকা রাখবে।,Medium,IELTS Band 6-7,noun,Simple,Future Simple
Compare,তুলনা করা,/kʌmpˈɛr/,"Because of the compare, the whole plan had to change.",তুলনা করা-এর কারণে পুরো পরিকল্পনা বদলাতে হয়েছিল।,Medium,IELTS Band 6-7,noun,Complex,Past Simple
Compatible,সামঞ্জস্যপূর্ণ,/kʌmpˈætʌbʌl/,"Although it looked compatible, the plan actually worked.","যদিও এটি সামঞ্জস্যপূর্ণ মনে হয়েছিল, পরিকল্পনাটি আসলে কাজ করেছিল।",Hard,IELTS Band 7-9,adjective,Complex,Past Simple
Compensation,ক্ষতিপূরণ,/kɑmpʌnsˈeɪʃʌn/,Scientists are still examining the compensation closely.,বিজ্ঞানীরা এখনো ক্ষতিপূরণ খুব কাছ থেকে পর্যবেক্ষণ করছেন।,Hard,IELTS Band 7-9,noun,Simple,Present Continuous
Confident,আত্মবিশ্বাসী,/kˈɑnfʌdʌnt/,The area has become increasingly confident in recent years.,সাম্প্রতিক বছরগুলোতে এলাকাটি ক্রমশ আত্মবিশ্বাসী হয়ে উঠেছে।,Medium,IELTS Band 6-7,adjective,Simple,Present Perfect
Congestion,যানজট,/kʌndʒˈɛstʃʌn/,Researchers have studied this congestion for many years.,গবেষকরা বহু বছর ধরে এই যানজট নিয়ে গবেষণা করেছেন।,Hard,IELTS Band 7-9,noun,Simple,Present Perfect
Conscious,সচেতন,/kˈɑnʃʌs/,The result was extremely conscious.,ফলাফলটি অত্যন্ত সচেতন ছিল।,Medium,IELTS Band 6-7,adjective,Simple,Past Simple
Conservatory,সংরক্ষণাগার,/kʌnsˈɜrvʌtɔri/,It is conservatory to prepare well before the test.,পরীক্ষার আগে ভালোভাবে প্রস্তুতি নেওয়া সংরক্ষণাগার।,Hard,IELTS Band 7-9,adjective,Simple,Present Simple
Conserve,সংরক্ষণ করা,/kʌnsˈɜrv/,The conserve will play a major role in the final decision.,চূড়ান্ত সিদ্ধান্তে সংরক্ষণ করা বড় ভূমিকা রাখবে।,Medium,IELTS Band 6-7,noun,Simple,Future Simple
Constructed,নির্মিত,/kʌnstrˈʌktʌd/,They constructed this issue every single day.,তারা প্রতিদিন এই বিষয়টি নির্মিত করে।,Hard,IELTS Band 7-9,verb,Simple,Present Simple
Contemporary,সমসাময়িক,/kʌntˈɛmpɜrɛri/,The area has become increasingly contemporary in recent years.,সাম্প্রতিক বছরগুলোতে এলাকাটি ক্রমশ সমসাময়িক হয়ে উঠেছে।,Hard,IELTS Band 7-9,adjective,Simple,Present Perfect
Contribution,অবদান,/kɑntrʌbjˈuʃʌn/,Scientists are still examining the contribution closely.,বিজ্ঞানীরা এখনো অবদান খুব কাছ থেকে পর্যবেক্ষণ করছেন।,Hard,IELTS Band 7-9,noun,Simple,Present Continuous
Controversial,বিতর্কিত,/kɑntrʌvˈɜrʃʌl/,The result was extremely controversial.,ফলাফলটি অত্যন্ত বিতর্কিত ছিল।,Hard,IELTS Band 7-9,adjective,Simple,Past Simple
Coordination,সমন্বয়,/koʊɔrdʌnˈeɪʃʌn/,Researchers have studied this coordination for many years.,গবেষকরা বহু বছর ধরে এই সমন্বয় নিয়ে গবেষণা করেছেন।,Hard,IELTS Band 7-9,noun,Simple,Present Perfect
Counterpart,প্রতিপক্ষ,/kˈaʊntɜrpɑrt/,"Although the counterpart seemed minor, it changed everything.","যদিও প্রতিপক্ষ বিষয়টি সামান্য মনে হয়েছিল, এটি সবকিছু বদলে দিয়েছিল।",Hard,IELTS Band 7-9,noun,Complex,Past Simple
Craft,দক্ষতা,/krˈæft/,Every student should understand the craft before the exam.,পরীক্ষার আগে প্রতিটি শিক্ষার্থীর দক্ষতা সম্পর্কে বোঝা উচিত।,Easy,IELTS Band 5-6,noun,Simple,Present Simple
Criteria,মানদণ্ড,/kraɪtˈɪriʌ/,The criteria will play a major role in the final decision.,চূড়ান্ত সিদ্ধান্তে মানদণ্ড বড় ভূমিকা রাখবে।,Medium,IELTS Band 6-7,noun,Simple,Future Simple
Damage,ক্ষতি,/dˈæmʌdʒ/,"Because of the damage, the whole plan had to change.",ক্ষতি-এর কারণে পুরো পরিকল্পনা বদলাতে হয়েছিল।,Medium,IELTS Band 6-7,noun,Complex,Past Simple
Definitely,নিশ্চিতভাবে,/dˈɛfʌnʌtli/,He definitely explains difficult topics in class.,সে ক্লাসে কঠিন বিষয়গুলো নিশ্চিতভাবে ব্যাখ্যা করে।,Hard,IELTS Band 7-9,adverb,Simple,Present Simple
Deliberate,ইচ্ছাকৃত,/dɪlˈɪbɜrʌt/,"If we act now, we can deliberate this matter.",এখন পদক্ষেপ নিলে আমরা বিষয়টি ইচ্ছাকৃত করতে পারবো।,Hard,IELTS Band 7-9,verb,Complex,Present Simple
Deliberately,ইচ্ছাকৃতভাবে,/dɪlˈɪbɜrʌtli/,She answered the question deliberately.,সে ইচ্ছাকৃতভাবে প্রশ্নের উত্তর দিয়েছিল।,Hard,IELTS Band 7-9,adverb,Simple,Past Simple
Depiction,চিত্রণ,/dɪpˈɪkʃʌn/,Researchers have studied this depiction for many years.,গবেষকরা বহু বছর ধরে এই চিত্রণ নিয়ে গবেষণা করেছেন।,Medium,IELTS Band 6-7,noun,Simple,Present Perfect
Depleted,কমানো,/dɪplˈitɪd/,"Because they depleteded early, the project succeeded.","যেহেতু তারা আগেই কমানো করেছিল, প্রকল্পটি সফল হয়েছিল।",Medium,IELTS Band 6-7,verb,Complex,Past Simple
Deposit,আমানত,/dʌpˈɑzɪt/,Every student should understand the deposit before the exam.,পরীক্ষার আগে প্রতিটি শিক্ষার্থীর আমানত সম্পর্কে বোঝা উচিত।,Medium,IELTS Band 6-7,noun,Simple,Present Simple
Desire,ইচ্ছা,/dɪzˈaɪɜr/,The desire will play a major role in the final decision.,চূড়ান্ত সিদ্ধান্তে ইচ্ছা বড় ভূমিকা রাখবে।,Medium,IELTS Band 6-7,noun,Simple,Future Simple
Destructive,ধ্বংসাত্মক,/dɪstrˈʌktɪv/,It is destructive to prepare well before the test.,পরীক্ষার আগে ভালোভাবে প্রস্তুতি নেওয়া ধ্বংসাত্মক।,Hard,IELTS Band 7-9,adjective,Simple,Present Simple
Determination,দৃঢ়তা,/dɪtɜrmʌnˈeɪʃʌn/,The article discusses the determination in great detail.,প্রবন্ধটিতে দৃঢ়তা নিয়ে বিস্তারিত আলোচনা করা হয়েছে।,Hard,IELTS Band 7-9,noun,Simple,Present Simple
Determine,নির্ধারণ করা,/dʌtˈɜrmʌn/,Scientists are still examining the determine closely.,বিজ্ঞানীরা এখনো নির্ধারণ করা খুব কাছ থেকে পর্যবেক্ষণ করছেন।,Hard,IELTS Band 7-9,noun,Simple,Present Continuous
Detrimental,ক্ষতিকারক,/dɛtrʌmˈɛntʌl/,The area has become increasingly detrimental in recent years.,সাম্প্রতিক বছরগুলোতে এলাকাটি ক্রমশ ক্ষতিকারক হয়ে উঠেছে।,Hard,IELTS Band 7-9,adjective,Simple,Present Perfect
Develop,উন্নতি করা,/dɪvˈɛlʌp/,Researchers have studied this develop for many years.,গবেষকরা বহু বছর ধরে এই উন্নতি করা নিয়ে গবেষণা করেছেন।,Medium,IELTS Band 6-7,noun,Simple,Present Perfect
Devoted,নিবেদিত,/dɪvˈoʊtɪd/,They devoted this issue every single day.,তারা প্রতিদিন এই বিষয়টি নিবেদিত করে।,Medium,IELTS Band 6-7,verb,Simple,Present Simple
Dissertation,গবেষণাপত্র,/dɪsɜrtˈeɪʃʌn/,Every student should understand the dissertation before the exam.,পরীক্ষার আগে প্রতিটি শিক্ষার্থীর গবেষণাপত্র সম্পর্কে বোঝা উচিত।,Hard,IELTS Band 7-9,noun,Simple,Present Simple
Distinct,স্বতন্ত্র,/dɪstˈɪŋkt/,The distinct will play a major role in the final decision.,চূড়ান্ত সিদ্ধান্তে স্বতন্ত্র বড় ভূমিকা রাখবে।,Medium,IELTS Band 6-7,noun,Simple,Future Simple
Dominance,আধিপত্য,/dˈɑmʌnʌns/,"Because of the dominance, the whole plan had to change.",আধিপত্য-এর কারণে পুরো পরিকল্পনা বদলাতে হয়েছিল।,Hard,IELTS Band 7-9,noun,Complex,Past Simple
Drawback,অসুবিধা,/drˈɔbæk/,The article discusses the drawback in great detail.,প্রবন্ধটিতে অসুবিধা নিয়ে বিস্তারিত আলোচনা করা হয়েছে।,Medium,IELTS Band 6-7,noun,Simple,Present Simple
Efficient,দক্ষ,/ɪfˈɪʃʌnt/,"Because the situation was so efficient, everyone took notice.",পরিস্থিতিটি এতটাই দক্ষ ছিল যে সবাই লক্ষ্য করেছিল।,Medium,IELTS Band 6-7,adjective,Complex,Past Simple
Emerge,উদ্ভাসিত হওয়া,/ɪmˈɜrdʒ/,The emerge was clearly explained in the report.,প্রতিবেদনে উদ্ভাসিত হওয়া বিষয়টি স্পষ্টভাবে ব্যাখ্যা করা হয়েছিল।,Medium,IELTS Band 6-7,noun,Simple,Past Simple
Enforcement,প্রয়োগ,/ɛnfˈɔrsmʌnt/,It is enforcement to prepare well before the test.,পরীক্ষার আগে ভালোভাবে প্রস্তুতি নেওয়া প্রয়োগ।,Hard,IELTS Band 7-9,adjective,Simple,Present Simple
Enormous,বিশাল,/ɪnˈɔrmʌs/,"Although it looked enormous, the plan actually worked.","যদিও এটি বিশাল মনে হয়েছিল, পরিকল্পনাটি আসলে কাজ করেছিল।",Medium,IELTS Band 6-7,adjective,Complex,Past Simple
Enthusiasm,উৎসাহ,/ɪnθˈuziæzʌm/,Every student should understand the enthusiasm before the exam.,পরীক্ষার আগে প্রতিটি শিক্ষার্থীর উৎসাহ সম্পর্কে বোঝা উচিত।,Hard,IELTS Band 7-9,noun,Simple,Present Simple
Entrance,প্রবেশ,/ˈɛntrʌns/,The entrance will play a major role in the final decision.,চূড়ান্ত সিদ্ধান্তে প্রবেশ বড় ভূমিকা রাখবে।,Medium,IELTS Band 6-7,noun,Simple,Future Simple
Escape,পালানো,/ɪskˈeɪp/,"Because of the escape, the whole plan had to change.",পালানো-এর কারণে পুরো পরিকল্পনা বদলাতে হয়েছিল।,Medium,IELTS Band 6-7,noun,Complex,Past Simple
Exceptional,ব্যতিক্রমী,/ɪksˈɛpʃʌnʌl/,The result was extremely exceptional.,ফলাফলটি অত্যন্ত ব্যতিক্রমী ছিল।,Hard,IELTS Band 7-9,adjective,Simple,Past Simple
Excursion,ভ্রমণ,/ɪkskˈɜrʒʌn/,Scientists are still examining the excursion closely.,বিজ্ঞানীরা এখনো ভ্রমণ খুব কাছ থেকে পর্যবেক্ষণ করছেন।,Medium,IELTS Band 6-7,noun,Simple,Present Continuous
Expect,প্রত্যাশা করা,/ɪkspˈɛkt/,The expect was clearly explained in the report.,প্রতিবেদনে প্রত্যাশা করা বিষয়টি স্পষ্টভাবে ব্যাখ্যা করা হয়েছিল।,Easy,IELTS Band 5-6,noun,Simple,Past Simple
Expertise,দক্ষতা,/ɛkspɜrtˈiz/,She expertised the problem before anyone noticed.,কেউ লক্ষ্য করার আগেই সে সমস্যাটি দক্ষতা করেছিল।,Hard,IELTS Band 7-9,verb,Simple,Past Simple
Exploit,শোষণ করা,/ˈɛksplɔɪt/,"Although the exploit seemed minor, it changed everything.","যদিও শোষণ করা বিষয়টি সামান্য মনে হয়েছিল, এটি সবকিছু বদলে দিয়েছিল।",Medium,IELTS Band 6-7,noun,Complex,Past Simple
External,বাহ্যিক,/ɪkstˈɜrnʌl/,"Because the situation was so external, everyone took notice.",পরিস্থিতিটি এতটাই বাহ্যিক ছিল যে সবাই লক্ষ্য করেছিল।,Medium,IELTS Band 6-7,adjective,Complex,Past Simple
Facilitate,সহজতর করা,/fʌsˈɪlʌteɪt/,The team is facilitating new ways to solve it.,দলটি এটি সমাধানের নতুন উপায় সহজতর করছে।,Hard,IELTS Band 7-9,verb,Simple,Present Continuous
Flourish,উন্নতি করা,/flˈɜrɪʃ/,It is flourish to prepare well before the test.,পরীক্ষার আগে ভালোভাবে প্রস্তুতি নেওয়া উন্নতি করা।,Medium,IELTS Band 6-7,adjective,Simple,Present Simple
Foster,লালন,/fˈɑstɜr/,The article discusses the foster in great detail.,প্রবন্ধটিতে লালন নিয়ে বিস্তারিত আলোচনা করা হয়েছে।,Easy,IELTS Band 5-6,noun,Simple,Present Simple
Foundation,ভিত্তি,/faʊndˈeɪʃʌn/,Scientists are still examining the foundation closely.,বিজ্ঞানীরা এখনো ভিত্তি খুব কাছ থেকে পর্যবেক্ষণ করছেন।,Hard,IELTS Band 7-9,noun,Simple,Present Continuous
Fundamental,মৌলিক,/fʌndʌmˈɛntʌl/,The area has become increasingly fundamental in recent years.,সাম্প্রতিক বছরগুলোতে এলাকাটি ক্রমশ মৌলিক হয়ে উঠেছে।,Hard,IELTS Band 7-9,adjective,Simple,Present Perfect
Furnished,সঙ্জিত,/fˈɜrnɪʃt/,Experts have furnisheded this issue for decades.,বিশেষজ্ঞরা কয়েক দশক ধরে এই বিষয়টি সঙ্জিত করে আসছেন।,Medium,IELTS Band 6-7,verb,Simple,Present Perfect
Imagination,কল্পনা,/ɪmædʒʌnˈeɪʃʌn/,"Although the imagination seemed minor, it changed everything.","যদিও কল্পনা বিষয়টি সামান্য মনে হয়েছিল, এটি সবকিছু বদলে দিয়েছিল।",Hard,IELTS Band 7-9,noun,Complex,Past Simple
Immense,বিশাল,/ɪmˈɛns/,Every student should understand the immense before the exam.,পরীক্ষার আগে প্রতিটি শিক্ষার্থীর বিশাল সম্পর্কে বোঝা উচিত।,Medium,IELTS Band 6-7,noun,Simple,Present Simple
Implement,বাস্তবায়ন করা,/ˈɪmplʌmʌnt/,"Although it looked implement, the plan actually worked.","যদিও এটি বাস্তবায়ন করা মনে হয়েছিল, পরিকল্পনাটি আসলে কাজ করেছিল।",Medium,IELTS Band 6-7,adjective,Complex,Past Simple
Implemented,সম্পাদন করা,/ˈɪmplʌmɛntʌd/,"Because they implementeded early, the project succeeded.","যেহেতু তারা আগেই সম্পাদন করেছিল, প্রকল্পটি সফল হয়েছিল।",Hard,IELTS Band 7-9,verb,Complex,Past Simple
Improve,উন্নতি করা,/ɪmprˈuv/,The article discusses the improve in great detail.,প্রবন্ধটিতে উন্নতি করা নিয়ে বিস্তারিত আলোচনা করা হয়েছে।,Medium,IELTS Band 6-7,noun,Simple,Present Simple
Inclined,ঝোঁক,/ɪnklˈaɪnd/,She inclineded the problem before anyone noticed.,কেউ লক্ষ্য করার আগেই সে সমস্যাটি ঝোঁক করেছিল।,Medium,IELTS Band 6-7,verb,Simple,Past Simple
Increase,বৃদ্ধি,/ɪnkrˈis/,The increase was clearly explained in the report.,প্রতিবেদনে বৃদ্ধি বিষয়টি স্পষ্টভাবে ব্যাখ্যা করা হয়েছিল।,Medium,IELTS Band 6-7,noun,Simple,Past Simple
Indication,ইঙ্গিত,/ɪndʌkˈeɪʃʌn/,Researchers have studied this indication for many years.,গবেষকরা বহু বছর ধরে এই ইঙ্গিত নিয়ে গবেষণা করেছেন।,Hard,IELTS Band 7-9,noun,Simple,Present Perfect
Inhabitant,বাসিন্দা,/ɪnhˈæbʌtʌnt/,"Although it looked inhabitant, the plan actually worked.","যদিও এটি বাসিন্দা মনে হয়েছিল, পরিকল্পনাটি আসলে কাজ করেছিল।",Hard,IELTS Band 7-9,adjective,Complex,Past Simple
Instruction,নির্দেশনা,/ɪnstrˈʌkʃʌn/,Every student should understand the instruction before the exam.,পরীক্ষার আগে প্রতিটি শিক্ষার্থীর নির্দেশনা সম্পর্কে বোঝা উচিত।,Hard,IELTS Band 7-9,noun,Simple,Present Simple
Intensive,তীৰ,/ɪntˈɛnsɪv/,The area has become increasingly intensive in recent years.,সাম্প্রতিক বছরগুলোতে এলাকাটি ক্রমশ তীৰ হয়ে উঠেছে।,Hard,IELTS Band 7-9,adjective,Simple,Present Perfect
Interpretation,ব্যাখ্যা,/ɪntɜrprɪtˈeɪʃʌn/,"Because of the interpretation, the whole plan had to change.",ব্যাখ্যা-এর কারণে পুরো পরিকল্পনা বদলাতে হয়েছিল।,Hard,IELTS Band 7-9,noun,Complex,Past Simple
Investigate,তদন্ত করা,/ɪnvˈɛstʌgeɪt/,She investigated the problem before anyone noticed.,কেউ লক্ষ্য করার আগেই সে সমস্যাটি তদন্ত করেছিল।,Hard,IELTS Band 7-9,verb,Simple,Past Simple
Issue,বিষয়,/ˈɪʃu/,Scientists are still examining the issue closely.,বিজ্ঞানীরা এখনো বিষয় খুব কাছ থেকে পর্যবেক্ষণ করছেন।,Easy,IELTS Band 5-6,noun,Simple,Present Continuous
Launch,শুরু করা,/lˈɔntʃ/,The launch was clearly explained in the report.,প্রতিবেদনে শুরু করা বিষয়টি স্পষ্টভাবে ব্যাখ্যা করা হয়েছিল।,Easy,IELTS Band 5-6,noun,Simple,Past Simple
Massive,বিশাল,/mˈæsɪv/,Most experts consider this method quite massive.,বেশিরভাগ বিশেষজ্ঞ এই পদ্ধতিটিকে বেশ বিশাল মনে করেন।,Medium,IELTS Band 6-7,adjective,Simple,Present Simple
Maternity,মাতৃত্ব,/mʌtˈɜrnɪti/,"Although the maternity seemed minor, it changed everything.","যদিও মাতৃত্ব বিষয়টি সামান্য মনে হয়েছিল, এটি সবকিছু বদলে দিয়েছিল।",Medium,IELTS Band 6-7,noun,Complex,Past Simple
Merchant,বণিক,/mˈɜrtʃʌnt/,"Because the situation was so merchant, everyone took notice.",পরিস্থিতিটি এতটাই বণিক ছিল যে সবাই লক্ষ্য করেছিল।,Medium,IELTS Band 6-7,adjective,Complex,Past Simple
Moderately,মাঝারি মাত্রায়,/mˈɑdɜrʌtli/,She answered the question moderately.,সে মাঝারি মাত্রায় প্রশ্নের উত্তর দিয়েছিল।,Hard,IELTS Band 7-9,adverb,Simple,Past Simple
Modification,পরিবর্তন,/mɑdʌfʌkˈeɪʃʌn/,"Because of the modification, the whole plan had to change.",পরিবর্তন-এর কারণে পুরো পরিকল্পনা বদলাতে হয়েছিল।,Hard,IELTS Band 7-9,noun,Complex,Past Simple
Moisture,আর্দ্রতা,/mˈɔɪstʃɜr/,The article discusses the moisture in great detail.,প্রবন্ধটিতে আর্দ্রতা নিয়ে বিস্তারিত আলোচনা করা হয়েছে।,Medium,IELTS Band 6-7,noun,Simple,Present Simple
Mystery,রহস্য,/mˈɪstɜri/,Scientists are still examining the mystery closely.,বিজ্ঞানীরা এখনো রহস্য খুব কাছ থেকে পর্যবেক্ষণ করছেন।,Medium,IELTS Band 6-7,noun,Simple,Present Continuous
Native,স্থানীয়,/nˈeɪtɪv/,The area has become increasingly native in recent years.,সাম্প্রতিক বছরগুলোতে এলাকাটি ক্রমশ স্থানীয় হয়ে উঠেছে।,Medium,IELTS Band 6-7,adjective,Simple,Present Perfect
Necessarily,অগত্যা,/nɛsʌsˈɛrʌli/,The plan was necessarily rejected by the committee.,পরিকল্পনাটি কমিটি অগত্যা প্রত্যাখ্যান করেছিল।,Hard,IELTS Band 7-9,adverb,Simple,Past Simple
Necessary,প্রয়োজনীয়,/nˈɛsʌsɛri/,The result was extremely necessary.,ফলাফলটি অত্যন্ত প্রয়োজনীয় ছিল।,Medium,IELTS Band 6-7,adjective,Simple,Past Simple
Obesity,স্থুলতা,/oʊbˈisʌti/,Every student should understand the obesity before the exam.,পরীক্ষার আগে প্রতিটি শিক্ষার্থীর স্থুলতা সম্পর্কে বোঝা উচিত।,Medium,IELTS Band 6-7,noun,Simple,Present Simple
Obtained,প্রাপ্ত,/ʌbtˈeɪnd/,She obtaineded the problem before anyone noticed.,কেউ লক্ষ্য করার আগেই সে সমস্যাটি প্রাপ্ত করেছিল।,Medium,IELTS Band 6-7,verb,Simple,Past Simple
Occupation,পেশা,/ɑkjʌpˈeɪʃʌn/,"Because of the occupation, the whole plan had to change.",পেশা-এর কারণে পুরো পরিকল্পনা বদলাতে হয়েছিল।,Hard,IELTS Band 7-9,noun,Complex,Past Simple
Occupied,দখল করা,/ˈɑkjʌpaɪd/,"If we act now, we can occupied this matter.",এখন পদক্ষেপ নিলে আমরা বিষয়টি দখল করতে পারবো।,Medium,IELTS Band 6-7,verb,Complex,Present Simple
Optimistic,আশাবাদী,/ɑptʌmˈɪstɪk/,"Because the situation was so optimistic, everyone took notice.",পরিস্থিতিটি এতটাই আশাবাদী ছিল যে সবাই লক্ষ্য করেছিল।,Hard,IELTS Band 7-9,adjective,Complex,Past Simple
Ordinary,সাধারণ,/ˈɔrdʌnɛri/,The result was extremely ordinary.,ফলাফলটি অত্যন্ত সাধারণ ছিল।,Medium,IELTS Band 6-7,adjective,Simple,Past Simple
Percussion,সংঘর্ষ,/pɜrkˈʌʃʌn/,Researchers have studied this percussion for many years.,গবেষকরা বহু বছর ধরে এই সংঘর্ষ নিয়ে গবেষণা করেছেন।,Hard,IELTS Band 7-9,noun,Simple,Present Perfect
Permission,অনুমতি,/pɜrmˈɪʃʌn/,"Although the permission seemed minor, it changed everything.","যদিও অনুমতি বিষয়টি সামান্য মনে হয়েছিল, এটি সবকিছু বদলে দিয়েছিল।",Hard,IELTS Band 7-9,noun,Complex,Past Simple
Personnel,কর্মী,/pɜrsʌnˈɛl/,Every student should understand the personnel before the exam.,পরীক্ষার আগে প্রতিটি শিক্ষার্থীর কর্মী সম্পর্কে বোঝা উচিত।,Medium,IELTS Band 6-7,noun,Simple,Present Simple
Persuade,রাজি করানো,/pɜrswˈeɪd/,The persuade will play a major role in the final decision.,চূড়ান্ত সিদ্ধান্তে রাজি করানো বড় ভূমিকা রাখবে।,Medium,IELTS Band 6-7,noun,Simple,Future Simple
Pleasant,আনন্দদায়ক,/plˈɛzʌnt/,"Because the situation was so pleasant, everyone took notice.",পরিস্থিতিটি এতটাই আনন্দদায়ক ছিল যে সবাই লক্ষ্য করেছিল।,Medium,IELTS Band 6-7,adjective,Complex,Past Simple
Possessions,সম্পত্তি,/pʌzˈɛʃʌnz/,The article discusses the possessions in great detail.,প্রবন্ধটিতে সম্পত্তি নিয়ে বিস্তারিত আলোচনা করা হয়েছে।,Hard,IELTS Band 7-9,noun,Simple,Present Simple
Precious,মূল্যবান,/prˈɛʃʌs/,It is precious to prepare well before the test.,পরীক্ষার আগে ভালোভাবে প্রস্তুতি নেওয়া মূল্যবান।,Medium,IELTS Band 6-7,adjective,Simple,Present Simple
Preserve,সংরক্ষণ করা,/prʌzˈɜrv/,The preserve was clearly explained in the report.,প্রতিবেদনে সংরক্ষণ করা বিষয়টি স্পষ্টভাবে ব্যাখ্যা করা হয়েছিল।,Medium,IELTS Band 6-7,noun,Simple,Past Simple
Presume,ধারণা করা,/prɪzˈum/,Researchers have studied this presume for many years.,গবেষকরা বহু বছর ধরে এই ধারণা করা নিয়ে গবেষণা করেছেন।,Medium,IELTS Band 6-7,noun,Simple,Present Perfect
Pretend,ভান করা,/pritˈɛnd/,"Although the pretend seemed minor, it changed everything.","যদিও ভান করা বিষয়টি সামান্য মনে হয়েছিল, এটি সবকিছু বদলে দিয়েছিল।",Medium,IELTS Band 6-7,noun,Complex,Past Simple
Prevalent,প্রভাবশালী,/prˈɛvʌlʌnt/,"Because the situation was so prevalent, everyone took notice.",পরিস্থিতিটি এতটাই প্রভাবশালী ছিল যে সবাই লক্ষ্য করেছিল।,Medium,IELTS Band 6-7,adjective,Complex,Past Simple
Prevention,প্রতিরোধ,/privˈɛnʃʌn/,The prevention will play a major role in the final decision.,চূড়ান্ত সিদ্ধান্তে প্রতিরোধ বড় ভূমিকা রাখবে।,Hard,IELTS Band 7-9,noun,Simple,Future Simple
Principle,নীতি,/prˈɪnsʌpʌl/,"Because of the principle, the whole plan had to change.",নীতি-এর কারণে পুরো পরিকল্পনা বদলাতে হয়েছিল।,Medium,IELTS Band 6-7,noun,Complex,Past Simple
Proportion,অনুপাত,/prʌpˈɔrʃʌn/,The article discusses the proportion in great detail.,প্রবন্ধটিতে অনুপাত নিয়ে বিস্তারিত আলোচনা করা হয়েছে।,Hard,IELTS Band 7-9,noun,Simple,Present Simple
Prospective,সম্ভাব্য,/prʌspˈɛktɪv/,Most experts consider this method quite prospective.,বেশিরভাগ বিশেষজ্ঞ এই পদ্ধতিটিকে বেশ সম্ভাব্য মনে করেন।,Hard,IELTS Band 7-9,adjective,Simple,Present Simple
Provide,সরবরাহ করা,/prʌvˈaɪd/,The provide was clearly explained in the report.,প্রতিবেদনে সরবরাহ করা বিষয়টি স্পষ্টভাবে ব্যাখ্যা করা হয়েছিল।,Medium,IELTS Band 6-7,noun,Simple,Past Simple
Raise,বৃদ্ধি করা,/rˈeɪz/,She raised the problem before anyone noticed.,কেউ লক্ষ্য করার আগেই সে সমস্যাটি বৃদ্ধি করেছিল।,Easy,IELTS Band 5-6,verb,Simple,Past Simple
Regard,সম্মান,/rɪgˈɑrd/,"Although the regard seemed minor, it changed everything.","যদিও সম্মান বিষয়টি সামান্য মনে হয়েছিল, এটি সবকিছু বদলে দিয়েছিল।",Easy,IELTS Band 5-6,noun,Complex,Past Simple
Relatively,তুলনামূলকভাবে,/rˈɛlʌtɪvli/,"Because she worked relatively, she finished on time.",সে তুলনামূলকভাবে কাজ করেছিল বলে সময়মতো শেষ করতে পেরেছিল।,Hard,IELTS Band 7-9,adverb,Complex,Past Simple
Remote,দূরবর্তী,/rɪmˈoʊt/,The remote will play a major role in the final decision.,চূড়ান্ত সিদ্ধান্তে দূরবর্তী বড় ভূমিকা রাখবে।,Medium,IELTS Band 6-7,noun,Simple,Future Simple
Repetitive,পুনরাবৃত্তিমূলক,/rɪpˈɛtɪtɪv/,Most experts consider this method quite repetitive.,বেশিরভাগ বিশেষজ্ঞ এই পদ্ধতিটিকে বেশ পুনরাবৃত্তিমূলক মনে করেন।,Hard,IELTS Band 7-9,adjective,Simple,Present Simple
Represent,চিত্রিত করা/বর্ণনা করা,/rɛprɪzˈɛnt/,The area has become increasingly represent in recent years.,সাম্প্রতিক বছরগুলোতে এলাকাটি ক্রমশ চিত্রিত করা/বর্ণনা করা হয়ে উঠেছে।,Medium,IELTS Band 6-7,adjective,Simple,Present Perfect
Requirement,প্রয়োজন,/rɪkwˈaɪrmʌnt/,"Because the situation was so requirement, everyone took notice.",পরিস্থিতিটি এতটাই প্রয়োজন ছিল যে সবাই লক্ষ্য করেছিল।,Hard,IELTS Band 7-9,adjective,Complex,Past Simple
Rescue,উদ্ধার,/rˈɛskju/,The rescue was clearly explained in the report.,প্রতিবেদনে উদ্ধার বিষয়টি স্পষ্টভাবে ব্যাখ্যা করা হয়েছিল।,Easy,IELTS Band 5-6,noun,Simple,Past Simple
Resistant,প্রতিরোধী,/rɪzˈɪstʌnt/,It is resistant to prepare well before the test.,পরীক্ষার আগে ভালোভাবে প্রস্তুতি নেওয়া প্রতিরোধী।,Medium,IELTS Band 6-7,adjective,Simple,Present Simple
Restriction,সীমাবদ্ধতা,/ristrˈɪkʃʌn/,"Although the restriction seemed minor, it changed everything.","যদিও সীমাবদ্ধতা বিষয়টি সামান্য মনে হয়েছিল, এটি সবকিছু বদলে দিয়েছিল।",Hard,IELTS Band 7-9,noun,Complex,Past Simple
Retain,ধরে রাখা,/rɪtˈeɪn/,Every student should understand the retain before the exam.,পরীক্ষার আগে প্রতিটি শিক্ষার্থীর ধরে রাখা সম্পর্কে বোঝা উচিত।,Easy,IELTS Band 5-6,noun,Simple,Present Simple
Revolution,বিপ্লব,/rɛvʌlˈuʃʌn/,The revolution will play a major role in the final decision.,চূড়ান্ত সিদ্ধান্তে বিপ্লব বড় ভূমিকা রাখবে।,Hard,IELTS Band 7-9,noun,Simple,Future Simple
Reward,পুরস্কার,/rɪwˈɔrd/,"Because of the reward, the whole plan had to change.",পুরস্কার-এর কারণে পুরো পরিকল্পনা বদলাতে হয়েছিল।,Easy,IELTS Band 5-6,noun,Complex,Past Simple
Roughly,মোটামুটিভাবে,/rˈʌfli/,He roughly explains difficult topics in class.,সে ক্লাসে কঠিন বিষয়গুলো মোটামুটিভাবে ব্যাখ্যা করে।,Medium,IELTS Band 6-7,adverb,Simple,Present Simple
Separate,পৃথক,/sˈɛpɜreɪt/,She separated the problem before anyone noticed.,কেউ লক্ষ্য করার আগেই সে সমস্যাটি পৃথক করেছিল।,Hard,IELTS Band 7-9,verb,Simple,Past Simple
Settlement,নিষ্পত্তি,/sˈɛtʌlmʌnt/,"Although it looked settlement, the plan actually worked.","যদিও এটি নিষ্পত্তি মনে হয়েছিল, পরিকল্পনাটি আসলে কাজ করেছিল।",Hard,IELTS Band 7-9,adjective,Complex,Past Simple
Smoothly,মস্ণভাবে,/smˈuðli/,The plan was smoothly rejected by the committee.,পরিকল্পনাটি কমিটি মস্ণভাবে প্রত্যাখ্যান করেছিল।,Medium,IELTS Band 6-7,adverb,Simple,Past Simple
Sociable,মিশুক,/sˈoʊʃʌbʌl/,The area has become increasingly sociable in recent years.,সাম্প্রতিক বছরগুলোতে এলাকাটি ক্রমশ মিশুক হয়ে উঠেছে।,Medium,IELTS Band 6-7,adjective,Simple,Present Perfect
Specimen,নমুনা,/spˈɛsʌmʌn/,"Next year, the company will specimen this plan.",আগামী বছর কোম্পানিটি এই পরিকল্পনা নমুনা করবে।,Medium,IELTS Band 6-7,verb,Simple,Future Simple
Speculation,অনুমান,/spɛkjʌlˈeɪʃʌn/,The speculation will play a major role in the final decision.,চূড়ান্ত সিদ্ধান্তে অনুমান বড় ভূমিকা রাখবে।,Hard,IELTS Band 7-9,noun,Simple,Future Simple
Standard,মান,/stˈændɜrd/,"Because of the standard, the whole plan had to change.",মান-এর কারণে পুরো পরিকল্পনা বদলাতে হয়েছিল।,Medium,IELTS Band 6-7,noun,Complex,Past Simple
Straightforward,সরল,/strˈeɪtfˈɔrwɜrd/,The article discusses the straightforward in great detail.,প্রবন্ধটিতে সরল নিয়ে বিস্তারিত আলোচনা করা হয়েছে।,Hard,IELTS Band 7-9,noun,Simple,Present Simple
Stream,প্রবাহ,/strˈim/,Scientists are still examining the stream closely.,বিজ্ঞানীরা এখনো প্রবাহ খুব কাছ থেকে পর্যবেক্ষণ করছেন।,Easy,IELTS Band 5-6,noun,Simple,Present Continuous
Strict,কঠোর,/strˈɪkt/,The strict was clearly explained in the report.,প্রতিবেদনে কঠোর বিষয়টি স্পষ্টভাবে ব্যাখ্যা করা হয়েছিল।,Easy,IELTS Band 5-6,noun,Simple,Past Simple
Strictly,কঠোরভাবে,/strˈɪktli/,The plan was strictly rejected by the committee.,পরিকল্পনাটি কমিটি কঠোরভাবে প্রত্যাখ্যান করেছিল।,Medium,IELTS Band 6-7,adverb,Simple,Past Simple
Subsistence,জীবিকা,/sʌbsˈɪstʌns/,"Although the subsistence seemed minor, it changed everything.","যদিও জীবিকা বিষয়টি সামান্য মনে হয়েছিল, এটি সবকিছু বদলে দিয়েছিল।",Hard,IELTS Band 7-9,noun,Complex,Past Simple
Sufficiently,যথেষ্ট,/sʌfˈɪʃʌntli/,"Because she worked sufficiently, she finished on time.",সে যথেষ্ট কাজ করেছিল বলে সময়মতো শেষ করতে পেরেছিল।,Hard,IELTS Band 7-9,adverb,Complex,Past Simple
Supply,সরবরাহ,/sʌplˈaɪ/,She answered the question supply.,সে সরবরাহ প্রশ্নের উত্তর দিয়েছিল।,Easy,IELTS Band 5-6,adverb,Simple,Past Simple
Supportive,সহায়ক,/sʌpˈɔrtɪv/,Most experts consider this method quite supportive.,বেশিরভাগ বিশেষজ্ঞ এই পদ্ধতিটিকে বেশ সহায়ক মনে করেন।,Hard,IELTS Band 7-9,adjective,Simple,Present Simple
Surface,পৃষ্ঠ,/sˈɜrfʌs/,The article discusses the surface in great detail.,প্রবন্ধটিতে পৃষ্ঠ নিয়ে বিস্তারিত আলোচনা করা হয়েছে।,Medium,IELTS Band 6-7,noun,Simple,Present Simple
Sustainable,টেকসই,/sʌstˈeɪnʌbʌl/,"Because the situation was so sustainable, everyone took notice.",পরিস্থিতিটি এতটাই টেকসই ছিল যে সবাই লক্ষ্য করেছিল।,Hard,IELTS Band 7-9,adjective,Complex,Past Simple
Threat,হুমকি,/θrˈɛt/,The threat was clearly explained in the report.,প্রতিবেদনে হুমকি বিষয়টি স্পষ্টভাবে ব্যাখ্যা করা হয়েছিল।,Easy,IELTS Band 5-6,noun,Simple,Past Simple
Trail,পথ,/trˈeɪl/,Researchers have studied this trail for many years.,গবেষকরা বহু বছর ধরে এই পথ নিয়ে গবেষণা করেছেন।,Easy,IELTS Band 5-6,noun,Simple,Present Perfect
Transformation,রূপান্তর,/trænsfɜrmˈeɪʃʌn/,"Although the transformation seemed minor, it changed everything.","যদিও রূপান্তর বিষয়টি সামান্য মনে হয়েছিল, এটি সবকিছু বদলে দিয়েছিল।",Hard,IELTS Band 7-9,noun,Complex,Past Simple
Transportation,পরিবহন,/trænspɜrtˈeɪʃʌn/,Every student should understand the transportation before the exam.,পরীক্ষার আগে প্রতিটি শিক্ষার্থীর পরিবহন সম্পর্কে বোঝা উচিত।,Hard,IELTS Band 7-9,noun,Simple,Present Simple
Trivial,তুচ্ছ,/trˈɪviʌl/,The area has become increasingly trivial in recent years.,সাম্প্রতিক বছরগুলোতে এলাকাটি ক্রমশ তুচ্ছ হয়ে উঠেছে।,Medium,IELTS Band 6-7,adjective,Simple,Present Perfect
Ubiquitous,সর্বব্যাপী,/jubˈɪkwɪtʌs/,"Because the situation was so ubiquitous, everyone took notice.",পরিস্থিতিটি এতটাই সর্বব্যাপী ছিল যে সবাই লক্ষ্য করেছিল।,Hard,IELTS Band 7-9,adjective,Complex,Past Simple
Undergo,সহ্য করা,/ʌndɜrgˈoʊ/,The article discusses the undergo in great detail.,প্রবন্ধটিতে সহ্য করা নিয়ে বিস্তারিত আলোচনা করা হয়েছে।,Medium,IELTS Band 6-7,noun,Simple,Present Simple
Unfortunately,দুর্ভাগ্যবশত,/ʌnfˈɔrtʃʌnʌtli/,"Because she worked unfortunately, she finished on time.",সে দুর্ভাগ্যবশত কাজ করেছিল বলে সময়মতো শেষ করতে পেরেছিল।,Hard,IELTS Band 7-9,adverb,Complex,Past Simple
Unique,অনন্য,/junˈik/,The unique was clearly explained in the report.,প্রতিবেদনে অনন্য বিষয়টি স্পষ্টভাবে ব্যাখ্যা করা হয়েছিল।,Medium,IELTS Band 6-7,noun,Simple,Past Simple
Unless,যদি না,/ʌnlˈɛs/,Most experts consider this method quite unless.,বেশিরভাগ বিশেষজ্ঞ এই পদ্ধতিটিকে বেশ যদি না মনে করেন।,Easy,IELTS Band 5-6,adjective,Simple,Present Simple
Varied,বিভিন্ন,/vˈɛrid/,They varied this issue every single day.,তারা প্রতিদিন এই বিষয়টি বিভিন্ন করে।,Easy,IELTS Band 5-6,verb,Simple,Present Simple
Verbal,মৌখিক,/vˈɜrbʌl/,"Because the situation was so verbal, everyone took notice.",পরিস্থিতিটি এতটাই মৌখিক ছিল যে সবাই লক্ষ্য করেছিল।,Easy,IELTS Band 5-6,adjective,Complex,Past Simple
Wages,মজুরি,/wˈeɪdʒʌz/,The wages will play a major role in the final decision.,চূড়ান্ত সিদ্ধান্তে মজুরি বড় ভূমিকা রাখবে।,Easy,IELTS Band 5-6,noun,Simple,Future Simple
Abandoned,পরিত্যক্ত,/ʌbˈændʌnd/,"If we act now, we can abandoned this matter.",এখন পদক্ষেপ নিলে আমরা বিষয়টি পরিত্যক্ত করতে পারবো।,Hard,IELTS Band 7-9,verb,Complex,Present Simple
Accept,গ্রহণ করা,/æksˈɛpt/,The article discusses the accept in great detail.,প্রবন্ধটিতে গ্রহণ করা নিয়ে বিস্তারিত আলোচনা করা হয়েছে।,Easy,IELTS Band 5-6,noun,Simple,Present Simple
Accessible,প্রবেশযোগ্য,/æksˈɛsʌbʌl/,Most experts consider this method quite accessible.,বেশিরভাগ বিশেষজ্ঞ এই পদ্ধতিটিকে বেশ প্রবেশযোগ্য মনে করেন।,Hard,IELTS Band 7-9,adjective,Simple,Present Simple
Accordance,সঙ্গতি,/ʌkˈɔrdʌns/,The accordance was clearly explained in the report.,প্রতিবেদনে সঙ্গতি বিষয়টি স্পষ্টভাবে ব্যাখ্যা করা হয়েছিল।,Hard,IELTS Band 7-9,noun,Simple,Past Simple
Accumulate,জমানো,/ʌkjˈumjʌleɪt/,They accumulate this issue every single day.,তারা প্রতিদিন এই বিষয়টি জমানো করে।,Hard,IELTS Band 7-9,verb,Simple,Present Simple
Achieved,অর্জিত,/ʌtʃˈivd/,She achieveded the problem before anyone noticed.,কেউ লক্ষ্য করার আগেই সে সমস্যাটি অর্জিত করেছিল।,Medium,IELTS Band 6-7,verb,Simple,Past Simple
Acknowledge,স্বীকার করা,/æknˈɑlɪdʒ/,Every student should understand the acknowledge before the exam.,পরীক্ষার আগে প্রতিটি শিক্ষার্থীর স্বীকার করা সম্পর্কে বোঝা উচিত।,Hard,IELTS Band 7-9,noun,Simple,Present Simple
Acoustic,শব্দসংক্রান্ত,/ʌkˈustɪk/,"Although it looked acoustic, the plan actually worked.","যদিও এটি শব্দসংক্রান্ত মনে হয়েছিল, পরিকল্পনাটি আসলে কাজ করেছিল।",Medium,IELTS Band 6-7,adjective,Complex,Past Simple
Adjoining,সংলগ্ন,/ʌdʒˈɔɪnɪŋ/,The team is adjoininging new ways to solve it.,দলটি এটি সমাধানের নতুন উপায় সংলগ্ন করছে।,Medium,IELTS Band 6-7,verb,Simple,Present Continuous
Administrative,প্রশাসনিক,/ʌdmˈɪnʌstreɪtɪv/,The area has become increasingly administrative in recent years.,সাম্প্রতিক বছরগুলোতে এলাকাটি ক্রমশ প্রশাসনিক হয়ে উঠেছে।,Hard,IELTS Band 7-9,adjective,Simple,Present Perfect
Administrator,প্রশাসক,/ʌdmˈɪnʌstreɪtɜr/,Scientists are still examining the administrator closely.,বিজ্ঞানীরা এখনো প্রশাসক খুব কাছ থেকে পর্যবেক্ষণ করছেন।,Hard,IELTS Band 7-9,noun,Simple,Present Continuous
Adopt,গ্রহণ করা,/ʌdˈɑpt/,The adopt was clearly explained in the report.,প্রতিবেদনে গ্রহণ করা বিষয়টি স্পষ্টভাবে ব্যাখ্যা করা হয়েছিল।,Easy,IELTS Band 5-6,noun,Simple,Past Simple
Advance,অগ্রগতি,/ʌdvˈæns/,Researchers have studied this advance for many years.,গবেষকরা বহু বছর ধরে এই অগ্রগতি নিয়ে গবেষণা করেছেন।,Medium,IELTS Band 6-7,noun,Simple,Present Perfect
Advice,পরামর্শ,/ædvˈaɪs/,"Although the advice seemed minor, it changed everything.","যদিও পরামর্শ বিষয়টি সামান্য মনে হয়েছিল, এটি সবকিছু বদলে দিয়েছিল।",Medium,IELTS Band 6-7,noun,Complex,Past Simple
Advocate,সমর্থক,/ˈædvʌkʌt/,"If we act now, we can advocate this matter.",এখন পদক্ষেপ নিলে আমরা বিষয়টি সমর্থক করতে পারবো।,Hard,IELTS Band 7-9,verb,Complex,Present Simple
Affect,ভাবিত করা,/ʌfˈɛkt/,The affect will play a major role in the final decision.,চূড়ান্ত সিদ্ধান্তে ভাবিত করা বড় ভূমিকা রাখবে।,Easy,IELTS Band 5-6,noun,Simple,Future Simple
Afford,সামর্থ্য,/ʌfˈɔrd/,"Because of the afford, the whole plan had to change.",সামর্থ্য-এর কারণে পুরো পরিকল্পনা বদলাতে হয়েছিল।,Easy,IELTS Band 5-6,noun,Complex,Past Simple
Agenda,কর্মসূচি,/ʌdʒˈɛndʌ/,The article discusses the agenda in great detail.,প্রবন্ধটিতে কর্মসূচি নিয়ে বিস্তারিত আলোচনা করা হয়েছে।,Medium,IELTS Band 6-7,noun,Simple,Present Simple
Agronomist,কৃষিবিদ,/ʌgrˈɑnʌmɪst/,Scientists are still examining the agronomist closely.,বিজ্ঞানীরা এখনো কৃষিবিদ খুব কাছ থেকে পর্যবেক্ষণ করছেন।,Hard,IELTS Band 7-9,noun,Simple,Present Continuous
Allowance,ভাতা,/ʌlˈaʊʌns/,The allowance was clearly explained in the report.,প্রতিবেদনে ভাতা বিষয়টি স্পষ্টভাবে ব্যাখ্যা করা হয়েছিল।,Hard,IELTS Band 7-9,noun,Simple,Past Simple
Amateur,অপেশাদার,/ˈæmʌtɜr/,Researchers have studied this amateur for many years.,গবেষকরা বহু বছর ধরে এই অপেশাদার নিয়ে গবেষণা করেছেন।,Medium,IELTS Band 6-7,noun,Simple,Present Perfect
Ambience,পরিবেশ,/ˈæmbiʌns/,"Although the ambience seemed minor, it changed everything.","যদিও পরিবেশ বিষয়টি সামান্য মনে হয়েছিল, এটি সবকিছু বদলে দিয়েছিল।",Medium,IELTS Band 6-7,noun,Complex,Past Simple
Ambiguous,অস্পষ্ট,/æmbˈɪgjuʌs/,"Because the situation was so ambiguous, everyone took notice.",পরিস্থিতিটি এতটাই অস্পষ্ট ছিল যে সবাই লক্ষ্য করেছিল।,Medium,IELTS Band 6-7,adjective,Complex,Past Simple
Amend,সংশোধন করা,/ʌmˈɛnd/,The amend will play a major role in the final decision.,চূড়ান্ত সিদ্ধান্তে সংশোধন করা বড় ভূমিকা রাখবে।,Easy,IELTS Band 5-6,noun,Simple,Future Simple
Ample,পর্যাপ্ত,/ˈæmpʌl/,"Because of the ample, the whole plan had to change.",পর্যাপ্ত-এর কারণে পুরো পরিকল্পনা বদলাতে হয়েছিল।,Easy,IELTS Band 5-6,noun,Complex,Past Simple
Amusement,বিনোদন,/ʌmjˈuzmʌnt/,"Although it looked amusement, the plan actually worked.","যদিও এটি বিনোদন মনে হয়েছিল, পরিকল্পনাটি আসলে কাজ করেছিল।",Hard,IELTS Band 7-9,adjective,Complex,Past Simple
Analysis,বিশ্লেষণ,/ʌnˈælʌsʌs/,Scientists are still examining the analysis closely.,বিজ্ঞানীরা এখনো বিশ্লেষণ খুব কাছ থেকে পর্যবেক্ষণ করছেন।,Medium,IELTS Band 6-7,noun,Simple,Present Continuous
Apartment,ত্যাপার্টমেন্ট,/ʌpˈɑrtmʌnt/,The area has become increasingly apartment in recent years.,সাম্প্রতিক বছরগুলোতে এলাকাটি ক্রমশ ত্যাপার্টমেন্ট হয়ে উঠেছে।,Medium,IELTS Band 6-7,adjective,Simple,Present Perfect
Appeal,আবেদন,/ʌpˈil/,"Because the situation was so appeal, everyone took notice.",পরিস্থিতিটি এতটাই আবেদন ছিল যে সবাই লক্ষ্য করেছিল।,Easy,IELTS Band 5-6,adjective,Complex,Past Simple
Apply,প্রয়োগ করা,/ʌplˈaɪ/,He apply explains difficult topics in class.,সে ক্লাসে কঠিন বিষয়গুলো প্রয়োগ করা ব্যাখ্যা করে।,Easy,IELTS Band 5-6,adverb,Simple,Present Simple
Appointed,নিযুক্ত,/ʌpˈɔɪntɪd/,"Next year, the company will appointed this plan.",আগামী বছর কোম্পানিটি এই পরিকল্পনা নিযুক্ত করবে।,Medium,IELTS Band 6-7,verb,Simple,Future Simple
Appraisal,মূল্যায়ন,/ʌprˈeɪzʌl/,"Although it looked appraisal, the plan actually worked.","যদিও এটি মূল্যায়ন মনে হয়েছিল, পরিকল্পনাটি আসলে কাজ করেছিল।",Medium,IELTS Band 6-7,adjective,Complex,Past Simple
Appreciate,প্রশংসা করা,/ʌprˈiʃieɪt/,They appreciate this issue every single day.,তারা প্রতিদিন এই বিষয়টি প্রশংসা করে।,Hard,IELTS Band 7-9,verb,Simple,Present Simple
Apprentice,শিক্ষানবিশ,/ʌprˈɛntʌs/,The article discusses the apprentice in great detail.,প্রবন্ধটিতে শিক্ষানবিশ নিয়ে বিস্তারিত আলোচনা করা হয়েছে।,Hard,IELTS Band 7-9,noun,Simple,Present Simple
Aqueduct,নালা,/ˈækwʌdʌkt/,Scientists are still examining the aqueduct closely.,বিজ্ঞানীরা এখনো নালা খুব কাছ থেকে পর্যবেক্ষণ করছেন।,Medium,IELTS Band 6-7,noun,Simple,Present Continuous
Archaeological,প্রত্বতান্তিক,/ɑrkiʌlˈɑdʒɪkʌl/,The result was extremely archaeological.,ফলাফলটি অত্যন্ত প্রত্বতান্তিক ছিল।,Hard,IELTS Band 7-9,adjective,Simple,Past Simple
Arrange,সাজানো,/ɜrˈeɪndʒ/,Researchers have studied this arrange for many years.,গবেষকরা বহু বছর ধরে এই সাজানো নিয়ে গবেষণা করেছেন।,Medium,IELTS Band 6-7,noun,Simple,Present Perfect
Arrival,আগমন,/ɜrˈaɪvʌl/,"Although it looked arrival, the plan actually worked.","যদিও এটি আগমন মনে হয়েছিল, পরিকল্পনাটি আসলে কাজ করেছিল।",Medium,IELTS Band 6-7,adjective,Complex,Past Simple
Arrive,পৌঁছানো,/ɜrˈaɪv/,Most experts consider this method quite arrive.,বেশিরভাগ বিশেষজ্ঞ এই পদ্ধতিটিকে বেশ পৌঁছানো মনে করেন।,Medium,IELTS Band 6-7,adjective,Simple,Present Simple
Artefacts,হস্তনির্মিত বস্তু,,The artefacts will play a major role in the final decision.,চূড়ান্ত সিদ্ধান্তে হস্তনির্মিত বস্তু বড় ভূমিকা রাখবে।,Medium,IELTS Band 6-7,noun,Simple,Future Simple
Assemble,জড়ো করা,/ʌsˈɛmbʌl/,"Because of the assemble, the whole plan had to change.",জড়ো করা-এর কারণে পুরো পরিকল্পনা বদলাতে হয়েছিল।,Medium,IELTS Band 6-7,noun,Complex,Past Simple
Assess,মূল্যায়ন,/ʌsˈɛs/,The article discusses the assess in great detail.,প্রবন্ধটিতে মূল্যায়ন নিয়ে বিস্তারিত আলোচনা করা হয়েছে।,Easy,IELTS Band 5-6,noun,Simple,Present Simple
Assigned,আরোপিত,/ʌsˈaɪnd/,"If we act now, we can assigned this matter.",এখন পদক্ষেপ নিলে আমরা বিষয়টি আরোপিত করতে পারবো।,Medium,IELTS Band 6-7,verb,Complex,Present Simple
Assignment,কাজ,/ʌsˈaɪnmʌnt/,"Although it looked assignment, the plan actually worked.","যদিও এটি কাজ মনে হয়েছিল, পরিকল্পনাটি আসলে কাজ করেছিল।",Hard,IELTS Band 7-9,adjective,Complex,Past Simple
Assistance,সহায়তা,/ʌsˈɪstʌns/,Researchers have studied this assistance for many years.,গবেষকরা বহু বছর ধরে এই সহায়তা নিয়ে গবেষণা করেছেন।,Hard,IELTS Band 7-9,noun,Simple,Present Perfect
Associated,সংযুক্ত,/ʌsˈoʊsieɪtɪd/,"Because they associateded early, the project succeeded.","যেহেতু তারা আগেই সংযুক্ত করেছিল, প্রকল্পটি সফল হয়েছিল।",Hard,IELTS Band 7-9,verb,Complex,Past Simple
Assumed,ধরে নেওয়া,/ʌsˈumd/,They assumed this issue every single day.,তারা প্রতিদিন এই বিষয়টি ধরে নেওয়া করে।,Medium,IELTS Band 6-7,verb,Simple,Present Simple
Assured,নিশ্চিত,/ʌʃˈʊrd/,She assureded the problem before anyone noticed.,কেউ লক্ষ্য করার আগেই সে সমস্যাটি নিশ্চিত করেছিল।,Medium,IELTS Band 6-7,verb,Simple,Past Simple
Authorised,অনুমোদিত,,Experts have authoriseded this issue for decades.,বিশেষজ্ঞরা কয়েক দশক ধরে এই বিষয়টি অনুমোদিত করে আসছেন।,Hard,IELTS Band 7-9,verb,Simple,Present Perfect
Authority,কর্তৃত্ব,/ʌθˈɔrʌti/,The article discusses the authority in great detail.,প্রবন্ধটিতে কর্তৃত্ব নিয়ে বিস্তারিত আলোচনা করা হয়েছে।,Medium,IELTS Band 6-7,noun,Simple,Present Simple
Available,উপলব্ধ,/ʌvˈeɪlʌbʌl/,Most experts consider this method quite available.,বেশিরভাগ বিশেষজ্ঞ এই পদ্ধতিটিকে বেশ উপলব্ধ মনে করেন।,Hard,IELTS Band 7-9,adjective,Simple,Present Simple
Avoidance,এড়ানো,/ʌvˈɔɪdʌns/,The avoidance was clearly explained in the report.,প্রতিবেদনে এড়ানো বিষয়টি স্পষ্টভাবে ব্যাখ্যা করা হয়েছিল।,Hard,IELTS Band 7-9,noun,Simple,Past Simple
Awareness,সচেতনতা,/ʌwˈɛrnʌs/,Researchers have studied this awareness for many years.,গবেষকরা বহু বছর ধরে এই সচেতনতা নিয়ে গবেষণা করেছেন।,Hard,IELTS Band 7-9,noun,Simple,Present Perfect
Bend,বাঁকানো,/bˈɛnd/,"Although the bend seemed minor, it changed everything.","যদিও বাঁকানো বিষয়টি সামান্য মনে হয়েছিল, এটি সবকিছু বদলে দিয়েছিল।",Easy,IELTS Band 5-6,noun,Complex,Past Simple
Beyond,বাহিরে,/bɪˈɑnd/,Every student should understand the beyond before the exam.,পরীক্ষার আগে প্রতিটি শিক্ষার্থীর বাহিরে সম্পর্কে বোঝা উচিত।,Easy,IELTS Band 5-6,noun,Simple,Present Simple
Biodiversity,জীববৈচিত্র্য,/baɪoʊdaɪvˈɜrsʌti/,The biodiversity will play a major role in the final decision.,চূড়ান্ত সিদ্ধান্তে জীববৈচিত্র্য বড় ভূমিকা রাখবে।,Hard,IELTS Band 7-9,noun,Simple,Future Simple
Bizarre,অদ্ভূত,/bʌzˈɑr/,"Because of the bizarre, the whole plan had to change.",অদ্ভূত-এর কারণে পুরো পরিকল্পনা বদলাতে হয়েছিল।,Medium,IELTS Band 6-7,noun,Complex,Past Simple
Breakthrough,আবিষ্কার,/brˈeɪkθru/,The article discusses the breakthrough in great detail.,প্রবন্ধটিতে আবিষ্কার নিয়ে বিস্তারিত আলোচনা করা হয়েছে।,Hard,IELTS Band 7-9,noun,Simple,Present Simple
Broad,বিস্তৃত,/brˈɔd/,Scientists are still examining the broad closely.,বিজ্ঞানীরা এখনো বিস্তৃত খুব কাছ থেকে পর্যবেক্ষণ করছেন।,Easy,IELTS Band 5-6,noun,Simple,Present Continuous
Capable,সক্ষম,/kˈeɪpʌbʌl/,The result was extremely capable.,ফলাফলটি অত্যন্ত সক্ষম ছিল।,Medium,IELTS Band 6-7,adjective,Simple,Past Simple
Capacity,ধারণ ক্ষমতা,/kʌpˈæsʌti/,Researchers have studied this capacity for many years.,গবেষকরা বহু বছর ধরে এই ধারণ ক্ষমতা নিয়ে গবেষণা করেছেন।,Medium,IELTS Band 6-7,noun,Simple,Present Perfect
Captive,বন্দী,/kˈæptɪv/,"Although it looked captive, the plan actually worked.","যদিও এটি বন্দী মনে হয়েছিল, পরিকল্পনাটি আসলে কাজ করেছিল।",Medium,IELTS Band 6-7,adjective,Complex,Past Simple
Capture,গ্রেপ্তার,/kˈæptʃɜr/,Every student should understand the capture before the exam.,পরীক্ষার আগে প্রতিটি শিক্ষার্থীর গ্রেপ্তার সম্পর্কে বোঝা উচিত।,Medium,IELTS Band 6-7,noun,Simple,Present Simple
Castle,দুর্গ,/kˈæsʌl/,The castle will play a major role in the final decision.,চূড়ান্ত সিদ্ধান্তে দুর্গ বড় ভূমিকা রাখবে।,Easy,IELTS Band 5-6,noun,Simple,Future Simple
Cemetery,কবরস্থান,/sˈɛmʌtɛri/,"Because of the cemetery, the whole plan had to change.",কবরস্থান-এর কারণে পুরো পরিকল্পনা বদলাতে হয়েছিল।,Medium,IELTS Band 6-7,noun,Complex,Past Simple
Certain,নিশ্চিত,/sˈɜrtʌn/,The article discusses the certain in great detail.,প্রবন্ধটিতে নিশ্চিত নিয়ে বিস্তারিত আলোচনা করা হয়েছে।,Medium,IELTS Band 6-7,noun,Simple,Present Simple
Circumstances,পরিস্থিতি,/sˈɜrkʌmstænsʌz/,Scientists are still examining the circumstances closely.,বিজ্ঞানীরা এখনো পরিস্থিতি খুব কাছ থেকে পর্যবেক্ষণ করছেন।,Hard,IELTS Band 7-9,noun,Simple,Present Continuous
Cite,ত করুন,/sˈaɪt/,The cite was clearly explained in the report.,প্রতিবেদনে ত করুন বিষয়টি স্পষ্টভাবে ব্যাখ্যা করা হয়েছিল।,Easy,IELTS Band 5-6,noun,Simple,Past Simple
Coast,উপকূল,/kˈoʊst/,Researchers have studied this coast for many years.,গবেষকরা বহু বছর ধরে এই উপকূল নিয়ে গবেষণা করেছেন।,Easy,IELTS Band 5-6,noun,Simple,Present Perfect
Commercial,বালি,/kʌmˈɜrʃʌl/,The area has become increasingly commercial in recent years.,সাম্প্রতিক বছরগুলোতে এলাকাটি ক্রমশ বালি হয়ে উঠেছে।,Hard,IELTS Band 7-9,adjective,Simple,Present Perfect
Communal,সাম্প্রদায়িক,/kʌmjˈunʌl/,"Because the situation was so communal, everyone took notice.",পরিস্থিতিটি এতটাই সাম্প্রদায়িক ছিল যে সবাই লক্ষ্য করেছিল।,Medium,IELTS Band 6-7,adjective,Complex,Past Simple
Commute,যাতায়াত করা,/kʌmjˈut/,The commute will play a major role in the final decision.,চূড়ান্ত সিদ্ধান্তে যাতায়াত করা বড় ভূমিকা রাখবে।,Medium,IELTS Band 6-7,noun,Simple,Future Simple
Compensate,ক্ষতিপূরণ,/kˈɑmpʌnseɪt/,"Next year, the company will compensate this plan.",আগামী বছর কোম্পানিটি এই পরিকল্পনা ক্ষতিপূরণ করবে।,Hard,IELTS Band 7-9,verb,Simple,Future Simple
Competent,দক্ষ,/kˈɑmpʌtɪnt/,"Although it looked competent, the plan actually worked.","যদিও এটি দক্ষ মনে হয়েছিল, পরিকল্পনাটি আসলে কাজ করেছিল।",Medium,IELTS Band 6-7,adjective,Complex,Past Simple
Competing,প্রতিযোগিতা,/kʌmpˈitɪŋ/,They competing this issue every single day.,তারা প্রতিদিন এই বিষয়টি প্রতিযোগিতা করে।,Medium,IELTS Band 6-7,verb,Simple,Present Simple
Competition,প্রতিযোগিতা,/kɑmpʌtˈɪʃʌn/,The competition was clearly explained in the report.,প্রতিবেদনে প্রতিযোগিতা বিষয়টি স্পষ্টভাবে ব্যাখ্যা করা হয়েছিল।,Hard,IELTS Band 7-9,noun,Simple,Past Simple
Competitive,প্রতিযোগিতামূলক,/kʌmpˈɛtʌtɪv/,"Because the situation was so competitive, everyone took notice.",পরিস্থিতিটি এতটাই প্রতিযোগিতামূলক ছিল যে সবাই লক্ষ্য করেছিল।,Hard,IELTS Band 7-9,adjective,Complex,Past Simple
Complement,পরিপূরক,/kˈɑmplʌmʌnt/,The result was extremely complement.,ফলাফলটি অত্যন্ত পরিপূরক ছিল।,Hard,IELTS Band 7-9,adjective,Simple,Past Simple
Complex,জটিল,/kˈɑmplɛks/,Every student should understand the complex before the exam.,পরীক্ষার আগে প্রতিটি শিক্ষার্থীর জটিল সম্পর্কে বোঝা উচিত।,Medium,IELTS Band 6-7,noun,Simple,Present Simple
Complexity,জটিলতা,/kʌmplˈɛksʌti/,The complexity will play a major role in the final decision.,চূড়ান্ত সিদ্ধান্তে জটিলতা বড় ভূমিকা রাখবে।,Hard,IELTS Band 7-9,noun,Simple,Future Simple
Complicated,জটিল,/kˈɑmplʌkeɪtʌd/,"Because they complicateded early, the project succeeded.","যেহেতু তারা আগেই জটিল করেছিল, প্রকল্পটি সফল হয়েছিল।",Hard,IELTS Band 7-9,verb,Complex,Past Simple
Component,উপাদান,/kʌmpˈoʊnʌnt/,The area has become increasingly component in recent years.,সাম্প্রতিক বছরগুলোতে এলাকাটি ক্রমশ উপাদান হয়ে উঠেছে।,Medium,IELTS Band 6-7,adjective,Simple,Present Perfect
Conceived,ধারণা করা,/kʌnsˈivd/,She conceiveded the problem before anyone noticed.,কেউ লক্ষ্য করার আগেই সে সমস্যাটি ধারণা করেছিল।,Medium,IELTS Band 6-7,verb,Simple,Past Simple
Condition,অবস্থা,/kʌndˈɪʃʌn/,The condition was clearly explained in the report.,প্রতিবেদনে অবস্থা বিষয়টি স্পষ্টভাবে ব্যাখ্যা করা হয়েছিল।,Medium,IELTS Band 6-7,noun,Simple,Past Simple
Confidential,গোপনীয়,/kɑnfʌdˈɛnʃʌl/,It is confidential to prepare well before the test.,পরীক্ষার আগে ভালোভাবে প্রস্তুতি নেওয়া গোপনীয়।,Hard,IELTS Band 7-9,adjective,Simple,Present Simple
Confidently,আত্মবিশ্বাসের সাথে,/kˈɑnfʌdʌntli/,He confidently explains difficult topics in class.,সে ক্লাসে কঠিন বিষয়গুলো আত্মবিশ্বাসের সাথে ব্যাখ্যা করে।,Hard,IELTS Band 7-9,adverb,Simple,Present Simple
Confined,সীমাবদ্ধ,/kʌnfˈaɪnd/,"Next year, the company will confined this plan.",আগামী বছর কোম্পানিটি এই পরিকল্পনা সীমাবদ্ধ করবে।,Medium,IELTS Band 6-7,verb,Simple,Future Simple
Conquer,জয় করা,/kˈɑŋkɜr/,The conquer will play a major role in the final decision.,চূড়ান্ত সিদ্ধান্তে জয় করা বড় ভূমিকা রাখবে।,Medium,IELTS Band 6-7,noun,Simple,Future Simple
Conquest,বিজয়,/kˈɑŋkwɛst/,"Because of the conquest, the whole plan had to change.",বিজয়-এর কারণে পুরো পরিকল্পনা বদলাতে হয়েছিল।,Medium,IELTS Band 6-7,noun,Complex,Past Simple
Consent,সম্মতি,/kʌnsˈɛnt/,The result was extremely consent.,ফলাফলটি অত্যন্ত সম্মতি ছিল।,Medium,IELTS Band 6-7,adjective,Simple,Past Simple
Consequently,অতএব,/kˈɑnsʌkwʌntli/,"Because she worked consequently, she finished on time.",সে অতএব কাজ করেছিল বলে সময়মতো শেষ করতে পেরেছিল।,Hard,IELTS Band 7-9,adverb,Complex,Past Simple
Considerable,যথেষ্ট,/kʌnsˈɪdɜrʌbʌl/,"Although it looked considerable, the plan actually worked.","যদিও এটি যথেষ্ট মনে হয়েছিল, পরিকল্পনাটি আসলে কাজ করেছিল।",Hard,IELTS Band 7-9,adjective,Complex,Past Simple
Considerably,যথেষ্ট,/kʌnsˈɪdɜrʌbli/,The plan was considerably rejected by the committee.,পরিকল্পনাটি কমিটি যথেষ্ট প্রত্যাখ্যান করেছিল।,Hard,IELTS Band 7-9,adverb,Simple,Past Simple
Constantly,সর্বদা,/kˈɑnstʌntli/,He constantly explains difficult topics in class.,সে ক্লাসে কঠিন বিষয়গুলো সর্বদা ব্যাখ্যা করে।,Hard,IELTS Band 7-9,adverb,Simple,Present Simple
Construction,নির্মাণ,/kʌnstrˈʌkʃʌn/,Every student should understand the construction before the exam.,পরীক্ষার আগে প্রতিটি শিক্ষার্থীর নির্মাণ সম্পর্কে বোঝা উচিত।,Hard,IELTS Band 7-9,noun,Simple,Present Simple
Constructive,গঠনমূলক,/kʌnstrˈʌktɪv/,The result was extremely constructive.,ফলাফলটি অত্যন্ত গঠনমূলক ছিল।,Hard,IELTS Band 7-9,adjective,Simple,Past Simple
Consultation,পরামর্শ,/kɑnsʌltˈeɪʃʌn/,"Because of the consultation, the whole plan had to change.",পরামর্শ-এর কারণে পুরো পরিকল্পনা বদলাতে হয়েছিল।,Hard,IELTS Band 7-9,noun,Complex,Past Simple
Consumed,ব্যবহৃত,/kʌnsˈumd/,Experts have consumeded this issue for decades.,বিশেষজ্ঞরা কয়েক দশক ধরে এই বিষয়টি ব্যবহৃত করে আসছেন।,Medium,IELTS Band 6-7,verb,Simple,Present Perfect
Contingency,আকস্মিক ঘটনা,/kʌntˈɪndʒʌnsi/,Scientists are still examining the contingency closely.,বিজ্ঞানীরা এখনো আকস্মিক ঘটনা খুব কাছ থেকে পর্যবেক্ষণ করছেন।,Hard,IELTS Band 7-9,noun,Simple,Present Continuous
Continual,অবিরত,/kʌntˈɪnjuʌl/,The area has become increasingly continual in recent years.,সাম্প্রতিক বছরগুলোতে এলাকাটি ক্রমশ অবিরত হয়ে উঠেছে।,Medium,IELTS Band 6-7,adjective,Simple,Present Perfect
Contrast,বৈপরীত্য,/kˈɑntræst/,Researchers have studied this contrast for many years.,গবেষকরা বহু বছর ধরে এই বৈপরীত্য নিয়ে গবেষণা করেছেন।,Medium,IELTS Band 6-7,noun,Simple,Present Perfect
Contribute,অবদান রাখা,/kʌntrˈɪbjut/,"Although the contribute seemed minor, it changed everything.","যদিও অবদান রাখা বিষয়টি সামান্য মনে হয়েছিল, এটি সবকিছু বদলে দিয়েছিল।",Hard,IELTS Band 7-9,noun,Complex,Past Simple
Controversy,বিতর্ক,/kˈɑntrʌvɜrsi/,Every student should understand the controversy before the exam.,পরীক্ষার আগে প্রতিটি শিক্ষার্থীর বিতর্ক সম্পর্কে বোঝা উচিত।,Hard,IELTS Band 7-9,noun,Simple,Present Simple
Convenience,সুবিধা,/kʌnvˈinjʌns/,The convenience will play a major role in the final decision.,চূড়ান্ত সিদ্ধান্তে সুবিধা বড় ভূমিকা রাখবে।,Hard,IELTS Band 7-9,noun,Simple,Future Simple
Convict,অপরাধী,/kˈɑnvɪkt/,"Because of the convict, the whole plan had to change.",অপরাধী-এর কারণে পুরো পরিকল্পনা বদলাতে হয়েছিল।,Medium,IELTS Band 6-7,noun,Complex,Past Simple
Conviction,দন্ড,/kʌnvˈɪkʃʌn/,The article discusses the conviction in great detail.,প্রবন্ধটিতে দন্ড নিয়ে বিস্তারিত আলোচনা করা হয়েছে।,Hard,IELTS Band 7-9,noun,Simple,Present Simple
Convince,তর্কে পরাভূত করা,/kʌnvˈɪns/,Scientists are still examining the convince closely.,বিজ্ঞানীরা এখনো তর্কে পরাভূত করা খুব কাছ থেকে পর্যবেক্ষণ করছেন।,Medium,IELTS Band 6-7,noun,Simple,Present Continuous
Correlation,সম্পর্ক,/kɔrʌlˈeɪʃʌn/,The correlation was clearly explained in the report.,প্রতিবেদনে সম্পর্ক বিষয়টি স্পষ্টভাবে ব্যাখ্যা করা হয়েছিল।,Hard,IELTS Band 7-9,noun,Simple,Past Simple
Correspondence,সাদৃশ্য/সংগতি,/kɔrʌspˈɑndʌns/,Researchers have studied this correspondence for many years.,গবেষকরা বহু বছর ধরে এই সাদৃশ্য/সংগতি নিয়ে গবেষণা করেছেন।,Hard,IELTS Band 7-9,noun,Simple,Present Perfect
Council,পরিষদ,/kˈaʊnsʌl/,"Although the council seemed minor, it changed everything.","যদিও পরিষদ বিষয়টি সামান্য মনে হয়েছিল, এটি সবকিছু বদলে দিয়েছিল।",Medium,IELTS Band 6-7,noun,Complex,Past Simple
Creative,সৃজনশীল,/kriˈeɪtɪv/,Most experts consider this method quite creative.,বেশিরভাগ বিশেষজ্ঞ এই পদ্ধতিটিকে বেশ সৃজনশীল মনে করেন।,Medium,IELTS Band 6-7,adjective,Simple,Present Simple
Crew,দল,/krˈu/,The crew will play a major role in the final decision.,চূড়ান্ত সিদ্ধান্তে দল বড় ভূমিকা রাখবে।,Easy,IELTS Band 5-6,noun,Simple,Future Simple
Criterion,মানদণ্ড,/kraɪtˈɪriʌn/,"Because of the criterion, the whole plan had to change.",মানদণ্ড-এর কারণে পুরো পরিকল্পনা বদলাতে হয়েছিল।,Medium,IELTS Band 6-7,noun,Complex,Past Simple
Critical,সমালোচনামূলক,/krˈɪtɪkʌl/,The result was extremely critical.,ফলাফলটি অত্যন্ত সমালোচনামূলক ছিল।,Medium,IELTS Band 6-7,adjective,Simple,Past Simple
Crude,অপরিশোধিত,/krˈud/,Scientists are still examining the crude closely.,বিজ্ঞানীরা এখনো অপরিশোধিত খুব কাছ থেকে পর্যবেক্ষণ করছেন।,Easy,IELTS Band 5-6,noun,Simple,Present Continuous
Culprit,অপরাধী,/kˈʌlprɪt/,The culprit was clearly explained in the report.,প্রতিবেদনে অপরাধী বিষয়টি স্পষ্টভাবে ব্যাখ্যা করা হয়েছিল।,Medium,IELTS Band 6-7,noun,Simple,Past Simple
Curtail,কাটা/কমানো,/kɜrtˈeɪl/,Researchers have studied this curtail for many years.,গবেষকরা বহু বছর ধরে এই কাটা/কমানো নিয়ে গবেষণা করেছেন।,Medium,IELTS Band 6-7,noun,Simple,Present Perfect
Dangerous,বিপজ্জনক,/dˈeɪndʒɜrʌs/,The area has become increasingly dangerous in recent years.,সাম্প্রতিক বছরগুলোতে এলাকাটি ক্রমশ বিপজ্জনক হয়ে উঠেছে।,Medium,IELTS Band 6-7,adjective,Simple,Present Perfect
Deal with,পরিচালনা করা,,Every student should understand the deal with before the exam.,পরীক্ষার আগে প্রতিটি শিক্ষার্থীর পরিচালনা করা সম্পর্কে বোঝা উচিত।,Medium,IELTS Band 6-7,noun,Simple,Present Simple
Debate,বিতর্ক,/dʌbˈeɪt/,"If we act now, we can debate this matter.",এখন পদক্ষেপ নিলে আমরা বিষয়টি বিতর্ক করতে পারবো।,Medium,IELTS Band 6-7,verb,Complex,Present Simple
Deceptive,প্রতারণামূলক,/dɪsˈɛptɪv/,It is deceptive to prepare well before the test.,পরীক্ষার আগে ভালোভাবে প্রস্তুতি নেওয়া প্রতারণামূলক।,Hard,IELTS Band 7-9,adjective,Simple,Present Simple
Decline,পতন,/dɪklˈaɪn/,The article discusses the decline in great detail.,প্রবন্ধটিতে পতন নিয়ে বিস্তারিত আলোচনা করা হয়েছে।,Medium,IELTS Band 6-7,noun,Simple,Present Simple
Deduction,কাটা,/dɪdˈʌkʃʌn/,Scientists are still examining the deduction closely.,বিজ্ঞানীরা এখনো কাটা খুব কাছ থেকে পর্যবেক্ষণ করছেন।,Medium,IELTS Band 6-7,noun,Simple,Present Continuous
Degradation,মর্যাদাহানি,/dɛgrʌdˈeɪʃʌn/,The degradation was clearly explained in the report.,প্রতিবেদনে মর্যাদাহানি বিষয়টি স্পষ্টভাবে ব্যাখ্যা করা হয়েছিল।,Hard,IELTS Band 7-9,noun,Simple,Past Simple
Delight,আনন্দ,/dɪlˈaɪt/,Researchers have studied this delight for many years.,গবেষকরা বহু বছর ধরে এই আনন্দ নিয়ে গবেষণা করেছেন।,Medium,IELTS Band 6-7,noun,Simple,Present Perfect
Demand,চাহিদা,/dɪmˈænd/,"Although the demand seemed minor, it changed everything.","যদিও চাহিদা বিষয়টি সামান্য মনে হয়েছিল, এটি সবকিছু বদলে দিয়েছিল।",Easy,IELTS Band 5-6,noun,Complex,Past Simple
Democratic,গণতান্ত্রিক,/dɛmʌkrˈætɪk/,It is democratic to prepare well before the test.,পরীক্ষার আগে ভালোভাবে প্রস্তুতি নেওয়া গণতান্ত্রিক।,Hard,IELTS Band 7-9,adjective,Simple,Present Simple
Demolishing,ধ্বংস করা,/dɪmˈɑlɪʃɪŋ/,The team is demolishinging new ways to solve it.,দলটি এটি সমাধানের নতুন উপায় ধ্বংস করছে।,Hard,IELTS Band 7-9,verb,Simple,Present Continuous
Demonstration,প্রদর্শন,/dɛmʌnstrˈeɪʃʌn/,"Because of the demonstration, the whole plan had to change.",প্রদর্শন-এর কারণে পুরো পরিকল্পনা বদলাতে হয়েছিল।,Hard,IELTS Band 7-9,noun,Complex,Past Simple
Density,ঘনত্ব,/dˈɛnsʌti/,The article discusses the density in great detail.,প্রবন্ধটিতে ঘনত্ব নিয়ে বিস্তারিত আলোচনা করা হয়েছে।,Medium,IELTS Band 6-7,noun,Simple,Present Simple
Depleting,গ্রাস করা,/dɪplˈitɪŋ/,They depleting this issue every single day.,তারা প্রতিদিন এই বিষয়টি গ্রাস করে।,Medium,IELTS Band 6-7,verb,Simple,Present Simple
Depth,গভীরতা,/dˈɛpθ/,The depth was clearly explained in the report.,প্রতিবেদনে গভীরতা বিষয়টি স্পষ্টভাবে ব্যাখ্যা করা হয়েছিল।,Easy,IELTS Band 5-6,noun,Simple,Past Simple
Detect,সনাক্ত করা,/dɪtˈɛkt/,Researchers have studied this detect for many years.,গবেষকরা বহু বছর ধরে এই সনাক্ত করা নিয়ে গবেষণা করেছেন।,Easy,IELTS Band 5-6,noun,Simple,Present Perfect
Devastating,ংসাত্মক,/dˈɛvʌsteɪtɪŋ/,"If we act now, we can devastating this matter.",এখন পদক্ষেপ নিলে আমরা বিষয়টি ংসাত্মক করতে পারবো।,Hard,IELTS Band 7-9,verb,Complex,Present Simple
Dictate,নির্দেশ দেওয়া,/dɪktˈeɪt/,The team is dictating new ways to solve it.,দলটি এটি সমাধানের নতুন উপায় নির্দেশ দেওয়া করছে।,Medium,IELTS Band 6-7,verb,Simple,Present Continuous
Die out,লুপ্ত হত্রয়া,,The die out will play a major role in the final decision.,চূড়ান্ত সিদ্ধান্তে লুপ্ত হত্রয়া বড় ভূমিকা রাখবে।,Medium,IELTS Band 6-7,noun,Simple,Future Simple
Dimension,মাত্রা,/dɪmˈɛnʃʌn/,"Because of the dimension, the whole plan had to change.",মাত্রা-এর কারণে পুরো পরিকল্পনা বদলাতে হয়েছিল।,Medium,IELTS Band 6-7,noun,Complex,Past Simple
Disappearance,অন্তর্ধান,/dɪsʌpˈɪrʌns/,The article discusses the disappearance in great detail.,প্রবন্ধটিতে অন্তর্ধান নিয়ে বিস্তারিত আলোচনা করা হয়েছে।,Hard,IELTS Band 7-9,noun,Simple,Present Simple
Disappeared,অদৃশ্য,/dɪsʌpˈɪrd/,She disappeareded the problem before anyone noticed.,কেউ লক্ষ্য করার আগেই সে সমস্যাটি অদৃশ্য করেছিল।,Hard,IELTS Band 7-9,verb,Simple,Past Simple
Disbelief,অবিশ্বাস,/dɪsbɪlˈif/,The disbelief was clearly explained in the report.,প্রতিবেদনে অবিশ্বাস বিষয়টি স্পষ্টভাবে ব্যাখ্যা করা হয়েছিল।,Medium,IELTS Band 6-7,noun,Simple,Past Simple
Discriminate,বৈষম্য করা,/dɪskrˈɪmʌneɪt/,"If we act now, we can discriminate this matter.",এখন পদক্ষেপ নিলে আমরা বিষয়টি বৈষম্য করতে পারবো।,Hard,IELTS Band 7-9,verb,Complex,Present Simple
Discuss,আলোচনা করা,/dɪskˈʌs/,"Although the discuss seemed minor, it changed everything.","যদিও আলোচনা করা বিষয়টি সামান্য মনে হয়েছিল, এটি সবকিছু বদলে দিয়েছিল।",Medium,IELTS Band 6-7,noun,Complex,Past Simple
Discussion,আলোচনা,/dɪskˈʌʃʌn/,Every student should understand the discussion before the exam.,পরীক্ষার আগে প্রতিটি শিক্ষার্থীর আলোচনা সম্পর্কে বোঝা উচিত।,Hard,IELTS Band 7-9,noun,Simple,Present Simple
Disrupt,বিঘ্নিত করা,/dɪsrˈʌpt/,The disrupt will play a major role in the final decision.,চূড়ান্ত সিদ্ধান্তে বিঘ্নিত করা বড় ভূমিকা রাখবে।,Medium,IELTS Band 6-7,noun,Simple,Future Simple
Disruption,চুর্ণ-বিচুর্ণ অবস্থা,/dɪsrˈʌpʃʌn/,"Because of the disruption, the whole plan had to change.",চুর্ণ-বিচুর্ণ অবস্থা-এর কারণে পুরো পরিকল্পনা বদলাতে হয়েছিল।,Hard,IELTS Band 7-9,noun,Complex,Past Simple
Disruptive,বি্নকারী,/dɪsrˈʌptɪv/,"Although it looked disruptive, the plan actually worked.","যদিও এটি বি্নকারী মনে হয়েছিল, পরিকল্পনাটি আসলে কাজ করেছিল।",Hard,IELTS Band 7-9,adjective,Complex,Past Simple
Distraction,বিভ্রান্তি,/dɪstrˈækʃʌn/,Scientists are still examining the distraction closely.,বিজ্ঞানীরা এখনো বিভ্রান্তি খুব কাছ থেকে পর্যবেক্ষণ করছেন।,Hard,IELTS Band 7-9,noun,Simple,Present Continuous
Diverse,একাধিক,/daɪvˈɜrs/,The diverse was clearly explained in the report.,প্রতিবেদনে একাধিক বিষয়টি স্পষ্টভাবে ব্যাখ্যা করা হয়েছিল।,Medium,IELTS Band 6-7,noun,Simple,Past Simple
Document,নথি,/dˈɑkjʌmɛnt/,"Because the situation was so document, everyone took notice.",পরিস্থিতিটি এতটাই নথি ছিল যে সবাই লক্ষ্য করেছিল।,Medium,IELTS Band 6-7,adjective,Complex,Past Simple
Domestic,গৃহস্থালি,/dʌmˈɛstɪk/,The result was extremely domestic.,ফলাফলটি অত্যন্ত গৃহস্থালি ছিল।,Medium,IELTS Band 6-7,adjective,Simple,Past Simple
Dominant,প্রভাবশালী,/dˈɑmʌnʌnt/,It is dominant to prepare well before the test.,পরীক্ষার আগে ভালোভাবে প্রস্তুতি নেওয়া প্রভাবশালী।,Medium,IELTS Band 6-7,adjective,Simple,Present Simple
Donate,দান করা,/dˈoʊneɪt/,They donate this issue every single day.,তারা প্রতিদিন এই বিষয়টি দান করে।,Medium,IELTS Band 6-7,verb,Simple,Present Simple
Drive,অগ্রসর করা,/drˈaɪv/,Most experts consider this method quite drive.,বেশিরভাগ বিশেষজ্ঞ এই পদ্ধতিটিকে বেশ অগ্রসর করা মনে করেন।,Easy,IELTS Band 5-6,adjective,Simple,Present Simple
Drought,খরা,/drˈaʊt/,The article discusses the drought in great detail.,প্রবন্ধটিতে খরা নিয়ে বিস্তারিত আলোচনা করা হয়েছে।,Medium,IELTS Band 6-7,noun,Simple,Present Simple
Dull,নিস্তেজ,/dˈʌl/,Scientists are still examining the dull closely.,বিজ্ঞানীরা এখনো নিস্তেজ খুব কাছ থেকে পর্যবেক্ষণ করছেন।,Easy,IELTS Band 5-6,noun,Simple,Present Continuous
Durable,টেকসই,/dˈʊrʌbʌl/,The result was extremely durable.,ফলাফলটি অত্যন্ত টেকসই ছিল।,Medium,IELTS Band 6-7,adjective,Simple,Past Simple
Edge,প্রান্ত,/ˈɛdʒ/,Researchers have studied this edge for many years.,গবেষকরা বহু বছর ধরে এই প্রান্ত নিয়ে গবেষণা করেছেন।,Easy,IELTS Band 5-6,noun,Simple,Present Perfect
Edible,ভোজ্য,/ˈɛdʌbʌl/,"Although it looked edible, the plan actually worked.","যদিও এটি ভোজ্য মনে হয়েছিল, পরিকল্পনাটি আসলে কাজ করেছিল।",Medium,IELTS Band 6-7,adjective,Complex,Past Simple
Elegant,রুচিশীল,/ˈɛlʌgʌnt/,Most experts consider this method quite elegant.,বেশিরভাগ বিশেষজ্ঞ এই পদ্ধতিটিকে বেশ রুচিশীল মনে করেন।,Medium,IELTS Band 6-7,adjective,Simple,Present Simple
Eligibility,যোগ্যতা,/ɛlɪdʒʌbˈɪlɪti/,The eligibility will play a major role in the final decision.,চূড়ান্ত সিদ্ধান্তে যোগ্যতা বড় ভূমিকা রাখবে।,Hard,IELTS Band 7-9,noun,Simple,Future Simple
Eligible,যোগ্য,/ˈɛlʌdʒʌbʌl/,"Because the situation was so eligible, everyone took notice.",পরিস্থিতিটি এতটাই যোগ্য ছিল যে সবাই লক্ষ্য করেছিল।,Hard,IELTS Band 7-9,adjective,Complex,Past Simple
Emerging,উদীয়মান,/ɪmˈɜrdʒɪŋ/,"If we act now, we can emerging this matter.",এখন পদক্ষেপ নিলে আমরা বিষয়টি উদীয়মান করতে পারবো।,Medium,IELTS Band 6-7,verb,Complex,Present Simple
Emperor,সম্রাট,/ˈɛmpɜrɜr/,Scientists are still examining the emperor closely.,বিজ্ঞানীরা এখনো সম্রাট খুব কাছ থেকে পর্যবেক্ষণ করছেন।,Medium,IELTS Band 6-7,noun,Simple,Present Continuous
Employee,কর্মচারী,/ɛmplˈɔɪi/,The employee was clearly explained in the report.,প্রতিবেদনে কর্মচারী বিষয়টি স্পষ্টভাবে ব্যাখ্যা করা হয়েছিল।,Medium,IELTS Band 6-7,noun,Simple,Past Simple
Employment,চাকরি,/ɛmplˈɔɪmʌnt/,Most experts consider this method quite employment.,বেশিরভাগ বিশেষজ্ঞ এই পদ্ধতিটিকে বেশ চাকরি মনে করেন।,Hard,IELTS Band 7-9,adjective,Simple,Present Simple
Enable,সক্ষম করা,/ɛnˈeɪbʌl/,The area has become increasingly enable in recent years.,সাম্প্রতিক বছরগুলোতে এলাকাটি ক্রমশ সক্ষম করা হয়ে উঠেছে।,Medium,IELTS Band 6-7,adjective,Simple,Present Perfect
Encounter,সম্মুখীন,/ɪnkˈaʊntɜr/,Every student should understand the encounter before the exam.,পরীক্ষার আগে প্রতিটি শিক্ষার্থীর সম্মুখীন সম্পর্কে বোঝা উচিত।,Medium,IELTS Band 6-7,noun,Simple,Present Simple
Endurance,সহনশীলতা,/ˈɛndɜrʌns/,The endurance will play a major role in the final decision.,চূড়ান্ত সিদ্ধান্তে সহনশীলতা বড় ভূমিকা রাখবে।,Hard,IELTS Band 7-9,noun,Simple,Future Simple
Enhancing,উন্নতি করা,/ɛnhˈænsɪŋ/,"If we act now, we can enhancing this matter.",এখন পদক্ষেপ নিলে আমরা বিষয়টি উন্নতি করতে পারবো।,Medium,IELTS Band 6-7,verb,Complex,Present Simple
Enlarge,বড় করা,/ɛnlˈɑrdʒ/,The article discusses the enlarge in great detail.,প্রবন্ধটিতে বড় করা নিয়ে বিস্তারিত আলোচনা করা হয়েছে।,Medium,IELTS Band 6-7,noun,Simple,Present Simple
Enthusiastic,উদ্যমী,/ɪnθuziˈæstɪk/,Most experts consider this method quite enthusiastic.,বেশিরভাগ বিশেষজ্ঞ এই পদ্ধতিটিকে বেশ উদ্যমী মনে করেন।,Hard,IELTS Band 7-9,adjective,Simple,Present Simple
Entirely,সম্পূর্ণভাবে,/ɪntˈaɪɜrli/,She answered the question entirely.,সে সম্পূর্ণভাবে প্রশ্নের উত্তর দিয়েছিল।,Medium,IELTS Band 6-7,adverb,Simple,Past Simple
Era,যুগ,/ˈɛrʌ/,Researchers have studied this era for many years.,গবেষকরা বহু বছর ধরে এই যুগ নিয়ে গবেষণা করেছেন।,Easy,IELTS Band 5-6,noun,Simple,Present Perfect
Escalator,চলন্ত সিঁড়ি,/ˈɛskʌleɪtɜr/,"Although the escalator seemed minor, it changed everything.","যদিও চলন্ত সিঁড়ি বিষয়টি সামান্য মনে হয়েছিল, এটি সবকিছু বদলে দিয়েছিল।",Hard,IELTS Band 7-9,noun,Complex,Past Simple
Estuary,মোহনা,/ˈɛstʃuɛri/,It is estuary to prepare well before the test.,পরীক্ষার আগে ভালোভাবে প্রস্তুতি নেওয়া মোহনা।,Medium,IELTS Band 6-7,adjective,Simple,Present Simple
Evaluate,মূল্যায়ন,/ɪvˈæljueɪt/,"If we act now, we can evaluate this matter.",এখন পদক্ষেপ নিলে আমরা বিষয়টি মূল্যায়ন করতে পারবো।,Hard,IELTS Band 7-9,verb,Complex,Present Simple
Evaluation,মূল্যায়ন করা,/ɪvæljuˈeɪʃʌn/,"Because of the evaluation, the whole plan had to change.",মূল্যায়ন করা-এর কারণে পুরো পরিকল্পনা বদলাতে হয়েছিল।,Hard,IELTS Band 7-9,noun,Complex,Past Simple
Evolution,বিবর্তন,/ɛvʌlˈuʃʌn/,The article discusses the evolution in great detail.,প্রবন্ধটিতে বিবর্তন নিয়ে বিস্তারিত আলোচনা করা হয়েছে।,Hard,IELTS Band 7-9,noun,Simple,Present Simple
Excessive,অতিরিক্ত,/ɪksˈɛsɪv/,"Because the situation was so excessive, everyone took notice.",পরিস্থিতিটি এতটাই অতিরিক্ত ছিল যে সবাই লক্ষ্য করেছিল।,Hard,IELTS Band 7-9,adjective,Complex,Past Simple
Exchange,বিনিময়,/ɪkstʃˈeɪndʒ/,The exchange was clearly explained in the report.,প্রতিবেদনে বিনিময় বিষয়টি স্পষ্টভাবে ব্যাখ্যা করা হয়েছিল।,Medium,IELTS Band 6-7,noun,Simple,Past Simple
Exclude,বাদ দেওয়া,/ɪksklˈud/,Researchers have studied this exclude for many years.,গবেষকরা বহু বছর ধরে এই বাদ দেওয়া নিয়ে গবেষণা করেছেন।,Medium,IELTS Band 6-7,noun,Simple,Present Perfect
Executed,নিম্পন্ন,/ˈɛksʌkjutɪd/,Experts have executeded this issue for decades.,বিশেষজ্ঞরা কয়েক দশক ধরে এই বিষয়টি নিম্পন্ন করে আসছেন।,Hard,IELTS Band 7-9,verb,Simple,Present Perfect
Expenditure,ব্যয়,/ɪkspˈɛndʌtʃɜr/,Every student should understand the expenditure before the exam.,পরীক্ষার আগে প্রতিটি শিক্ষার্থীর ব্যয় সম্পর্কে বোঝা উচিত।,Hard,IELTS Band 7-9,noun,Simple,Present Simple
Expense,ব্যয়,/ɪkspˈɛns/,The expense will play a major role in the final decision.,চূড়ান্ত সিদ্ধান্তে ব্যয় বড় ভূমিকা রাখবে।,Medium,IELTS Band 6-7,noun,Simple,Future Simple
Experience,অভিজ্ঞতা,/ɪkspˈɪriʌns/,"Because of the experience, the whole plan had to change.",অভিজ্ঞতা-এর কারণে পুরো পরিকল্পনা বদলাতে হয়েছিল।,Hard,IELTS Band 7-9,noun,Complex,Past Simple
Experiment,পরীক্ষা,/ɪkspˈɛrʌmʌnt/,The result was extremely experiment.,ফলাফলটি অত্যন্ত পরীক্ষা ছিল।,Hard,IELTS Band 7-9,adjective,Simple,Past Simple
Explain,ব্যাখ্যা করা,/ɪksplˈeɪn/,Scientists are still examining the explain closely.,বিজ্ঞানীরা এখনো ব্যাখ্যা করা খুব কাছ থেকে পর্যবেক্ষণ করছেন।,Medium,IELTS Band 6-7,noun,Simple,Present Continuous
Explanation,ব্যাখ্যা,/ɛksplʌnˈeɪʃʌn/,The explanation was clearly explained in the report.,প্রতিবেদনে ব্যাখ্যা বিষয়টি স্পষ্টভাবে ব্যাখ্যা করা হয়েছিল।,Hard,IELTS Band 7-9,noun,Simple,Past Simple
Explicit,স্পষ্ট,/ɪksplˈɪsʌt/,Researchers have studied this explicit for many years.,গবেষকরা বহু বছর ধরে এই স্পষ্ট নিয়ে গবেষণা করেছেন।,Medium,IELTS Band 6-7,noun,Simple,Present Perfect
Exposed,প্রকাশিত,/ɪkspˈoʊzd/,"If we act now, we can exposed this matter.",এখন পদক্ষেপ নিলে আমরা বিষয়টি প্রকাশিত করতে পারবো।,Medium,IELTS Band 6-7,verb,Complex,Present Simple
Exposure,প্রকাশ,/ɪkspˈoʊʒɜr/,Every student should understand the exposure before the exam.,পরীক্ষার আগে প্রতিটি শিক্ষার্থীর প্রকাশ সম্পর্কে বোঝা উচিত।,Hard,IELTS Band 7-9,noun,Simple,Present Simple
Express,প্রকাশ করা,/ɪksprˈɛs/,The express will play a major role in the final decision.,চূড়ান্ত সিদ্ধান্তে প্রকাশ করা বড় ভূমিকা রাখবে।,Medium,IELTS Band 6-7,noun,Simple,Future Simple
Expression,অভিব্যক্তি,/ɪksprˈɛʃʌn/,"Because of the expression, the whole plan had to change.",অভিব্যক্তি-এর কারণে পুরো পরিকল্পনা বদলাতে হয়েছিল।,Hard,IELTS Band 7-9,noun,Complex,Past Simple
Extend,প্রসারিত করা,/ɪkstˈɛnd/,The article discusses the extend in great detail.,প্রবন্ধটিতে প্রসারিত করা নিয়ে বিস্তারিত আলোচনা করা হয়েছে।,Easy,IELTS Band 5-6,noun,Simple,Present Simple
Extension,সম্প্রসারণ,/ɪkstˈɛnʃʌn/,Scientists are still examining the extension closely.,বিজ্ঞানীরা এখনো সম্প্রসারণ খুব কাছ থেকে পর্যবেক্ষণ করছেন।,Medium,IELTS Band 6-7,noun,Simple,Present Continuous
Extract,নিষ্কাশন করা,/ˈɛkstrækt/,The extract was clearly explained in the report.,প্রতিবেদনে নিষ্কাশন করা বিষয়টি স্পষ্টভাবে ব্যাখ্যা করা হয়েছিল।,Medium,IELTS Band 6-7,noun,Simple,Past Simple
Facilities,সুবিধা,/fʌsˈɪlʌtiz/,Researchers have studied this facilities for many years.,গবেষকরা বহু বছর ধরে এই সুবিধা নিয়ে গবেষণা করেছেন।,Hard,IELTS Band 7-9,noun,Simple,Present Perfect
Fairly,মোটামুটি,/fˈɛrli/,He fairly explains difficult topics in class.,সে ক্লাসে কঠিন বিষয়গুলো মোটামুটি ব্যাখ্যা করে।,Easy,IELTS Band 5-6,adverb,Simple,Present Simple
Fancy,অভিনব,/fˈænsi/,Every student should understand the fancy before the exam.,পরীক্ষার আগে প্রতিটি শিক্ষার্থীর অভিনব সম্পর্কে বোঝা উচিত।,Easy,IELTS Band 5-6,noun,Simple,Present Simple
Fascination,মোহ,/fæsʌnˈeɪʃʌn/,The fascination will play a major role in the final decision.,চূড়ান্ত সিদ্ধান্তে মোহ বড় ভূমিকা রাখবে।,Hard,IELTS Band 7-9,noun,Simple,Future Simple
feat,কৃতিত্ব,/fˈit/,"Because of the feat, the whole plan had to change.",কৃতিত্ব-এর কারণে পুরো পরিকল্পনা বদলাতে হয়েছিল।,Easy,IELTS Band 5-6,noun,Complex,Past Simple
Festival,উৎসব,/fˈɛstʌvʌl/,The area has become increasingly festival in recent years.,সাম্প্রতিক বছরগুলোতে এলাকাটি ক্রমশ উৎসব হয়ে উঠেছে।,Medium,IELTS Band 6-7,adjective,Simple,Present Perfect
Flare,প্রসারণ,/flˈɛr/,Scientists are still examining the flare closely.,বিজ্ঞানীরা এখনো প্রসারণ খুব কাছ থেকে পর্যবেক্ষণ করছেন।,Easy,IELTS Band 5-6,noun,Simple,Present Continuous
Framework,কাঠামো,/frˈeɪmwɜrk/,The framework was clearly explained in the report.,প্রতিবেদনে কাঠামো বিষয়টি স্পষ্টভাবে ব্যাখ্যা করা হয়েছিল।,Medium,IELTS Band 6-7,noun,Simple,Past Simple
Gather,সংগ্রহ করা,/gˈæðɜr/,Researchers have studied this gather for many years.,গবেষকরা বহু বছর ধরে এই সংগ্রহ করা নিয়ে গবেষণা করেছেন।,Easy,IELTS Band 5-6,noun,Simple,Present Perfect
Generous,উদার,/dʒˈɛnɜrʌs/,"Although it looked generous, the plan actually worked.","যদিও এটি উদার মনে হয়েছিল, পরিকল্পনাটি আসলে কাজ করেছিল।",Medium,IELTS Band 6-7,adjective,Complex,Past Simple
Groundbreaking,যুগান্তকারী,/grˈaʊndbreɪkɪŋ/,"Because they groundbreakinged early, the project succeeded.","যেহেতু তারা আগেই যুগান্তকারী করেছিল, প্রকল্পটি সফল হয়েছিল।",Hard,IELTS Band 7-9,verb,Complex,Past Simple
Grubby,নোংরা,/grˈʌbi/,The grubby will play a major role in the final decision.,চূড়ান্ত সিদ্ধান্তে নোংরা বড় ভূমিকা রাখবে।,Easy,IELTS Band 5-6,noun,Simple,Future Simple
Guideline,নির্দেশিকা,/gˈaɪdlaɪn/,"Because of the guideline, the whole plan had to change.",নির্দেশিকা-এর কারণে পুরো পরিকল্পনা বদলাতে হয়েছিল।,Hard,IELTS Band 7-9,noun,Complex,Past Simple
Halt,সাময়িক বিরতি,/hˈɔlt/,The article discusses the halt in great detail.,প্রবন্ধটিতে সাময়িক বিরতি নিয়ে বিস্তারিত আলোচনা করা হয়েছে।,Easy,IELTS Band 5-6,noun,Simple,Present Simple
Handicraft,হস্তশিল্প,/hˈændikræft/,Scientists are still examining the handicraft closely.,বিজ্ঞানীরা এখনো হস্তশিল্প খুব কাছ থেকে পর্যবেক্ষণ করছেন।,Hard,IELTS Band 7-9,noun,Simple,Present Continuous
Handle,হ্যান্ডেল,/hˈændʌl/,The handle was clearly explained in the report.,প্রতিবেদনে হ্যান্ডেল বিষয়টি স্পষ্টভাবে ব্যাখ্যা করা হয়েছিল।,Easy,IELTS Band 5-6,noun,Simple,Past Simple
Harsh,কঠোর,/hˈɑrʃ/,Researchers have studied this harsh for many years.,গবেষকরা বহু বছর ধরে এই কঠোর নিয়ে গবেষণা করেছেন।,Easy,IELTS Band 5-6,noun,Simple,Present Perfect
Homely,সাধারণ,/hˈoʊmli/,He homely explains difficult topics in class.,সে ক্লাসে কঠিন বিষয়গুলো সাধারণ ব্যাখ্যা করে।,Easy,IELTS Band 5-6,adverb,Simple,Present Simple
Horticulture,উদ্যানবিদ্যা,/hˈɔrtɪkʌltʃɜr/,Every student should understand the horticulture before the exam.,পরীক্ষার আগে প্রতিটি শিক্ষার্থীর উদ্যানবিদ্যা সম্পর্কে বোঝা উচিত।,Hard,IELTS Band 7-9,noun,Simple,Present Simple
IELTS,শা + -,,The ielts will play a major role in the final decision.,চূড়ান্ত সিদ্ধান্তে শা + - বড় ভূমিকা রাখবে।,Easy,IELTS Band 5-6,noun,Simple,Future Simple
Illustrate,দৃষ্টান্ত দেওয়া,/ˈɪlʌstreɪt/,Experts have illustrated this issue for decades.,বিশেষজ্ঞরা কয়েক দশক ধরে এই বিষয়টি দৃষ্টান্ত দেওয়া করে আসছেন।,Hard,IELTS Band 7-9,verb,Simple,Present Perfect
Imagery,চিত্রকল্প,/ˈɪmʌdʒri/,The article discusses the imagery in great detail.,প্রবন্ধটিতে চিত্রকল্প নিয়ে বিস্তারিত আলোচনা করা হয়েছে।,Medium,IELTS Band 6-7,noun,Simple,Present Simple
Implications,প্রভাব,/ɪmplʌkˈeɪʃʌnz/,Scientists are still examining the implications closely.,বিজ্ঞানীরা এখনো প্রভাব খুব কাছ থেকে পর্যবেক্ষণ করছেন।,Hard,IELTS Band 7-9,noun,Simple,Present Continuous
Implicit,অন্তর্নিহিত,/ɪmplˈɪsʌt/,The implicit was clearly explained in the report.,প্রতিবেদনে অন্তর্নিহিত বিষয়টি স্পষ্টভাবে ব্যাখ্যা করা হয়েছিল।,Medium,IELTS Band 6-7,noun,Simple,Past Simple
Important,গুরুত্বপূর্ণ,/ɪmpˈɔrtʌnt/,"Because the situation was so important, everyone took notice.",পরিস্থিতিটি এতটাই গুরুত্বপূর্ণ ছিল যে সবাই লক্ষ্য করেছিল।,Medium,IELTS Band 6-7,adjective,Complex,Past Simple
Impress,প্রভাবিত করা,/ɪmprˈɛs/,"Although the impress seemed minor, it changed everything.","যদিও প্রভাবিত করা বিষয়টি সামান্য মনে হয়েছিল, এটি সবকিছু বদলে দিয়েছিল।",Medium,IELTS Band 6-7,noun,Complex,Past Simple
Inadequate,অপর্যাপ্ত,/ɪnˈædʌkwʌt/,She inadequated the problem before anyone noticed.,কেউ লক্ষ্য করার আগেই সে সমস্যাটি অপর্যাপ্ত করেছিল।,Hard,IELTS Band 7-9,verb,Simple,Past Simple
Incident,ঘটনা,/ˈɪnsʌdʌnt/,"Although it looked incident, the plan actually worked.","যদিও এটি ঘটনা মনে হয়েছিল, পরিকল্পনাটি আসলে কাজ করেছিল।",Medium,IELTS Band 6-7,adjective,Complex,Past Simple
Inclusion,অন্ত্ভূক্তি,/ɪnklˈuʒʌn/,"Because of the inclusion, the whole plan had to change.",অন্ত্ভূক্তি-এর কারণে পুরো পরিকল্পনা বদলাতে হয়েছিল।,Medium,IELTS Band 6-7,noun,Complex,Past Simple
Indeed,প্রকৃতপক্ষে,/ɪndˈid/,The team is indeeding new ways to solve it.,দলটি এটি সমাধানের নতুন উপায় প্রকৃতপক্ষে করছে।,Easy,IELTS Band 5-6,verb,Simple,Present Continuous
Induction,প্রবর্তন,/ɪndˈʌkʃʌn/,Scientists are still examining the induction closely.,বিজ্ঞানীরা এখনো প্রবর্তন খুব কাছ থেকে পর্যবেক্ষণ করছেন।,Medium,IELTS Band 6-7,noun,Simple,Present Continuous
Industrial,শিল্প,/ɪndˈʌstriʌl/,The result was extremely industrial.,ফলাফলটি অত্যন্ত শিল্প ছিল।,Hard,IELTS Band 7-9,adjective,Simple,Past Simple
Inexperienced,অনভিজ্ঞ,/ɪnɪkspˈɪriʌnst/,They inexperienced this issue every single day.,তারা প্রতিদিন এই বিষয়টি অনভিজ্ঞ করে।,Hard,IELTS Band 7-9,verb,Simple,Present Simple
Informative,তথ্যপুং,/ɪnfˈɔrmʌtɪv/,"Although it looked informative, the plan actually worked.","যদিও এটি তথ্যপুং মনে হয়েছিল, পরিকল্পনাটি আসলে কাজ করেছিল।",Hard,IELTS Band 7-9,adjective,Complex,Past Simple
Ingenuity,অকপটতা,/ɪndʒʌnˈuʌti/,Every student should understand the ingenuity before the exam.,পরীক্ষার আগে প্রতিটি শিক্ষার্থীর অকপটতা সম্পর্কে বোঝা উচিত।,Medium,IELTS Band 6-7,noun,Simple,Present Simple
Ingest,গ্রহণ করা,/ɪndʒˈɛst/,The ingest will play a major role in the final decision.,চূড়ান্ত সিদ্ধান্তে গ্রহণ করা বড় ভূমিকা রাখবে।,Easy,IELTS Band 5-6,noun,Simple,Future Simple
Ingredient,উপাদান,/ɪngrˈidiʌnt/,"Because the situation was so ingredient, everyone took notice.",পরিস্থিতিটি এতটাই উপাদান ছিল যে সবাই লক্ষ্য করেছিল।,Hard,IELTS Band 7-9,adjective,Complex,Past Simple
Inherited,উত্তরাধিকার সূত্রে প্রাপ্ত,/ɪnhˈɛrʌtɪd/,"Next year, the company will inherited this plan.",আগামী বছর কোম্পানিটি এই পরিকল্পনা উত্তরাধিকার সূত্রে প্রাপ্ত করবে।,Hard,IELTS Band 7-9,verb,Simple,Future Simple
Initially,প্রাথমিকভাবে,/ɪnˈɪʃʌli/,"Because she worked initially, she finished on time.",সে প্রাথমিকভাবে কাজ করেছিল বলে সময়মতো শেষ করতে পেরেছিল।,Medium,IELTS Band 6-7,adverb,Complex,Past Simple
Innate,জন্মগত,/ɪnˈeɪt/,They innate this issue every single day.,তারা প্রতিদিন এই বিষয়টি জন্মগত করে।,Medium,IELTS Band 6-7,verb,Simple,Present Simple
Inscription,শিলালিপি,/ɪnskrˈɪpʃʌn/,Researchers have studied this inscription for many years.,গবেষকরা বহু বছর ধরে এই শিলালিপি নিয়ে গবেষণা করেছেন।,Hard,IELTS Band 7-9,noun,Simple,Present Perfect
Inspiration,অনুপ্রেরণা,/ɪnspɜrˈeɪʃʌn/,"Although the inspiration seemed minor, it changed everything.","যদিও অনুপ্রেরণা বিষয়টি সামান্য মনে হয়েছিল, এটি সবকিছু বদলে দিয়েছিল।",Hard,IELTS Band 7-9,noun,Complex,Past Simple
Instructor,প্রশিক্ষক,/ɪnstrˈʌktɜr/,Every student should understand the instructor before the exam.,পরীক্ষার আগে প্রতিটি শিক্ষার্থীর প্রশিক্ষক সম্পর্কে বোঝা উচিত।,Hard,IELTS Band 7-9,noun,Simple,Present Simple
Insurance,বীমা,/ɪnʃˈʊrʌns/,The insurance will play a major role in the final decision.,চূড়ান্ত সিদ্ধান্তে বীমা বড় ভূমিকা রাখবে।,Hard,IELTS Band 7-9,noun,Simple,Future Simple
Intact,অক্ষত,/ɪntˈækt/,"Because of the intact, the whole plan had to change.",অক্ষত-এর কারণে পুরো পরিকল্পনা বদলাতে হয়েছিল।,Easy,IELTS Band 5-6,noun,Complex,Past Simple
Integrated,সমন্বিত,/ˈɪntʌgreɪtʌd/,"Because they integrateded early, the project succeeded.","যেহেতু তারা আগেই সমন্বিত করেছিল, প্রকল্পটি সফল হয়েছিল।",Hard,IELTS Band 7-9,verb,Complex,Past Simple
Intellectual,বুদ্ধিজীবী,/ɪntʌlˈɛktʃuʌl/,Most experts consider this method quite intellectual.,বেশিরভাগ বিশেষজ্ঞ এই পদ্ধতিটিকে বেশ বুদ্ধিজীবী মনে করেন।,Hard,IELTS Band 7-9,adjective,Simple,Present Simple
Interim,অন্তর্বর্তী,/ˈɪntɜrʌm/,The interim was clearly explained in the report.,প্রতিবেদনে অন্তর্বর্তী বিষয়টি স্পষ্টভাবে ব্যাখ্যা করা হয়েছিল।,Medium,IELTS Band 6-7,noun,Simple,Past Simple
Interior,অভ্যন্তর,/ɪntˈɪriɜr/,Researchers have studied this interior for many years.,গবেষকরা বহু বছর ধরে এই অভ্যন্তর নিয়ে গবেষণা করেছেন।,Medium,IELTS Band 6-7,noun,Simple,Present Perfect
Internal,অভ্যন্তরীণ,/ɪntˈɜrnʌl/,The result was extremely internal.,ফলাফলটি অত্যন্ত অভ্যন্তরীণ ছিল।,Medium,IELTS Band 6-7,adjective,Simple,Past Simple
Intricate,জটিল,/ˈɪntrʌkʌt/,The team is intricating new ways to solve it.,দলটি এটি সমাধানের নতুন উপায় জটিল করছে।,Hard,IELTS Band 7-9,verb,Simple,Present Continuous
Investigation,তদন্ত,/ɪnvɛstʌgˈeɪʃʌn/,The investigation will play a major role in the final decision.,চূড়ান্ত সিদ্ধান্তে তদন্ত বড় ভূমিকা রাখবে।,Hard,IELTS Band 7-9,noun,Simple,Future Simple
Irrational,অযৌক্তিক,/ɪrˈæʃʌnʌl/,Most experts consider this method quite irrational.,বেশিরভাগ বিশেষজ্ঞ এই পদ্ধতিটিকে বেশ অযৌক্তিক মনে করেন।,Hard,IELTS Band 7-9,adjective,Simple,Present Simple
Irrelevant,অপ্রাসঙ্গিক,/ɪrˈɛlʌvʌnt/,The area has become increasingly irrelevant in recent years.,সাম্প্রতিক বছরগুলোতে এলাকাটি ক্রমশ অপ্রাসঙ্গিক হয়ে উঠেছে।,Hard,IELTS Band 7-9,adjective,Simple,Present Perfect
Leisure,অবসর,/lˈɛʒɜr/,Scientists are still examining the leisure closely.,বিজ্ঞানীরা এখনো অবসর খুব কাছ থেকে পর্যবেক্ষণ করছেন।,Medium,IELTS Band 6-7,noun,Simple,Present Continuous
Likely,সম্ভবত,/lˈaɪkli/,She answered the question likely.,সে সম্ভবত প্রশ্নের উত্তর দিয়েছিল।,Easy,IELTS Band 5-6,adverb,Simple,Past Simple
Limited,সীমিত,/lˈɪmʌtʌd/,"If we act now, we can limited this matter.",এখন পদক্ষেপ নিলে আমরা বিষয়টি সীমিত করতে পারবো।,Medium,IELTS Band 6-7,verb,Complex,Present Simple
Long-term,দীর্ঘ মেয়াদী,/lˈɔŋtˈɜrm/,"Although the long-term seemed minor, it changed everything.","যদিও দীর্ঘ মেয়াদী বিষয়টি সামান্য মনে হয়েছিল, এটি সবকিছু বদলে দিয়েছিল।",Medium,IELTS Band 6-7,noun,Complex,Past Simple
Loyalty,আনুগত্য,/lˈɔɪʌlti/,Every student should understand the loyalty before the exam.,পরীক্ষার আগে প্রতিটি শিক্ষার্থীর আনুগত্য সম্পর্কে বোঝা উচিত।,Medium,IELTS Band 6-7,noun,Simple,Present Simple
Lucrative,লাভজনক,/lˈukrʌtɪv/,The area has become increasingly lucrative in recent years.,সাম্প্রতিক বছরগুলোতে এলাকাটি ক্রমশ লাভজনক হয়ে উঠেছে।,Hard,IELTS Band 7-9,adjective,Simple,Present Perfect
Maintain,বজায় রাখা,/meɪntˈeɪn/,"Because of the maintain, the whole plan had to change.",বজায় রাখা-এর কারণে পুরো পরিকল্পনা বদলাতে হয়েছিল।,Medium,IELTS Band 6-7,noun,Complex,Past Simple
Majority,সংখ্যাগরিষ্ঠ,/mʌdʒˈɔrʌti/,The article discusses the majority in great detail.,প্রবন্ধটিতে সংখ্যাগরিষ্ঠ নিয়ে বিস্তারিত আলোচনা করা হয়েছে।,Medium,IELTS Band 6-7,noun,Simple,Present Simple
Management,ব্যবস্থাপনা,/mˈænʌdʒmʌnt/,It is management to prepare well before the test.,পরীক্ষার আগে ভালোভাবে প্রস্তুতি নেওয়া ব্যবস্থাপনা।,Hard,IELTS Band 7-9,adjective,Simple,Present Simple
Manipulate,নিপুণভাবে পরিচালনা করা,/mʌnˈɪpjʌleɪt/,"If we act now, we can manipulate this matter.",এখন পদক্ষেপ নিলে আমরা বিষয়টি নিপুণভাবে পরিচালনা করতে পারবো।,Hard,IELTS Band 7-9,verb,Complex,Present Simple
Massively,ব্যাপকভাবে,/mˈæsɪvli/,The plan was massively rejected by the committee.,পরিকল্পনাটি কমিটি ব্যাপকভাবে প্রত্যাখ্যান করেছিল।,Medium,IELTS Band 6-7,adverb,Simple,Past Simple
Maze,গোলকধাঁধা,/mˈeɪz/,"Although the maze seemed minor, it changed everything.","যদিও গোলকধাঁধা বিষয়টি সামান্য মনে হয়েছিল, এটি সবকিছু বদলে দিয়েছিল।",Easy,IELTS Band 5-6,noun,Complex,Past Simple
Meal,খাবার,/mˈil/,"Because the situation was so meal, everyone took notice.",পরিস্থিতিটি এতটাই খাবার ছিল যে সবাই লক্ষ্য করেছিল।,Easy,IELTS Band 5-6,adjective,Complex,Past Simple
Measurable,পরিমাপযোগ্য,/mˈɛʒɜrʌbʌl/,The result was extremely measurable.,ফলাফলটি অত্যন্ত পরিমাপযোগ্য ছিল।,Hard,IELTS Band 7-9,adjective,Simple,Past Simple
Memorable,স্মরণীয়,/mˈɛmɜrʌbʌl/,It is memorable to prepare well before the test.,পরীক্ষার আগে ভালোভাবে প্রস্তুতি নেওয়া স্মরণীয়।,Hard,IELTS Band 7-9,adjective,Simple,Present Simple
Menace,ভীতি প্রদর্শন করা,/mˈɛnʌs/,The article discusses the menace in great detail.,প্রবন্ধটিতে ভীতি প্রদর্শন করা নিয়ে বিস্তারিত আলোচনা করা হয়েছে।,Medium,IELTS Band 6-7,noun,Simple,Present Simple
Misleading,বিভ্রান্তিকর,/mɪslˈidɪŋ/,"If we act now, we can misleading this matter.",এখন পদক্ষেপ নিলে আমরা বিষয়টি বিভ্রান্তিকর করতে পারবো।,Hard,IELTS Band 7-9,verb,Complex,Present Simple
Misunderstanding,ভুল বোঝাবুঝি,/mɪsʌndɜrstˈændɪŋ/,The team is misunderstandinging new ways to solve it.,দলটি এটি সমাধানের নতুন উপায় ভুল বোঝাবুঝি করছে।,Hard,IELTS Band 7-9,verb,Simple,Present Continuous
Mitigate,উপশম করা,/mˈɪtʌgeɪt/,"Next year, the company will mitigate this plan.",আগামী বছর কোম্পানিটি এই পরিকল্পনা উপশম করবে।,Hard,IELTS Band 7-9,verb,Simple,Future Simple
Mobility,গতিশীলতা,/moʊbˈɪlʌti/,"Although the mobility seemed minor, it changed everything.","যদিও গতিশীলতা বিষয়টি সামান্য মনে হয়েছিল, এটি সবকিছু বদলে দিয়েছিল।",Medium,IELTS Band 6-7,noun,Complex,Past Simple
Model,প্রদর্শন,/mˈɑdʌl/,Every student should understand the model before the exam.,পরীক্ষার আগে প্রতিটি শিক্ষার্থীর প্রদর্শন সম্পর্কে বোঝা উচিত।,Easy,IELTS Band 5-6,noun,Simple,Present Simple
Moment,মুহূর্ত,/mˈoʊmʌnt/,"Although it looked moment, the plan actually worked.","যদিও এটি মুহূর্ত মনে হয়েছিল, পরিকল্পনাটি আসলে কাজ করেছিল।",Easy,IELTS Band 5-6,adjective,Complex,Past Simple
Monument,৬,/mˈɑnjumʌnt/,Most experts consider this method quite monument.,বেশিরভাগ বিশেষজ্ঞ এই পদ্ধতিটিকে বেশ ৬ মনে করেন।,Medium,IELTS Band 6-7,adjective,Simple,Present Simple
Monumental,স্মারক,/mɑnjʌmˈɛntʌl/,The area has become increasingly monumental in recent years.,সাম্প্রতিক বছরগুলোতে এলাকাটি ক্রমশ স্মারক হয়ে উঠেছে।,Hard,IELTS Band 7-9,adjective,Simple,Present Perfect
Negotiation,আলোচনা,/nɪgoʊʃiˈeɪʃʌn/,Scientists are still examining the negotiation closely.,বিজ্ঞানীরা এখনো আলোচনা খুব কাছ থেকে পর্যবেক্ষণ করছেন।,Hard,IELTS Band 7-9,noun,Simple,Present Continuous
Nominated,মনোনীত,/nˈɑmʌneɪtʌd/,"Next year, the company will nominated this plan.",আগামী বছর কোম্পানিটি এই পরিকল্পনা মনোনীত করবে।,Hard,IELTS Band 7-9,verb,Simple,Future Simple
Notion,অস্পষ্ট ধারণা,/nˈoʊʃʌn/,Researchers have studied this notion for many years.,গবেষকরা বহু বছর ধরে এই অস্পষ্ট ধারণা নিয়ে গবেষণা করেছেন।,Easy,IELTS Band 5-6,noun,Simple,Present Perfect
Notorious,কুখ্যাত,/noʊtˈɔriʌs/,"Although it looked notorious, the plan actually worked.","যদিও এটি কুখ্যাত মনে হয়েছিল, পরিকল্পনাটি আসলে কাজ করেছিল।",Medium,IELTS Band 6-7,adjective,Complex,Past Simple
Nuisance,উৎপাত,/nˈusʌns/,Every student should understand the nuisance before the exam.,পরীক্ষার আগে প্রতিটি শিক্ষার্থীর উৎপাত সম্পর্কে বোঝা উচিত।,Medium,IELTS Band 6-7,noun,Simple,Present Simple
Observe,পর্যবেক্ষণ করা,/ʌbzˈɜrv/,The observe will play a major role in the final decision.,চূড়ান্ত সিদ্ধান্তে পর্যবেক্ষণ করা বড় ভূমিকা রাখবে।,Medium,IELTS Band 6-7,noun,Simple,Future Simple
Obsessed,আবেশ,/ʌbsˈɛst/,"If we act now, we can obsessed this matter.",এখন পদক্ষেপ নিলে আমরা বিষয়টি আবেশ করতে পারবো।,Medium,IELTS Band 6-7,verb,Complex,Present Simple
Obvious,স্পষ্ট,/ˈɑbviʌs/,The result was extremely obvious.,ফলাফলটি অত্যন্ত স্পষ্ট ছিল।,Medium,IELTS Band 6-7,adjective,Simple,Past Simple
Occasionally,মাঝে মাঝে,/ʌkˈeɪʒʌnʌli/,"Because she worked occasionally, she finished on time.",সে মাঝে মাঝে কাজ করেছিল বলে সময়মতো শেষ করতে পেরেছিল।,Hard,IELTS Band 7-9,adverb,Complex,Past Simple
Occur,ঘটে,/ʌkˈɜr/,The occur was clearly explained in the report.,প্রতিবেদনে ঘটে বিষয়টি স্পষ্টভাবে ব্যাখ্যা করা হয়েছিল।,Easy,IELTS Band 5-6,noun,Simple,Past Simple
Organic,জৈব,/ɔrgˈænɪk/,Most experts consider this method quite organic.,বেশিরভাগ বিশেষজ্ঞ এই পদ্ধতিটিকে বেশ জৈব মনে করেন।,Medium,IELTS Band 6-7,adjective,Simple,Present Simple
Organism,জীব,/ˈɔrgʌnɪzʌm/,"Although the organism seemed minor, it changed everything.","যদিও জীব বিষয়টি সামান্য মনে হয়েছিল, এটি সবকিছু বদলে দিয়েছিল।",Medium,IELTS Band 6-7,noun,Complex,Past Simple
Overpriced,অতিরিক্ত,/ˈoʊvɜrpraɪst/,Experts have overpriceded this issue for decades.,বিশেষজ্ঞরা কয়েক দশক ধরে এই বিষয়টি অতিরিক্ত করে আসছেন।,Hard,IELTS Band 7-9,verb,Simple,Present Perfect
Ownership,মালিকানা,/ˈoʊnɜrʃɪp/,The ownership will play a major role in the final decision.,চূড়ান্ত সিদ্ধান্তে মালিকানা বড় ভূমিকা রাখবে।,Medium,IELTS Band 6-7,noun,Simple,Future Simple
Partial,আংশিক,/pˈɑrʃʌl/,It is partial to prepare well before the test.,পরীক্ষার আগে ভালোভাবে প্রস্তুতি নেওয়া আংশিক।,Medium,IELTS Band 6-7,adjective,Simple,Present Simple
Participation,অংশগ্রহণ,/pɑrtɪsʌpˈeɪʃʌn/,The article discusses the participation in great detail.,প্রবন্ধটিতে অংশগ্রহণ নিয়ে বিস্তারিত আলোচনা করা হয়েছে।,Hard,IELTS Band 7-9,noun,Simple,Present Simple
Particularly,বিশেষভাবে,/pɑrtˈɪkjʌlɜrli/,"Because she worked particularly, she finished on time.",সে বিশেষভাবে কাজ করেছিল বলে সময়মতো শেষ করতে পেরেছিল।,Hard,IELTS Band 7-9,adverb,Complex,Past Simple
Passion,আবেগ,/pˈæʃʌn/,The passion was clearly explained in the report.,প্রতিবেদনে আবেগ বিষয়টি স্পষ্টভাবে ব্যাখ্যা করা হয়েছিল।,Medium,IELTS Band 6-7,noun,Simple,Past Simple
Passionate,আবেগপ্রবণ,/pˈæʃʌnʌt/,She passionated the problem before anyone noticed.,কেউ লক্ষ্য করার আগেই সে সমস্যাটি আবেগপ্রবণ করেছিল।,Hard,IELTS Band 7-9,verb,Simple,Past Simple
Persistent,স্থায়ী,/pɜrsˈɪstʌnt/,The result was extremely persistent.,ফলাফলটি অত্যন্ত স্থায়ী ছিল।,Hard,IELTS Band 7-9,adjective,Simple,Past Simple
Persuasion,প্ররোচনা,/pɜrswˈeɪʒʌn/,Every student should understand the persuasion before the exam.,পরীক্ষার আগে প্রতিটি শিক্ষার্থীর প্ররোচনা সম্পর্কে বোঝা উচিত।,Hard,IELTS Band 7-9,noun,Simple,Present Simple
Placement,স্থাপন,/plˈeɪsmʌnt/,"Although it looked placement, the plan actually worked.","যদিও এটি স্থাপন মনে হয়েছিল, পরিকল্পনাটি আসলে কাজ করেছিল।",Medium,IELTS Band 6-7,adjective,Complex,Past Simple
Playwright,নাট্যকার,/plˈeɪraɪt/,"Because of the playwright, the whole plan had to change.",নাট্যকার-এর কারণে পুরো পরিকল্পনা বদলাতে হয়েছিল।,Hard,IELTS Band 7-9,noun,Complex,Past Simple
Plentiful,প্রচুর,/plˈɛntʌfʌl/,The area has become increasingly plentiful in recent years.,সাম্প্রতিক বছরগুলোতে এলাকাটি ক্রমশ প্রচুর হয়ে উঠেছে।,Medium,IELTS Band 6-7,adjective,Simple,Present Perfect
Poorly,দুর্বল,/pˈurli/,"Because she worked poorly, she finished on time.",সে দুর্বল কাজ করেছিল বলে সময়মতো শেষ করতে পেরেছিল।,Easy,IELTS Band 5-6,adverb,Complex,Past Simple
Popular,জনপ্রিয়,/pˈɑpjʌlɜr/,The popular was clearly explained in the report.,প্রতিবেদনে জনপ্রিয় বিষয়টি স্পষ্টভাবে ব্যাখ্যা করা হয়েছিল।,Medium,IELTS Band 6-7,noun,Simple,Past Simple
Precautions,সতর্কতা,/prikˈɔʃʌnz/,Researchers have studied this precautions for many years.,গবেষকরা বহু বছর ধরে এই সতর্কতা নিয়ে গবেষণা করেছেন।,Hard,IELTS Band 7-9,noun,Simple,Present Perfect
Precise,সঠিক,/prɪsˈaɪs/,"If we act now, we can precise this matter.",এখন পদক্ষেপ নিলে আমরা বিষয়টি সঠিক করতে পারবো।,Medium,IELTS Band 6-7,verb,Complex,Present Simple
Precisely,সঠিকভাবে,/prɪsˈaɪsli/,"Because she worked precisely, she finished on time.",সে সঠিকভাবে কাজ করেছিল বলে সময়মতো শেষ করতে পেরেছিল।,Medium,IELTS Band 6-7,adverb,Complex,Past Simple
Predators,শিকারি,/prˈɛdʌtɜrz/,The predators will play a major role in the final decision.,চূড়ান্ত সিদ্ধান্তে শিকারি বড় ভূমিকা রাখবে।,Medium,IELTS Band 6-7,noun,Simple,Future Simple
Predecessors,পূর্বপুরুষ,/prˈɛdʌsɛsɜrz/,"Because of the predecessors, the whole plan had to change.",পূর্বপুরুষ-এর কারণে পুরো পরিকল্পনা বদলাতে হয়েছিল।,Hard,IELTS Band 7-9,noun,Complex,Past Simple
Predictable,পূর্বাভাসযোগ্য -,/prɪdˈɪktʌbʌl/,The result was extremely predictable.,ফলাফলটি অত্যন্ত পূর্বাভাসযোগ্য - ছিল।,Hard,IELTS Band 7-9,adjective,Simple,Past Simple
preferred,পছন্দের,/prʌfˈɜrd/,She preferreded the problem before anyone noticed.,কেউ লক্ষ্য করার আগেই সে সমস্যাটি পছন্দের করেছিল।,Medium,IELTS Band 6-7,verb,Simple,Past Simple
Prehistoric,প্রাগৈতিহাসিক,/prihɪstˈɔrɪk/,"Although it looked prehistoric, the plan actually worked.","যদিও এটি প্রাগৈতিহাসিক মনে হয়েছিল, পরিকল্পনাটি আসলে কাজ করেছিল।",Hard,IELTS Band 7-9,adjective,Complex,Past Simple
Premises,প্রাণ,/prˈɛmʌsʌz/,Researchers have studied this premises for many years.,গবেষকরা বহু বছর ধরে এই প্রাণ নিয়ে গবেষণা করেছেন।,Medium,IELTS Band 6-7,noun,Simple,Present Perfect
Presumably,সম্ভবত,/prʌzˈumʌbli/,He presumably explains difficult topics in class.,সে ক্লাসে কঠিন বিষয়গুলো সম্ভবত ব্যাখ্যা করে।,Hard,IELTS Band 7-9,adverb,Simple,Present Simple
Prevailing,নিয়ন্ত্রক,/prɪvˈeɪlɪŋ/,"Next year, the company will prevailing this plan.",আগামী বছর কোম্পানিটি এই পরিকল্পনা নিয়ন্ত্রক করবে।,Hard,IELTS Band 7-9,verb,Simple,Future Simple
Preventive,প্রতিরোধমূলক,/prɪvˈɛntɪv/,The result was extremely preventive.,ফলাফলটি অত্যন্ত প্রতিরোধমূলক ছিল।,Hard,IELTS Band 7-9,adjective,Simple,Past Simple
Primitive,আদিম,/prˈɪmʌtɪv/,It is primitive to prepare well before the test.,পরীক্ষার আগে ভালোভাবে প্রস্তুতি নেওয়া আদিম।,Hard,IELTS Band 7-9,adjective,Simple,Present Simple
Prioritize,অগ্রাধিকার দেওয়া,/praɪˈɔrʌtaɪz/,She prioritized the problem before anyone noticed.,কেউ লক্ষ্য করার আগেই সে সমস্যাটি অগ্রাধিকার দেওয়া করেছিল।,Hard,IELTS Band 7-9,verb,Simple,Past Simple
Priority,অগ্রাধিকার,/praɪˈɔrʌti/,Scientists are still examining the priority closely.,বিজ্ঞানীরা এখনো অগ্রাধিকার খুব কাছ থেকে পর্যবেক্ষণ করছেন।,Medium,IELTS Band 6-7,noun,Simple,Present Continuous
Procedure,প্রক্রিয়া,/prʌsˈidʒɜr/,The procedure was clearly explained in the report.,প্রতিবেদনে প্রক্রিয়া বিষয়টি স্পষ্টভাবে ব্যাখ্যা করা হয়েছিল।,Hard,IELTS Band 7-9,noun,Simple,Past Simple
Productive,উৎপাদনশীল,/prʌdˈʌktɪv/,"Because the situation was so productive, everyone took notice.",পরিস্থিতিটি এতটাই উৎপাদনশীল ছিল যে সবাই লক্ষ্য করেছিল।,Hard,IELTS Band 7-9,adjective,Complex,Past Simple
Profit,লাভ,/prˈɑfʌt/,"Although the profit seemed minor, it changed everything.","যদিও লাভ বিষয়টি সামান্য মনে হয়েছিল, এটি সবকিছু বদলে দিয়েছিল।",Easy,IELTS Band 5-6,noun,Complex,Past Simple
Progress,অগ্রগতি,/prˈɑgrɛs/,Every student should understand the progress before the exam.,পরীক্ষার আগে প্রতিটি শিক্ষার্থীর অগ্রগতি সম্পর্কে বোঝা উচিত।,Medium,IELTS Band 6-7,noun,Simple,Present Simple
Prolonged,বিলধিত করা,/prʌlˈɔŋd/,They prolonged this issue every single day.,তারা প্রতিদিন এই বিষয়টি বিলধিত করে।,Medium,IELTS Band 6-7,verb,Simple,Present Simple
Prominent,বিশিষ্ট,/prˈɑmʌnʌnt/,Most experts consider this method quite prominent.,বেশিরভাগ বিশেষজ্ঞ এই পদ্ধতিটিকে বেশ বিশিষ্ট মনে করেন।,Medium,IELTS Band 6-7,adjective,Simple,Present Simple
Promotion,প্রচার,/prʌmˈoʊʃʌn/,The article discusses the promotion in great detail.,প্রবন্ধটিতে প্রচার নিয়ে বিস্তারিত আলোচনা করা হয়েছে।,Medium,IELTS Band 6-7,noun,Simple,Present Simple
Prompt,শীঘ/চটপটে,/prˈɑmpt/,Scientists are still examining the prompt closely.,বিজ্ঞানীরা এখনো শীঘ/চটপটে খুব কাছ থেকে পর্যবেক্ষণ করছেন।,Easy,IELTS Band 5-6,noun,Simple,Present Continuous
Propose,প্রস্তাব,/prʌpˈoʊz/,The propose was clearly explained in the report.,প্রতিবেদনে প্রস্তাব বিষয়টি স্পষ্টভাবে ব্যাখ্যা করা হয়েছিল।,Medium,IELTS Band 6-7,noun,Simple,Past Simple
Prospect,সম্ভাবনা,/prˈɑspɛkt/,Researchers have studied this prospect for many years.,গবেষকরা বহু বছর ধরে এই সম্ভাবনা নিয়ে গবেষণা করেছেন।,Medium,IELTS Band 6-7,noun,Simple,Present Perfect
Prosperity,সমৃদ্ধি,/prɑspˈɛrʌti/,"Although the prosperity seemed minor, it changed everything.","যদিও সমৃদ্ধি বিষয়টি সামান্য মনে হয়েছিল, এটি সবকিছু বদলে দিয়েছিল।",Hard,IELTS Band 7-9,noun,Complex,Past Simple
Protection,সুরক্ষা,/prʌtˈɛkʃʌn/,Every student should understand the protection before the exam.,পরীক্ষার আগে প্রতিটি শিক্ষার্থীর সুরক্ষা সম্পর্কে বোঝা উচিত।,Hard,IELTS Band 7-9,noun,Simple,Present Simple
Provision,বিধান,/prʌvˈɪʒʌn/,The provision will play a major role in the final decision.,চূড়ান্ত সিদ্ধান্তে বিধান বড় ভূমিকা রাখবে।,Medium,IELTS Band 6-7,noun,Simple,Future Simple
Publish,প্রকাশ করা,/pˈʌblɪʃ/,"Because the situation was so publish, everyone took notice.",পরিস্থিতিটি এতটাই প্রকাশ করা ছিল যে সবাই লক্ষ্য করেছিল।,Medium,IELTS Band 6-7,adjective,Complex,Past Simple
Pulsated,স্পন্দিত,,"If we act now, we can pulsated this matter.",এখন পদক্ষেপ নিলে আমরা বিষয়টি স্পন্দিত করতে পারবো।,Medium,IELTS Band 6-7,verb,Complex,Present Simple
Pursuit,বাসনা,/pɜrsˈut/,Scientists are still examining the pursuit closely.,বিজ্ঞানীরা এখনো বাসনা খুব কাছ থেকে পর্যবেক্ষণ করছেন।,Medium,IELTS Band 6-7,noun,Simple,Present Continuous
Rare,বিরল,/rˈɛr/,The rare was clearly explained in the report.,প্রতিবেদনে বিরল বিষয়টি স্পষ্টভাবে ব্যাখ্যা করা হয়েছিল।,Easy,IELTS Band 5-6,noun,Simple,Past Simple
Rationale,যুক্তি,/ræʃʌnˈæl/,Researchers have studied this rationale for many years.,গবেষকরা বহু বছর ধরে এই যুক্তি নিয়ে গবেষণা করেছেন।,Hard,IELTS Band 7-9,noun,Simple,Present Perfect
Reappearance,পুনরাবির্ভাব,/riʌpˈɪrʌns/,"Although the reappearance seemed minor, it changed everything.","যদিও পুনরাবির্ভাব বিষয়টি সামান্য মনে হয়েছিল, এটি সবকিছু বদলে দিয়েছিল।",Hard,IELTS Band 7-9,noun,Complex,Past Simple
Reasonable,যুক্তিসঙ্গত,/rˈizʌnʌbʌl/,"Because the situation was so reasonable, everyone took notice.",পরিস্থিতিটি এতটাই যুক্তিসঙ্গত ছিল যে সবাই লক্ষ্য করেছিল।,Hard,IELTS Band 7-9,adjective,Complex,Past Simple
Recall,স্মরণ করা,/rˈikɔl/,The recall will play a major role in the final decision.,চূড়ান্ত সিদ্ধান্তে স্মরণ করা বড় ভূমিকা রাখবে।,Easy,IELTS Band 5-6,noun,Simple,Future Simple
Recover,পুনরহ্ধার করা,/rɪkˈʌvɜr/,"Because of the recover, the whole plan had to change.",পুনরহ্ধার করা-এর কারণে পুরো পরিকল্পনা বদলাতে হয়েছিল।,Medium,IELTS Band 6-7,noun,Complex,Past Simple
Recreation,বিনোদন,/rɛkriˈeɪʃʌn/,The article discusses the recreation in great detail.,প্রবন্ধটিতে বিনোদন নিয়ে বিস্তারিত আলোচনা করা হয়েছে।,Hard,IELTS Band 7-9,noun,Simple,Present Simple
Recycle,পুনর্ববহার,/risˈaɪkʌl/,Scientists are still examining the recycle closely.,বিজ্ঞানীরা এখনো পুনর্ববহার খুব কাছ থেকে পর্যবেক্ষণ করছেন।,Medium,IELTS Band 6-7,noun,Simple,Present Continuous
Redundant,অপ্রয়োজনীয়,/rɪdˈʌndʌnt/,The area has become increasingly redundant in recent years.,সাম্প্রতিক বছরগুলোতে এলাকাটি ক্রমশ অপ্রয়োজনীয় হয়ে উঠেছে।,Medium,IELTS Band 6-7,adjective,Simple,Present Perfect
Reflect,প্রতিফলিত করা,/rɪflˈɛkt/,Researchers have studied this reflect for many years.,গবেষকরা বহু বছর ধরে এই প্রতিফলিত করা নিয়ে গবেষণা করেছেন।,Medium,IELTS Band 6-7,noun,Simple,Present Perfect
Refurbishment,সংস্কার,/rifˈɜrbɪʃmʌnt/,The result was extremely refurbishment.,ফলাফলটি অত্যন্ত সংস্কার ছিল।,Hard,IELTS Band 7-9,adjective,Simple,Past Simple
Regime,শাসনব্যবস্থা,/rʌʒˈim/,Every student should understand the regime before the exam.,পরীক্ষার আগে প্রতিটি শিক্ষার্থীর শাসনব্যবস্থা সম্পর্কে বোঝা উচিত।,Medium,IELTS Band 6-7,noun,Simple,Present Simple
Regulated,নিয়ন্ত্রিত,/rˈɛgjʌleɪtɪd/,"If we act now, we can regulated this matter.",এখন পদক্ষেপ নিলে আমরা বিষয়টি নিয়ন্ত্রিত করতে পারবো।,Hard,IELTS Band 7-9,verb,Complex,Present Simple
Reinforce,শক্তিশালী করা,/riɪnfˈɔrs/,"Because of the reinforce, the whole plan had to change.",শক্তিশালী করা-এর কারণে পুরো পরিকল্পনা বদলাতে হয়েছিল।,Medium,IELTS Band 6-7,noun,Complex,Past Simple
Relevant,প্রাসঙ্গিক,/rˈɛlʌvʌnt/,The area has become increasingly relevant in recent years.,সাম্প্রতিক বছরগুলোতে এলাকাটি ক্রমশ প্রাসঙ্গিক হয়ে উঠেছে।,Medium,IELTS Band 6-7,adjective,Simple,Present Perfect
Reliability,নির্ভরযোগ্যতা,/rilaɪʌbˈɪlʌti/,Scientists are still examining the reliability closely.,বিজ্ঞানীরা এখনো নির্ভরযোগ্যতা খুব কাছ থেকে পর্যবেক্ষণ করছেন।,Hard,IELTS Band 7-9,noun,Simple,Present Continuous
Remuneration,পারিশ্রমিক,/rɪmjunɜrˈeɪʃʌn/,The remuneration was clearly explained in the report.,প্রতিবেদনে পারিশ্রমিক বিষয়টি স্পষ্টভাবে ব্যাখ্যা করা হয়েছিল।,Hard,IELTS Band 7-9,noun,Simple,Past Simple
Renewable,নবায়নযোগ্য,/rinˈuʌbʌl/,It is renewable to prepare well before the test.,পরীক্ষার আগে ভালোভাবে প্রস্তুতি নেওয়া নবায়নযোগ্য।,Hard,IELTS Band 7-9,adjective,Simple,Present Simple
Renowned,বিখ্যাত,/rɪnˈaʊnd/,Experts have renowneded this issue for decades.,বিশেষজ্ঞরা কয়েক দশক ধরে এই বিষয়টি বিখ্যাত করে আসছেন।,Medium,IELTS Band 6-7,verb,Simple,Present Perfect
Representative,প্রতিনিধি,/rɛprʌzˈɛntʌtɪv/,Most experts consider this method quite representative.,বেশিরভাগ বিশেষজ্ঞ এই পদ্ধতিটিকে বেশ প্রতিনিধি মনে করেন।,Hard,IELTS Band 7-9,adjective,Simple,Present Simple
Require,প্রয়োজন,/rikwˈaɪɜr/,The require will play a major role in the final decision.,চূড়ান্ত সিদ্ধান্তে প্রয়োজন বড় ভূমিকা রাখবে।,Medium,IELTS Band 6-7,noun,Simple,Future Simple
Resentful,ক্ষুব্ধ,/rɪzˈɛntfʌl/,"Because the situation was so resentful, everyone took notice.",পরিস্থিতিটি এতটাই ক্ষুব্ধ ছিল যে সবাই লক্ষ্য করেছিল।,Medium,IELTS Band 6-7,adjective,Complex,Past Simple
Residence,বাসস্থান,/rˈɛzɪdʌns/,The article discusses the residence in great detail.,প্রবন্ধটিতে বাসস্থান নিয়ে বিস্তারিত আলোচনা করা হয়েছে।,Hard,IELTS Band 7-9,noun,Simple,Present Simple
Resilience,স্থিতিস্থাপকতা,/rɪzˈɪliʌns/,Scientists are still examining the resilience closely.,বিজ্ঞানীরা এখনো স্থিতিস্থাপকতা খুব কাছ থেকে পর্যবেক্ষণ করছেন।,Hard,IELTS Band 7-9,noun,Simple,Present Continuous
Resilient,স্থিতিস্থাপক,/rɪzˈɪljʌnt/,"Although it looked resilient, the plan actually worked.","যদিও এটি স্থিতিস্থাপক মনে হয়েছিল, পরিকল্পনাটি আসলে কাজ করেছিল।",Medium,IELTS Band 6-7,adjective,Complex,Past Simple
Responsibility,দায়িত্ব,/rispɑnsʌbˈɪlʌti/,Researchers have studied this responsibility for many years.,গবেষকরা বহু বছর ধরে এই দায়িত্ব নিয়ে গবেষণা করেছেন।,Hard,IELTS Band 7-9,noun,Simple,Present Perfect
Restoration,পুনরুদ্ধার,/rɛstɜrˈeɪʃʌn/,"Although the restoration seemed minor, it changed everything.","যদিও পুনরুদ্ধার বিষয়টি সামান্য মনে হয়েছিল, এটি সবকিছু বদলে দিয়েছিল।",Hard,IELTS Band 7-9,noun,Complex,Past Simple
restricted,সীমাবদ্ধ,/ristrˈɪktʌd/,The team is restricteding new ways to solve it.,দলটি এটি সমাধানের নতুন উপায় সীমাবদ্ধ করছে।,Hard,IELTS Band 7-9,verb,Simple,Present Continuous
Retractable,প্রত্যাহারযোগ্য,/ritrˈæktʌbʌl/,The result was extremely retractable.,ফলাফলটি অত্যন্ত প্রত্যাহারযোগ্য ছিল।,Hard,IELTS Band 7-9,adjective,Simple,Past Simple
Reverse,উলটো,/rɪvˈɜrs/,"Because of the reverse, the whole plan had to change.",উলটো-এর কারণে পুরো পরিকল্পনা বদলাতে হয়েছিল।,Medium,IELTS Band 6-7,noun,Complex,Past Simple
Revise,সংশোধন করা,/rɪvˈaɪz/,They revise this issue every single day.,তারা প্রতিদিন এই বিষয়টি সংশোধন করে।,Medium,IELTS Band 6-7,verb,Simple,Present Simple
Revival,পুনরুজ্জীবন,/rɪvˈaɪvʌl/,Most experts consider this method quite revival.,বেশিরভাগ বিশেষজ্ঞ এই পদ্ধতিটিকে বেশ পুনরুজ্জীবন মনে করেন।,Medium,IELTS Band 6-7,adjective,Simple,Present Simple
Rigorous,কঠোর,/rˈɪgɜrʌs/,The area has become increasingly rigorous in recent years.,সাম্প্রতিক বছরগুলোতে এলাকাটি ক্রমশ কঠোর হয়ে উঠেছে।,Medium,IELTS Band 6-7,adjective,Simple,Present Perfect
Robust,পরিপুষ্ট,/roʊbˈʌst/,Researchers have studied this robust for many years.,গবেষকরা বহু বছর ধরে এই পরিপুষ্ট নিয়ে গবেষণা করেছেন।,Easy,IELTS Band 5-6,noun,Simple,Present Perfect
Roof,ছাদ,/rˈuf/,"Although the roof seemed minor, it changed everything.","যদিও ছাদ বিষয়টি সামান্য মনে হয়েছিল, এটি সবকিছু বদলে দিয়েছিল।",Easy,IELTS Band 5-6,noun,Complex,Past Simple
Sack,বস্তা,/sˈæk/,Every student should understand the sack before the exam.,পরীক্ষার আগে প্রতিটি শিক্ষার্থীর বস্তা সম্পর্কে বোঝা উচিত।,Easy,IELTS Band 5-6,noun,Simple,Present Simple
Satisfaction,সন্তুষ্ট,/sætʌsfˈækʃʌn/,The satisfaction will play a major role in the final decision.,চূড়ান্ত সিদ্ধান্তে সন্তুষ্ট বড় ভূমিকা রাখবে।,Hard,IELTS Band 7-9,noun,Simple,Future Simple
Scarce,দুষ্প্রাপ্য,/skˈɛrs/,"Because of the scarce, the whole plan had to change.",দুষ্প্রাপ্য-এর কারণে পুরো পরিকল্পনা বদলাতে হয়েছিল।,Easy,IELTS Band 5-6,noun,Complex,Past Simple
Scary,ভীতিকর,/skˈɛri/,The area has become increasingly scary in recent years.,সাম্প্রতিক বছরগুলোতে এলাকাটি ক্রমশ ভীতিকর হয়ে উঠেছে।,Easy,IELTS Band 5-6,adjective,Simple,Present Perfect
Sediment,তলানি,/sˈɛdʌmʌnt/,"Because the situation was so sediment, everyone took notice.",পরিস্থিতিটি এতটাই তলানি ছিল যে সবাই লক্ষ্য করেছিল।,Medium,IELTS Band 6-7,adjective,Complex,Past Simple
Selective,নির্বাচিত,/sʌlˈɛktɪv/,The result was extremely selective.,ফলাফলটি অত্যন্ত নির্বাচিত ছিল।,Hard,IELTS Band 7-9,adjective,Simple,Past Simple
Shame,লজ্জা,/ʃˈeɪm/,Researchers have studied this shame for many years.,গবেষকরা বহু বছর ধরে এই লজ্জা নিয়ে গবেষণা করেছেন।,Easy,IELTS Band 5-6,noun,Simple,Present Perfect
Significance,তাৎপর্য,/sʌgnˈɪfɪkʌns/,"Although the significance seemed minor, it changed everything.","যদিও তাৎপর্য বিষয়টি সামান্য মনে হয়েছিল, এটি সবকিছু বদলে দিয়েছিল।",Hard,IELTS Band 7-9,noun,Complex,Past Simple
Simpler,সহজ,/sˈɪmpʌlɜr/,Every student should understand the simpler before the exam.,পরীক্ষার আগে প্রতিটি শিক্ষার্থীর সহজ সম্পর্কে বোঝা উচিত।,Medium,IELTS Band 6-7,noun,Simple,Present Simple
Soaring,উড্ডয়ন/ব্যাপকভাবে বৃদ্ধি,/sˈɔrɪŋ/,They soaring this issue every single day.,তারা প্রতিদিন এই বিষয়টি উড্ডয়ন/ব্যাপকভাবে বৃদ্ধি করে।,Medium,IELTS Band 6-7,verb,Simple,Present Simple
Solely,কেবলমাত্র,/sˈoʊʌli/,The plan was solely rejected by the committee.,পরিকল্পনাটি কমিটি কেবলমাত্র প্রত্যাখ্যান করেছিল।,Easy,IELTS Band 5-6,adverb,Simple,Past Simple
Solitary,একাকী,/sˈɑlʌtɛri/,The result was extremely solitary.,ফলাফলটি অত্যন্ত একাকী ছিল।,Medium,IELTS Band 6-7,adjective,Simple,Past Simple
Sophisticated,পরিশীলিত,/sʌfˈɪstʌkeɪtɪd/,"If we act now, we can sophisticated this matter.",এখন পদক্ষেপ নিলে আমরা বিষয়টি পরিশীলিত করতে পারবো।,Hard,IELTS Band 7-9,verb,Complex,Present Simple
Species,প্রজাতি,/spˈiʃiz/,The species was clearly explained in the report.,প্রতিবেদনে প্রজাতি বিষয়টি স্পষ্টভাবে ব্যাখ্যা করা হয়েছিল।,Medium,IELTS Band 6-7,noun,Simple,Past Simple
Speculate,অনুমান করা,/spˈɛkjʌleɪt/,"Next year, the company will speculate this plan.",আগামী বছর কোম্পানিটি এই পরিকল্পনা অনুমান করবে।,Hard,IELTS Band 7-9,verb,Simple,Future Simple
Sphere,গোলক/পরিমগ্ডল,/sfˈɪr/,"Although the sphere seemed minor, it changed everything.","যদিও গোলক/পরিমগ্ডল বিষয়টি সামান্য মনে হয়েছিল, এটি সবকিছু বদলে দিয়েছিল।",Easy,IELTS Band 5-6,noun,Complex,Past Simple
Spiritual,আধ্যাত্মিক,/spˈɪrɪtʃuʌl/,"Because the situation was so spiritual, everyone took notice.",পরিস্থিতিটি এতটাই আধ্যাত্মিক ছিল যে সবাই লক্ষ্য করেছিল।,Medium,IELTS Band 6-7,adjective,Complex,Past Simple
Spontaneous,স্বাধীন ইচ্ছামূলক,/spɑntˈeɪniʌs/,The result was extremely spontaneous.,ফলাফলটি অত্যন্ত স্বাধীন ইচ্ছামূলক ছিল।,Hard,IELTS Band 7-9,adjective,Simple,Past Simple
Sprawl,টানাটানি করা,/sprˈɔl/,"Because of the sprawl, the whole plan had to change.",টানাটানি করা-এর কারণে পুরো পরিকল্পনা বদলাতে হয়েছিল।,Easy,IELTS Band 5-6,noun,Complex,Past Simple
Squashed,চাপা,/skwˈɑʃt/,"If we act now, we can squashed this matter.",এখন পদক্ষেপ নিলে আমরা বিষয়টি চাপা করতে পারবো।,Medium,IELTS Band 6-7,verb,Complex,Present Simple
Stables,আত্তাবল,/stˈeɪbʌlz/,Scientists are still examining the stables closely.,বিজ্ঞানীরা এখনো আত্তাবল খুব কাছ থেকে পর্যবেক্ষণ করছেন।,Medium,IELTS Band 6-7,noun,Simple,Present Continuous
State,অবস্থা,/stˈeɪt/,"Next year, the company will state this plan.",আগামী বছর কোম্পানিটি এই পরিকল্পনা অবস্থা করবে।,Easy,IELTS Band 5-6,verb,Simple,Future Simple
Straight,সোজা,/strˈeɪt/,Researchers have studied this straight for many years.,গবেষকরা বহু বছর ধরে এই সোজা নিয়ে গবেষণা করেছেন।,Medium,IELTS Band 6-7,noun,Simple,Present Perfect
Strategy,কৌশল,/strˈætʌdʒi/,"Although the strategy seemed minor, it changed everything.","যদিও কৌশল বিষয়টি সামান্য মনে হয়েছিল, এটি সবকিছু বদলে দিয়েছিল।",Medium,IELTS Band 6-7,noun,Complex,Past Simple
Streaming,প্লাবিত,/strˈimɪŋ/,She streaminged the problem before anyone noticed.,কেউ লক্ষ্য করার আগেই সে সমস্যাটি প্লাবিত করেছিল।,Medium,IELTS Band 6-7,verb,Simple,Past Simple
Stretched,টানা,/strˈɛtʃt/,Experts have stretcheded this issue for decades.,বিশেষজ্ঞরা কয়েক দশক ধরে এই বিষয়টি টানা করে আসছেন।,Medium,IELTS Band 6-7,verb,Simple,Present Perfect
Strongly,দৃঢ়ভাবে,/strˈɔŋli/,The plan was strongly rejected by the committee.,পরিকল্পনাটি কমিটি দৃঢ়ভাবে প্রত্যাখ্যান করেছিল।,Medium,IELTS Band 6-7,adverb,Simple,Past Simple
Stuck,আটকে যাওয়া,/stˈʌk/,The article discusses the stuck in great detail.,প্রবন্ধটিতে আটকে যাওয়া নিয়ে বিস্তারিত আলোচনা করা হয়েছে।,Easy,IELTS Band 5-6,noun,Simple,Present Simple
Subsequent,পরবর্তী,/sˈʌbsʌkwʌnt/,"Because the situation was so subsequent, everyone took notice.",পরিস্থিতিটি এতটাই পরবর্তী ছিল যে সবাই লক্ষ্য করেছিল।,Hard,IELTS Band 7-9,adjective,Complex,Past Simple
Suffer,ভোগা,/sˈʌfɜr/,The suffer was clearly explained in the report.,প্রতিবেদনে ভোগা বিষয়টি স্পষ্টভাবে ব্যাখ্যা করা হয়েছিল।,Easy,IELTS Band 5-6,noun,Simple,Past Simple
Suggest,পরামর্শ দেওয়া,/sʌdʒˈɛst/,Researchers have studied this suggest for many years.,গবেষকরা বহু বছর ধরে এই পরামর্শ দেওয়া নিয়ে গবেষণা করেছেন।,Medium,IELTS Band 6-7,noun,Simple,Present Perfect
Survival,বেঁচে থাকা,/sɜrvˈaɪvʌl/,"Although it looked survival, the plan actually worked.","যদিও এটি বেঁচে থাকা মনে হয়েছিল, পরিকল্পনাটি আসলে কাজ করেছিল।",Medium,IELTS Band 6-7,adjective,Complex,Past Simple
Survive,বেচে থাকা,/sɜrvˈaɪv/,Most experts consider this method quite survive.,বেশিরভাগ বিশেষজ্ঞ এই পদ্ধতিটিকে বেশ বেচে থাকা মনে করেন।,Medium,IELTS Band 6-7,adjective,Simple,Present Simple
sustainability,স্থায়িত্ব,/sʌsteɪnʌbˈɪlɪti/,The sustainability will play a major role in the final decision.,চূড়ান্ত সিদ্ধান্তে স্থায়িত্ব বড় ভূমিকা রাখবে।,Hard,IELTS Band 7-9,noun,Simple,Future Simple
Synthetic,কৃত্রিম,/sɪnθˈɛtɪk/,"Because the situation was so synthetic, everyone took notice.",পরিস্থিতিটি এতটাই কৃত্রিম ছিল যে সবাই লক্ষ্য করেছিল।,Medium,IELTS Band 6-7,adjective,Complex,Past Simple
Tangible,স্পষ্ট,/tˈændʒʌbʌl/,The result was extremely tangible.,ফলাফলটি অত্যন্ত স্পষ্ট ছিল।,Medium,IELTS Band 6-7,adjective,Simple,Past Simple
Term,মেয়াদ,/tˈɜrm/,Scientists are still examining the term closely.,বিজ্ঞানীরা এখনো মেয়াদ খুব কাছ থেকে পর্যবেক্ষণ করছেন।,Easy,IELTS Band 5-6,noun,Simple,Present Continuous
Terrain,ভূখণ্ড,/tɜrˈeɪn/,The terrain was clearly explained in the report.,প্রতিবেদনে ভূখণ্ড বিষয়টি স্পষ্টভাবে ব্যাখ্যা করা হয়েছিল।,Medium,IELTS Band 6-7,noun,Simple,Past Simple
Threatened,হুমকি দেওয়া,/θrˈɛtʌnd/,She threateneded the problem before anyone noticed.,কেউ লক্ষ্য করার আগেই সে সমস্যাটি হুমকি দেওয়া করেছিল।,Hard,IELTS Band 7-9,verb,Simple,Past Simple
Thriving,সমৃদ্ধ,/θrˈaɪvɪŋ/,Experts have thrivinged this issue for decades.,বিশেষজ্ঞরা কয়েক দশক ধরে এই বিষয়টি সমৃদ্ধ করে আসছেন।,Medium,IELTS Band 6-7,verb,Simple,Present Perfect
Tolerate,সহ্য করা,/tˈɑlɜreɪt/,"If we act now, we can tolerate this matter.",এখন পদক্ষেপ নিলে আমরা বিষয়টি সহ্য করতে পারবো।,Hard,IELTS Band 7-9,verb,Complex,Present Simple
Traditional,এঁতিহ্যগত,/trʌdˈɪʃʌnʌl/,The result was extremely traditional.,ফলাফলটি অত্যন্ত এঁতিহ্যগত ছিল।,Hard,IELTS Band 7-9,adjective,Simple,Past Simple
Transport,পরিবহন,/trænspˈɔrt/,"Because of the transport, the whole plan had to change.",পরিবহন-এর কারণে পুরো পরিকল্পনা বদলাতে হয়েছিল।,Medium,IELTS Band 6-7,noun,Complex,Past Simple
Ultimate,চূড়ান্ত,/ˈʌltʌmʌt/,"Because they ultimated early, the project succeeded.","যেহেতু তারা আগেই চূড়ান্ত করেছিল, প্রকল্পটি সফল হয়েছিল।",Hard,IELTS Band 7-9,verb,Complex,Past Simple
Ultimately,শেষ পর্যন্ত,/ˈʌltʌmʌtli/,"Because she worked ultimately, she finished on time.",সে শেষ পর্যন্ত কাজ করেছিল বলে সময়মতো শেষ করতে পেরেছিল।,Hard,IELTS Band 7-9,adverb,Complex,Past Simple
Unavoidable,অনিবার্ষ,/ʌnʌvˈɔɪdʌbʌl/,The area has become increasingly unavoidable in recent years.,সাম্প্রতিক বছরগুলোতে এলাকাটি ক্রমশ অনিবার্ষ হয়ে উঠেছে।,Hard,IELTS Band 7-9,adjective,Simple,Present Perfect
Uncomfortable,অস্বস্তিকর,/ʌnkˈʌmfɜrtʌbʌl/,"Because the situation was so uncomfortable, everyone took notice.",পরিস্থিতিটি এতটাই অস্বস্তিকর ছিল যে সবাই লক্ষ্য করেছিল।,Hard,IELTS Band 7-9,adjective,Complex,Past Simple
Unconventional,অপ্রচলিত,/ʌnkʌnvˈɛnʃʌnʌl/,The result was extremely unconventional.,ফলাফলটি অত্যন্ত অপ্রচলিত ছিল।,Hard,IELTS Band 7-9,adjective,Simple,Past Simple
Understand,বুঝতে পারা,/ʌndɜrstˈænd/,Every student should understand the understand before the exam.,পরীক্ষার আগে প্রতিটি শিক্ষার্থীর বুঝতে পারা সম্পর্কে বোঝা উচিত।,Hard,IELTS Band 7-9,noun,Simple,Present Simple
Unimaginable,অকল্পনীয়,/ʌnɪmˈædʒɪnʌbʌl/,"Although it looked unimaginable, the plan actually worked.","যদিও এটি অকল্পনীয় মনে হয়েছিল, পরিকল্পনাটি আসলে কাজ করেছিল।",Hard,IELTS Band 7-9,adjective,Complex,Past Simple
Unlawful,অবৈধ,/ʌnlˈɔfʌl/,Most experts consider this method quite unlawful.,বেশিরভাগ বিশেষজ্ঞ এই পদ্ধতিটিকে বেশ অবৈধ মনে করেন।,Medium,IELTS Band 6-7,adjective,Simple,Present Simple
Unlikely,অসম্ভব,/ʌnlˈaɪkli/,He unlikely explains difficult topics in class.,সে ক্লাসে কঠিন বিষয়গুলো অসম্ভব ব্যাখ্যা করে।,Medium,IELTS Band 6-7,adverb,Simple,Present Simple
Unmanageable,অসংযত,/ʌnmˈænɪdʒʌbʌl/,"Because the situation was so unmanageable, everyone took notice.",পরিস্থিতিটি এতটাই অসংযত ছিল যে সবাই লক্ষ্য করেছিল।,Hard,IELTS Band 7-9,adjective,Complex,Past Simple
Unpleasant,অগ্রীতিকর,/ʌnplˈɛzʌnt/,The result was extremely unpleasant.,ফলাফলটি অত্যন্ত অগ্রীতিকর ছিল।,Hard,IELTS Band 7-9,adjective,Simple,Past Simple
Unravelling,স্পষ্ট করা,,"If we act now, we can unravelling this matter.",এখন পদক্ষেপ নিলে আমরা বিষয়টি স্পষ্ট করতে পারবো।,Hard,IELTS Band 7-9,verb,Complex,Present Simple
Unreliable,আবিশ্বস্ত,/ʌnrɪlˈaɪʌbʌl/,"Although it looked unreliable, the plan actually worked.","যদিও এটি আবিশ্বস্ত মনে হয়েছিল, পরিকল্পনাটি আসলে কাজ করেছিল।",Hard,IELTS Band 7-9,adjective,Complex,Past Simple
Unshakable,অটল,/ʌnʃˈeɪkʌbʌl/,Most experts consider this method quite unshakable.,বেশিরভাগ বিশেষজ্ঞ এই পদ্ধতিটিকে বেশ অটল মনে করেন।,Hard,IELTS Band 7-9,adjective,Simple,Present Simple
Unwilling,অনিচ্ছুক,/ʌnwˈɪlɪŋ/,"Because they unwillinged early, the project succeeded.","যেহেতু তারা আগেই অনিচ্ছুক করেছিল, প্রকল্পটি সফল হয়েছিল।",Medium,IELTS Band 6-7,verb,Complex,Past Simple
Uphill,উতরাই,/ˈʌphˈɪl/,"Because of the uphill, the whole plan had to change.",উতরাই-এর কারণে পুরো পরিকল্পনা বদলাতে হয়েছিল।,Easy,IELTS Band 5-6,noun,Complex,Past Simple
Upwards,উপরের দিকে,/ˈʌpwɜrdz/,The article discusses the upwards in great detail.,প্রবন্ধটিতে উপরের দিকে নিয়ে বিস্তারিত আলোচনা করা হয়েছে।,Medium,IELTS Band 6-7,noun,Simple,Present Simple
Useful,উপযোগী,/jˈusfʌl/,It is useful to prepare well before the test.,পরীক্ষার আগে ভালোভাবে প্রস্তুতি নেওয়া উপযোগী।,Medium,IELTS Band 6-7,adjective,Simple,Present Simple
Vein,শিরা,/vˈeɪn/,The vein was clearly explained in the report.,প্রতিবেদনে শিরা বিষয়টি স্পষ্টভাবে ব্যাখ্যা করা হয়েছিল।,Easy,IELTS Band 5-6,noun,Simple,Past Simple
Venue,স্থান,/vˈɛnju/,Researchers have studied this venue for many years.,গবেষকরা বহু বছর ধরে এই স্থান নিয়ে গবেষণা করেছেন।,Easy,IELTS Band 5-6,noun,Simple,Present Perfect
Verbally,মৌখিকভাবে,/vɜrbˈæli/,He verbally explains difficult topics in class.,সে ক্লাসে কঠিন বিষয়গুলো মৌখিকভাবে ব্যাখ্যা করে।,Medium,IELTS Band 6-7,adverb,Simple,Present Simple
Vertical,লম্বভাবে অবস্থিত,/vˈɜrtɪkʌl/,"Because the situation was so vertical, everyone took notice.",পরিস্থিতিটি এতটাই লম্বভাবে অবস্থিত ছিল যে সবাই লক্ষ্য করেছিল।,Medium,IELTS Band 6-7,adjective,Complex,Past Simple
Vessel,জাহাজ,/vˈɛsʌl/,The vessel will play a major role in the final decision.,চূড়ান্ত সিদ্ধান্তে জাহাজ বড় ভূমিকা রাখবে।,Easy,IELTS Band 5-6,noun,Simple,Future Simple
Visible,দৃশ্যমান,/vˈɪzʌbʌl/,It is visible to prepare well before the test.,পরীক্ষার আগে ভালোভাবে প্রস্তুতি নেওয়া দৃশ্যমান।,Medium,IELTS Band 6-7,adjective,Simple,Present Simple
Visual,দৃশ্য,/vˈɪʒʌwʌl/,"Although it looked visual, the plan actually worked.","যদিও এটি দৃশ্য মনে হয়েছিল, পরিকল্পনাটি আসলে কাজ করেছিল।",Easy,IELTS Band 5-6,adjective,Complex,Past Simple
Vital,গুরুত্বপূর্ণ,/vˈaɪtʌl/,Most experts consider this method quite vital.,বেশিরভাগ বিশেষজ্ঞ এই পদ্ধতিটিকে বেশ গুরুত্বপূর্ণ মনে করেন।,Easy,IELTS Band 5-6,adjective,Simple,Present Simple
Volcanic,আগ্েয়গিরি,/vɑlkˈænɪk/,The area has become increasingly volcanic in recent years.,সাম্প্রতিক বছরগুলোতে এলাকাটি ক্রমশ আগ্েয়গিরি হয়ে উঠেছে।,Medium,IELTS Band 6-7,adjective,Simple,Present Perfect
Volcano,আগ্নেয়গিরি ০,/vɑlkˈeɪnoʊ/,Researchers have studied this volcano for many years.,গবেষকরা বহু বছর ধরে এই আগ্নেয়গিরি ০ নিয়ে গবেষণা করেছেন।,Medium,IELTS Band 6-7,noun,Simple,Present Perfect
Weakness,দুর্বলতা,/wˈiknʌs/,"Although the weakness seemed minor, it changed everything.","যদিও দুর্বলতা বিষয়টি সামান্য মনে হয়েছিল, এটি সবকিছু বদলে দিয়েছিল।",Medium,IELTS Band 6-7,noun,Complex,Past Simple
Welfare,কল্যাণ,/wˈɛlfɛr/,Every student should understand the welfare before the exam.,পরীক্ষার আগে প্রতিটি শিক্ষার্থীর কল্যাণ সম্পর্কে বোঝা উচিত।,Medium,IELTS Band 6-7,noun,Simple,Present Simple
Well-being,মঙ্গল,/wɛlbˈiɪŋ/,She well-beinged the problem before anyone noticed.,কেউ লক্ষ্য করার আগেই সে সমস্যাটি মঙ্গল করেছিল।,Hard,IELTS Band 7-9,verb,Simple,Past Simple
Widespread,বিস্তারিত,/wˈaɪdsprˈɛd/,"Because of the widespread, the whole plan had to change.",বিস্তারিত-এর কারণে পুরো পরিকল্পনা বদলাতে হয়েছিল।,Hard,IELTS Band 7-9,noun,Complex,Past Simple
Wind,বাতাস,/wˈaɪnd/,The article discusses the wind in great detail.,প্রবন্ধটিতে বাতাস নিয়ে বিস্তারিত আলোচনা করা হয়েছে।,Easy,IELTS Band 5-6,noun,Simple,Present Simple
Worthy,যোগ্য,/wˈɜrði/,Scientists are still examining the worthy closely.,বিজ্ঞানীরা এখনো যোগ্য খুব কাছ থেকে পর্যবেক্ষণ করছেন।,Easy,IELTS Band 5-6,noun,Simple,Present Continuous
A great deal eiga,পরিমাণ/বিশাল,,The a great deal eiga was clearly explained in the report.,প্রতিবেদনে পরিমাণ/বিশাল বিষয়টি স্পষ্টভাবে ব্যাখ্যা করা হয়েছিল।,Hard,IELTS Band 7-9,noun,Simple,Past Simple
A range of,বিভিন্ন,,Researchers have studied this a range of for many years.,গবেষকরা বহু বছর ধরে এই বিভিন্ন নিয়ে গবেষণা করেছেন।,Hard,IELTS Band 7-9,noun,Simple,Present Perfect
Abolish,বাতিল করা/রদ করা,/ʌbˈɑlɪʃ/,"Although it looked abolish, the plan actually worked.","যদিও এটি বাতিল করা/রদ করা মনে হয়েছিল, পরিকল্পনাটি আসলে কাজ করেছিল।",Medium,IELTS Band 6-7,adjective,Complex,Past Simple
Abrupt,আকস্মিক,/ʌbrˈʌpt/,Every student should understand the abrupt before the exam.,পরীক্ষার আগে প্রতিটি শিক্ষার্থীর আকস্মিক সম্পর্কে বোঝা উচিত।,Easy,IELTS Band 5-6,noun,Simple,Present Simple
Abruptly,হঠাৎ,/ʌbrˈʌptli/,She answered the question abruptly.,সে হঠাৎ প্রশ্নের উত্তর দিয়েছিল।,Medium,IELTS Band 6-7,adverb,Simple,Past Simple
Absence,অনুপস্থিতি,/ˈæbsʌns/,"Because of the absence, the whole plan had to change.",অনুপস্থিতি-এর কারণে পুরো পরিকল্পনা বদলাতে হয়েছিল।,Medium,IELTS Band 6-7,noun,Complex,Past Simple
Abusive,অপমানজনক,/ʌbjˈusɪv/,The result was extremely abusive.,ফলাফলটি অত্যন্ত অপমানজনক ছিল।,Hard,IELTS Band 7-9,adjective,Simple,Past Simple
abyss,অতল,/ʌbˈɪs/,Scientists are still examining the abyss closely.,বিজ্ঞানীরা এখনো অতল খুব কাছ থেকে পর্যবেক্ষণ করছেন।,Easy,IELTS Band 5-6,noun,Simple,Present Continuous
Accentuate,জোর দেওয়া,/æksˈɛntʃueɪt/,"Because they accentuated early, the project succeeded.","যেহেতু তারা আগেই জোর দেওয়া করেছিল, প্রকল্পটি সফল হয়েছিল।",Hard,IELTS Band 7-9,verb,Complex,Past Simple
Accessories,আনুষঙ্গিক,/æksˈɛsɜriz/,Researchers have studied this accessories for many years.,গবেষকরা বহু বছর ধরে এই আনুষঙ্গিক নিয়ে গবেষণা করেছেন।,Hard,IELTS Band 7-9,noun,Simple,Present Perfect
Acclaimed,উচ্চস্বরে প্রশংসা করা,/ʌklˈeɪmd/,She acclaimeded the problem before anyone noticed.,কেউ লক্ষ্য করার আগেই সে সমস্যাটি উচ্চস্বরে প্রশংসা করেছিল।,Medium,IELTS Band 6-7,verb,Simple,Past Simple
Accommodate,মিটমাট করা,/ʌkˈɑmʌdeɪt/,Experts have accommodated this issue for decades.,বিশেষজ্ঞরা কয়েক দশক ধরে এই বিষয়টি মিটমাট করে আসছেন।,Hard,IELTS Band 7-9,verb,Simple,Present Perfect
Accompany,সঙ্গী,/ʌkˈʌmpʌni/,The accompany will play a major role in the final decision.,চূড়ান্ত সিদ্ধান্তে সঙ্গী বড় ভূমিকা রাখবে।,Medium,IELTS Band 6-7,noun,Simple,Future Simple
Accomplished,সম্পন্ন,/ʌkˈɑmplɪʃt/,The team is accomplisheding new ways to solve it.,দলটি এটি সমাধানের নতুন উপায় সম্পন্ন করছে।,Hard,IELTS Band 7-9,verb,Simple,Present Continuous
Accomplishments,কৃতিত্ব,/ʌkˈɑmplɪʃmʌnts/,The article discusses the accomplishments in great detail.,প্রবন্ধটিতে কৃতিত্ব নিয়ে বিস্তারিত আলোচনা করা হয়েছে।,Hard,IELTS Band 7-9,noun,Simple,Present Simple
Accountant,হিসাবরক্ষক,/ʌkˈaʊntʌnt/,Most experts consider this method quite accountant.,বেশিরভাগ বিশেষজ্ঞ এই পদ্ধতিটিকে বেশ হিসাবরক্ষক মনে করেন।,Hard,IELTS Band 7-9,adjective,Simple,Present Simple
Accounted,বিবেচনা করা,/ʌkˈaʊntɪd/,They accounted this issue every single day.,তারা প্রতিদিন এই বিষয়টি বিবেচনা করে।,Medium,IELTS Band 6-7,verb,Simple,Present Simple
accumulating,সংগ্রহ,/ʌkjˈumjʌleɪtɪŋ/,She accumulatinged the problem before anyone noticed.,কেউ লক্ষ্য করার আগেই সে সমস্যাটি সংগ্রহ করেছিল।,Hard,IELTS Band 7-9,verb,Simple,Past Simple
Accurately,সঠিকভাবে,/ˈækjɜrʌtli/,He accurately explains difficult topics in class.,সে ক্লাসে কঠিন বিষয়গুলো সঠিকভাবে ব্যাখ্যা করে।,Hard,IELTS Band 7-9,adverb,Simple,Present Simple
Achieve,অর্জন করা,/ʌtʃˈiv/,Every student should understand the achieve before the exam.,পরীক্ষার আগে প্রতিটি শিক্ষার্থীর অর্জন করা সম্পর্কে বোঝা উচিত।,Medium,IELTS Band 6-7,noun,Simple,Present Simple
Achievement,অর্জন,/ʌtʃˈivmʌnt/,"Although it looked achievement, the plan actually worked.","যদিও এটি অর্জন মনে হয়েছিল, পরিকল্পনাটি আসলে কাজ করেছিল।",Hard,IELTS Band 7-9,adjective,Complex,Past Simple
Acquire,অর্জন,/ʌkwˈaɪɜr/,"Because of the acquire, the whole plan had to change.",অর্জন-এর কারণে পুরো পরিকল্পনা বদলাতে হয়েছিল।,Medium,IELTS Band 6-7,noun,Complex,Past Simple
Acquisition,অধিগ্রহণ,/ækwʌzˈɪʃʌn/,The article discusses the acquisition in great detail.,প্রবন্ধটিতে অধিগ্রহণ নিয়ে বিস্তারিত আলোচনা করা হয়েছে।,Hard,IELTS Band 7-9,noun,Simple,Present Simple
Activation,তৎপরতা,/æktʌvˈeɪʃʌn/,Scientists are still examining the activation closely.,বিজ্ঞানীরা এখনো তৎপরতা খুব কাছ থেকে পর্যবেক্ষণ করছেন।,Hard,IELTS Band 7-9,noun,Simple,Present Continuous
Activist,কর্মী/সমর্থক,/ˈæktʌvʌst/,The activist was clearly explained in the report.,প্রতিবেদনে কর্মী/সমর্থক বিষয়টি স্পষ্টভাবে ব্যাখ্যা করা হয়েছিল।,Medium,IELTS Band 6-7,noun,Simple,Past Simple
Acutely,তীব্রভাবে,/ʌkjˈutli/,The plan was acutely rejected by the committee.,পরিকল্পনাটি কমিটি তীব্রভাবে প্রত্যাখ্যান করেছিল।,Medium,IELTS Band 6-7,adverb,Simple,Past Simple
Adamant,কঠোর,/ˈædʌmʌnt/,"Although it looked adamant, the plan actually worked.","যদিও এটি কঠোর মনে হয়েছিল, পরিকল্পনাটি আসলে কাজ করেছিল।",Medium,IELTS Band 6-7,adjective,Complex,Past Simple
Adapt to,মানিয়ে নেয়া,,Every student should understand the adapt to before the exam.,পরীক্ষার আগে প্রতিটি শিক্ষার্থীর মানিয়ে নেয়া সম্পর্কে বোঝা উচিত।,Medium,IELTS Band 6-7,noun,Simple,Present Simple
Adaptation,অভিযোজন,/ædʌptˈeɪʃʌn/,The adaptation will play a major role in the final decision.,চূড়ান্ত সিদ্ধান্তে অভিযোজন বড় ভূমিকা রাখবে।,Hard,IELTS Band 7-9,noun,Simple,Future Simple
Adaptations,অভিযোজন,/ædæptˈeɪʃʌnz/,"Because of the adaptations, the whole plan had to change.",অভিযোজন-এর কারণে পুরো পরিকল্পনা বদলাতে হয়েছিল।,Hard,IELTS Band 7-9,noun,Complex,Past Simple
Additional,অতিরিক্ত,/ʌdˈɪʃʌnʌl/,The result was extremely additional.,ফলাফলটি অত্যন্ত অতিরিক্ত ছিল।,Hard,IELTS Band 7-9,adjective,Simple,Past Simple
Address,ঠিকানা,/ˈædrɛs/,Scientists are still examining the address closely.,বিজ্ঞানীরা এখনো ঠিকানা খুব কাছ থেকে পর্যবেক্ষণ করছেন।,Medium,IELTS Band 6-7,noun,Simple,Present Continuous
Adjacent,সংলগ্ন,/ʌdʒˈeɪsʌnt/,"Although it looked adjacent, the plan actually worked.","যদিও এটি সংলগ্ন মনে হয়েছিল, পরিকল্পনাটি আসলে কাজ করেছিল।",Medium,IELTS Band 6-7,adjective,Complex,Past Simple
Adjustable,সমন্বয়যোগ্য,/ʌdʒˈʌstʌbʌl/,Most experts consider this method quite adjustable.,বেশিরভাগ বিশেষজ্ঞ এই পদ্ধতিটিকে বেশ সমন্বয়যোগ্য মনে করেন।,Hard,IELTS Band 7-9,adjective,Simple,Present Simple
adjusted,সমন্বয় করা/ স্থায়ী,/ʌdʒˈʌstɪd/,The team is adjusteding new ways to solve it.,দলটি এটি সমাধানের নতুন উপায় সমন্বয় করা/ স্থায়ী করছে।,Medium,IELTS Band 6-7,verb,Simple,Present Continuous
Administration,প্রশাসন,/ædmɪnɪstrˈeɪʃʌn/,Every student should understand the administration before the exam.,পরীক্ষার আগে প্রতিটি শিক্ষার্থীর প্রশাসন সম্পর্কে বোঝা উচিত।,Hard,IELTS Band 7-9,noun,Simple,Present Simple
Admire,প্রশংসা করা,/ædmˈaɪr/,The admire will play a major role in the final decision.,চূড়ান্ত সিদ্ধান্তে প্রশংসা করা বড় ভূমিকা রাখবে।,Medium,IELTS Band 6-7,noun,Simple,Future Simple
Adolescents,কিশোর,/ædʌlˈɛsʌnts/,"Because of the adolescents, the whole plan had to change.",কিশোর-এর কারণে পুরো পরিকল্পনা বদলাতে হয়েছিল।,Hard,IELTS Band 7-9,noun,Complex,Past Simple
Adoption,দত্তক,/ʌdˈɑpʃʌn/,The article discusses the adoption in great detail.,প্রবন্ধটিতে দত্তক নিয়ে বিস্তারিত আলোচনা করা হয়েছে।,Medium,IELTS Band 6-7,noun,Simple,Present Simple
Advantage,সুবিধা,/ædvˈæntɪdʒ/,Scientists are still examining the advantage closely.,বিজ্ঞানীরা এখনো সুবিধা খুব কাছ থেকে পর্যবেক্ষণ করছেন।,Hard,IELTS Band 7-9,noun,Simple,Present Continuous
Advantageous,সুবিধাজনক,/ædvʌntˈeɪdʒʌs/,The area has become increasingly advantageous in recent years.,সাম্প্রতিক বছরগুলোতে এলাকাটি ক্রমশ সুবিধাজনক হয়ে উঠেছে।,Hard,IELTS Band 7-9,adjective,Simple,Present Perfect
Adverse,প্রতিকূল,/ædvˈɜrs/,Researchers have studied this adverse for many years.,গবেষকরা বহু বছর ধরে এই প্রতিকূল নিয়ে গবেষণা করেছেন।,Medium,IELTS Band 6-7,noun,Simple,Present Perfect
Aesthetic,সৌন্দর্য,/ɛsθˈɛtɪk/,The result was extremely aesthetic.,ফলাফলটি অত্যন্ত সৌন্দর্য ছিল।,Medium,IELTS Band 6-7,adjective,Simple,Past Simple
Affirmation,ঘোষণা,/æfɜrmˈeɪʃʌn/,Every student should understand the affirmation before the exam.,পরীক্ষার আগে প্রতিটি শিক্ষার্থীর ঘোষণা সম্পর্কে বোঝা উচিত।,Hard,IELTS Band 7-9,noun,Simple,Present Simple
Aficionados,ভক্ত,/ʌfɪʃʌnˈɑdoʊz/,The aficionados will play a major role in the final decision.,চূড়ান্ত সিদ্ধান্তে ভক্ত বড় ভূমিকা রাখবে।,Hard,IELTS Band 7-9,noun,Simple,Future Simple
Agency,সংস্থা,/ˈeɪdʒʌnsi/,"Because of the agency, the whole plan had to change.",সংস্থা-এর কারণে পুরো পরিকল্পনা বদলাতে হয়েছিল।,Easy,IELTS Band 5-6,noun,Complex,Past Simple
Agent,প্রতিনিধি,/ˈeɪdʒʌnt/,The area has become increasingly agent in recent years.,সাম্প্রতিক বছরগুলোতে এলাকাটি ক্রমশ প্রতিনিধি হয়ে উঠেছে।,Easy,IELTS Band 5-6,adjective,Simple,Present Perfect
Aggravating,বিরক্তিকর,/ˈægrʌveɪtɪŋ/,"If we act now, we can aggravating this matter.",এখন পদক্ষেপ নিলে আমরা বিষয়টি বিরক্তিকর করতে পারবো।,Hard,IELTS Band 7-9,verb,Complex,Present Simple
Aggressive,আক্রমণাত্মক,/ʌgrˈɛsɪv/,The result was extremely aggressive.,ফলাফলটি অত্যন্ত আক্রমণাত্মক ছিল।,Hard,IELTS Band 7-9,adjective,Simple,Past Simple
Aggressively,আক্রমণাত্মকভাবে,/ʌgrˈɛsɪvli/,The plan was aggressively rejected by the committee.,পরিকল্পনাটি কমিটি আক্রমণাত্মকভাবে প্রত্যাখ্যান করেছিল।,Hard,IELTS Band 7-9,adverb,Simple,Past Simple
Aid,সাহায্য,/ˈeɪd/,"Although the aid seemed minor, it changed everything.","যদিও সাহায্য বিষয়টি সামান্য মনে হয়েছিল, এটি সবকিছু বদলে দিয়েছিল।",Easy,IELTS Band 5-6,noun,Complex,Past Simple
Aligned,শ্রেণিবদ্ধ করা,/ʌlˈaɪnd/,They aligned this issue every single day.,তারা প্রতিদিন এই বিষয়টি শ্রেণিবদ্ধ করে।,Medium,IELTS Band 6-7,verb,Simple,Present Simple
Alliance,জোট,/ʌlˈaɪʌns/,The alliance will play a major role in the final decision.,চূড়ান্ত সিদ্ধান্তে জোট বড় ভূমিকা রাখবে।,Medium,IELTS Band 6-7,noun,Simple,Future Simple
Allocate,বরাদ্দ করা,/ˈælʌkeɪt/,Experts have allocated this issue for decades.,বিশেষজ্ঞরা কয়েক দশক ধরে এই বিষয়টি বরাদ্দ করে আসছেন।,Hard,IELTS Band 7-9,verb,Simple,Present Perfect
Allow,অনুমতি দেওয়া,/ʌlˈaʊ/,The article discusses the allow in great detail.,প্রবন্ধটিতে অনুমতি দেওয়া নিয়ে বিস্তারিত আলোচনা করা হয়েছে।,Easy,IELTS Band 5-6,noun,Simple,Present Simple
allowing,অনুমতি দেওয়া/মেনে নেয়া,/ʌlˈaʊɪŋ/,The team is allowinging new ways to solve it.,দলটি এটি সমাধানের নতুন উপায় অনুমতি দেওয়া/মেনে নেয়া করছে।,Medium,IELTS Band 6-7,verb,Simple,Present Continuous
Along,বরাবর,/ʌlˈɔŋ/,The along was clearly explained in the report.,প্রতিবেদনে বরাবর বিষয়টি স্পষ্টভাবে ব্যাখ্যা করা হয়েছিল।,Easy,IELTS Band 5-6,noun,Simple,Past Simple
Alongside,পাশাপাশি,/ʌlˈɔŋsˈaɪd/,Researchers have studied this alongside for many years.,গবেষকরা বহু বছর ধরে এই পাশাপাশি নিয়ে গবেষণা করেছেন।,Hard,IELTS Band 7-9,noun,Simple,Present Perfect
Altered,পরিবর্তন করা,/ˈɔltɜrd/,They altered this issue every single day.,তারা প্রতিদিন এই বিষয়টি পরিবর্তন করে।,Medium,IELTS Band 6-7,verb,Simple,Present Simple
Alternate,বিকল্প,/ˈɔltɜrnʌt/,She alternated the problem before anyone noticed.,কেউ লক্ষ্য করার আগেই সে সমস্যাটি বিকল্প করেছিল।,Hard,IELTS Band 7-9,verb,Simple,Past Simple
Alternatives,বিকল্প,/ɔltˈɜrnʌtɪvz/,The alternatives will play a major role in the final decision.,চূড়ান্ত সিদ্ধান্তে বিকল্প বড় ভূমিকা রাখবে।,Hard,IELTS Band 7-9,noun,Simple,Future Simple
Altogether,সম্পূর্ণভাবে,/ɔltʌgˈɛðɜr/,"Because of the altogether, the whole plan had to change.",সম্পূর্ণভাবে-এর কারণে পুরো পরিকল্পনা বদলাতে হয়েছিল।,Hard,IELTS Band 7-9,noun,Complex,Past Simple
Amazement,বিস্ময়,/ʌmˈeɪzmʌnt/,"Although it looked amazement, the plan actually worked.","যদিও এটি বিস্ময় মনে হয়েছিল, পরিকল্পনাটি আসলে কাজ করেছিল।",Hard,IELTS Band 7-9,adjective,Complex,Past Simple
Ambiguity,অস্পষ্টতা,/æmbɪgjˈuʌti/,Scientists are still examining the ambiguity closely.,বিজ্ঞানীরা এখনো অস্পষ্টতা খুব কাছ থেকে পর্যবেক্ষণ করছেন।,Medium,IELTS Band 6-7,noun,Simple,Present Continuous
Amendments,সংশোধন,/ʌmˈɛndmʌnts/,The amendments was clearly explained in the report.,প্রতিবেদনে সংশোধন বিষয়টি স্পষ্টভাবে ব্যাখ্যা করা হয়েছিল।,Hard,IELTS Band 7-9,noun,Simple,Past Simple
Amid,মাঝে,/ʌmˈɪd/,Researchers have studied this amid for many years.,গবেষকরা বহু বছর ধরে এই মাঝে নিয়ে গবেষণা করেছেন।,Easy,IELTS Band 5-6,noun,Simple,Present Perfect
Amount,পরিমাণ,/ʌmˈaʊnt/,"Although the amount seemed minor, it changed everything.","যদিও পরিমাণ বিষয়টি সামান্য মনে হয়েছিল, এটি সবকিছু বদলে দিয়েছিল।",Easy,IELTS Band 5-6,noun,Complex,Past Simple
Amplify,প্রশস্ত করা,/ˈæmplʌfaɪ/,Experts have amplified this issue for decades.,বিশেষজ্ঞরা কয়েক দশক ধরে এই বিষয়টি প্রশস্ত করে আসছেন।,Medium,IELTS Band 6-7,verb,Simple,Present Perfect
Amplifying,বর্ধিত করা,/ˈæmplʌfaɪɪŋ/,"If we act now, we can amplifying this matter.",এখন পদক্ষেপ নিলে আমরা বিষয়টি বর্ধিত করতে পারবো।,Hard,IELTS Band 7-9,verb,Complex,Present Simple
Amuse,আনন্দিত করা,/ʌmjˈuz/,"Because of the amuse, the whole plan had to change.",আনন্দিত করা-এর কারণে পুরো পরিকল্পনা বদলাতে হয়েছিল।,Medium,IELTS Band 6-7,noun,Complex,Past Simple
Ancestor,পূর্বপুরুষ,/ˈænsɛstɜr/,The article discusses the ancestor in great detail.,প্রবন্ধটিতে পূর্বপুরুষ নিয়ে বিস্তারিত আলোচনা করা হয়েছে।,Medium,IELTS Band 6-7,noun,Simple,Present Simple
Anecdotal,অকল্পনীয়,/ænʌkdˈoʊtʌl/,"Because the situation was so anecdotal, everyone took notice.",পরিস্থিতিটি এতটাই অকল্পনীয় ছিল যে সবাই লক্ষ্য করেছিল।,Hard,IELTS Band 7-9,adjective,Complex,Past Simple
Annoy,বিরক্ত করা,/ʌnˈɔɪ/,The annoy was clearly explained in the report.,প্রতিবেদনে বিরক্ত করা বিষয়টি স্পষ্টভাবে ব্যাখ্যা করা হয়েছিল।,Easy,IELTS Band 5-6,noun,Simple,Past Simple
Annoyed,বিরক্ত,/ʌnˈɔɪd/,She annoyeded the problem before anyone noticed.,কেউ লক্ষ্য করার আগেই সে সমস্যাটি বিরক্ত করেছিল।,Medium,IELTS Band 6-7,verb,Simple,Past Simple
Annoying,বিরক্তিকর,/ʌnˈɔɪɪŋ/,Experts have annoyinged this issue for decades.,বিশেষজ্ঞরা কয়েক দশক ধরে এই বিষয়টি বিরক্তিকর করে আসছেন।,Medium,IELTS Band 6-7,verb,Simple,Present Perfect
Antelope,হরিণ বিশেষ,/ˈæntʌloʊp/,Every student should understand the antelope before the exam.,পরীক্ষার আগে প্রতিটি শিক্ষার্থীর হরিণ বিশেষ সম্পর্কে বোঝা উচিত।,Hard,IELTS Band 7-9,noun,Simple,Present Simple
antibiotic,জীবাণুরোধক,/æntibaɪˈɑtɪk/,The area has become increasingly antibiotic in recent years.,সাম্প্রতিক বছরগুলোতে এলাকাটি ক্রমশ জীবাণুরোধক হয়ে উঠেছে।,Hard,IELTS Band 7-9,adjective,Simple,Present Perfect
anticipated,প্রত্যাশিত,/æntˈɪsʌpeɪtɪd/,"Next year, the company will anticipated this plan.",আগামী বছর কোম্পানিটি এই পরিকল্পনা প্রত্যাশিত করবে।,Hard,IELTS Band 7-9,verb,Simple,Future Simple
Antiquity,প্রাচীনত্,/æntˈɪkwʌti/,The article discusses the antiquity in great detail.,প্রবন্ধটিতে প্রাচীনত্ নিয়ে বিস্তারিত আলোচনা করা হয়েছে।,Medium,IELTS Band 6-7,noun,Simple,Present Simple
Anxiety,উদ্বেগ,/æŋzˈaɪʌti/,Scientists are still examining the anxiety closely.,বিজ্ঞানীরা এখনো উদ্বেগ খুব কাছ থেকে পর্যবেক্ষণ করছেন।,Medium,IELTS Band 6-7,noun,Simple,Present Continuous
Apart,আলাদা,/ʌpˈɑrt/,The apart was clearly explained in the report.,প্রতিবেদনে আলাদা বিষয়টি স্পষ্টভাবে ব্যাখ্যা করা হয়েছিল।,Easy,IELTS Band 5-6,noun,Simple,Past Simple
Appalling,ভয়ানক,/ʌpˈɔlɪŋ/,Experts have appallinged this issue for decades.,বিশেষজ্ঞরা কয়েক দশক ধরে এই বিষয়টি ভয়ানক করে আসছেন।,Medium,IELTS Band 6-7,verb,Simple,Present Perfect
Appealing,আকর্ষণীয়,/ʌpˈilɪŋ/,"If we act now, we can appealing this matter.",এখন পদক্ষেপ নিলে আমরা বিষয়টি আকর্ষণীয় করতে পারবো।,Medium,IELTS Band 6-7,verb,Complex,Present Simple
Appear,উপস্থিত হওয়া,/ʌpˈɪr/,Every student should understand the appear before the exam.,পরীক্ষার আগে প্রতিটি শিক্ষার্থীর উপস্থিত হওয়া সম্পর্কে বোঝা উচিত।,Easy,IELTS Band 5-6,noun,Simple,Present Simple
Appeared,হাজির,/ʌpˈɪrd/,"Next year, the company will appeared this plan.",আগামী বছর কোম্পানিটি এই পরিকল্পনা হাজির করবে।,Medium,IELTS Band 6-7,verb,Simple,Future Simple
Appetite,ক্ষুধা,/ˈæpʌtaɪt/,"Because of the appetite, the whole plan had to change.",ক্ষুধা-এর কারণে পুরো পরিকল্পনা বদলাতে হয়েছিল।,Hard,IELTS Band 7-9,noun,Complex,Past Simple
Applied,প্রয়োগ করা,/ʌplˈaɪd/,They applied this issue every single day.,তারা প্রতিদিন এই বিষয়টি প্রয়োগ করে।,Medium,IELTS Band 6-7,verb,Simple,Present Simple
Appoint,নিয়োগ করা,/ʌpˈɔɪnt/,Scientists are still examining the appoint closely.,বিজ্ঞানীরা এখনো নিয়োগ করা খুব কাছ থেকে পর্যবেক্ষণ করছেন।,Medium,IELTS Band 6-7,noun,Simple,Present Continuous
Appreciation,শ্রদ্ধা,/ʌpriʃiˈeɪʃʌn/,The appreciation was clearly explained in the report.,প্রতিবেদনে শ্রদ্ধা বিষয়টি স্পষ্টভাবে ব্যাখ্যা করা হয়েছিল।,Hard,IELTS Band 7-9,noun,Simple,Past Simple
apprehensions,চেতনা,/æprɪhˈɛnʃʌnz/,Researchers have studied this apprehensions for many years.,গবেষকরা বহু বছর ধরে এই চেতনা নিয়ে গবেষণা করেছেন।,Hard,IELTS Band 7-9,noun,Simple,Present Perfect
Apprentices,শিক্ষানবিস,/ʌprˈɛntʌsɪz/,"Although the apprentices seemed minor, it changed everything.","যদিও শিক্ষানবিস বিষয়টি সামান্য মনে হয়েছিল, এটি সবকিছু বদলে দিয়েছিল।",Hard,IELTS Band 7-9,noun,Complex,Past Simple
Approval,অনুমোদন,/ʌprˈuvʌl/,It is approval to prepare well before the test.,পরীক্ষার আগে ভালোভাবে প্রস্তুতি নেওয়া অনুমোদন।,Medium,IELTS Band 6-7,adjective,Simple,Present Simple
Approximately,প্রায়,/ʌprˈɑksʌmʌtli/,She answered the question approximately.,সে প্রায় প্রশ্নের উত্তর দিয়েছিল।,Hard,IELTS Band 7-9,adverb,Simple,Past Simple
Archetype,আদি রূপ,/ˈɑrkɪtaɪp/,"Because of the archetype, the whole plan had to change.",আদি রূপ-এর কারণে পুরো পরিকল্পনা বদলাতে হয়েছিল।,Medium,IELTS Band 6-7,noun,Complex,Past Simple
archipelago,দ্বীপপুঞ্জ,/ɑrkʌpˈɛlʌgoʊ/,The article discusses the archipelago in great detail.,প্রবন্ধটিতে দ্বীপপুঞ্জ নিয়ে বিস্তারিত আলোচনা করা হয়েছে।,Hard,IELTS Band 7-9,noun,Simple,Present Simple
Arctic,উত্তর মেরু সংক্রান্ত,/ˈɑrktɪk/,"Because the situation was so arctic, everyone took notice.",পরিস্থিতিটি এতটাই উত্তর মেরু সংক্রান্ত ছিল যে সবাই লক্ষ্য করেছিল।,Easy,IELTS Band 5-6,adjective,Complex,Past Simple
Arguably,তর্ক সাপেক্ষে,/ˈɑrgjuʌbli/,She answered the question arguably.,সে তর্ক সাপেক্ষে প্রশ্নের উত্তর দিয়েছিল।,Medium,IELTS Band 6-7,adverb,Simple,Past Simple
Argue,তর্ক করা,/ˈɑrgju/,Researchers have studied this argue for many years.,গবেষকরা বহু বছর ধরে এই তর্ক করা নিয়ে গবেষণা করেছেন।,Easy,IELTS Band 5-6,noun,Simple,Present Perfect
Argument,তর্ক,/ˈɑrgjʌmʌnt/,"Although it looked argument, the plan actually worked.","যদিও এটি তর্ক মনে হয়েছিল, পরিকল্পনাটি আসলে কাজ করেছিল।",Medium,IELTS Band 6-7,adjective,Complex,Past Simple
Arid,অনুর্বর,/ˈærʌd/,Every student should understand the arid before the exam.,পরীক্ষার আগে প্রতিটি শিক্ষার্থীর অনুর্বর সম্পর্কে বোঝা উচিত।,Easy,IELTS Band 5-6,noun,Simple,Present Simple
Arise,উত্তব হওয়া,/ɜrˈaɪz/,They arise this issue every single day.,তারা প্রতিদিন এই বিষয়টি উত্তব হওয়া করে।,Medium,IELTS Band 6-7,verb,Simple,Present Simple
Arithmetic,গণিতশান্ত্,/ɛrɪθmˈɛtɪk/,"Because the situation was so arithmetic, everyone took notice.",পরিস্থিতিটি এতটাই গণিতশান্ত্ ছিল যে সবাই লক্ষ্য করেছিল।,Hard,IELTS Band 7-9,adjective,Complex,Past Simple
Armpit,বাহুমূল,/ˈɑrmpɪt/,The article discusses the armpit in great detail.,প্রবন্ধটিতে বাহুমূল নিয়ে বিস্তারিত আলোচনা করা হয়েছে।,Easy,IELTS Band 5-6,noun,Simple,Present Simple
Arrangements,ব্যবস্থা,/ɜrˈeɪndʒmʌnts/,Scientists are still examining the arrangements closely.,বিজ্ঞানীরা এখনো ব্যবস্থা খুব কাছ থেকে পর্যবেক্ষণ করছেন।,Hard,IELTS Band 7-9,noun,Simple,Present Continuous
Arresting,চমকপ্রদ,/ɜrˈɛstɪŋ/,The team is arrestinging new ways to solve it.,দলটি এটি সমাধানের নতুন উপায় চমকপ্রদ করছে।,Medium,IELTS Band 6-7,verb,Simple,Present Continuous
Arrows,বান,/ˈæroʊz/,Researchers have studied this arrows for many years.,গবেষকরা বহু বছর ধরে এই বান নিয়ে গবেষণা করেছেন।,Easy,IELTS Band 5-6,noun,Simple,Present Perfect
Arson,আগ্নিসংযোগ,/ˈɑrsʌn/,"Although the arson seemed minor, it changed everything.","যদিও আগ্নিসংযোগ বিষয়টি সামান্য মনে হয়েছিল, এটি সবকিছু বদলে দিয়েছিল।",Easy,IELTS Band 5-6,noun,Complex,Past Simple
Article,নিবন্ধ,/ˈɑrtʌkʌl/,Every student should understand the article before the exam.,পরীক্ষার আগে প্রতিটি শিক্ষার্থীর নিবন্ধ সম্পর্কে বোঝা উচিত।,Medium,IELTS Band 6-7,noun,Simple,Present Simple
Artistry,শিল্পকর্ম/দক্ষতা,/ˈɑrtɪstri/,The artistry will play a major role in the final decision.,চূড়ান্ত সিদ্ধান্তে শিল্পকর্ম/দক্ষতা বড় ভূমিকা রাখবে।,Medium,IELTS Band 6-7,noun,Simple,Future Simple
Aspiration,আকাজ্কা,/æspɜrˈeɪʃʌn/,"Because of the aspiration, the whole plan had to change.",আকাজ্কা-এর কারণে পুরো পরিকল্পনা বদলাতে হয়েছিল।,Hard,IELTS Band 7-9,noun,Complex,Past Simple
assault,আক্রমণ,/ʌsˈɔlt/,The article discusses the assault in great detail.,প্রবন্ধটিতে আক্রমণ নিয়ে বিস্তারিত আলোচনা করা হয়েছে।,Medium,IELTS Band 6-7,noun,Simple,Present Simple
Assembled,সমবেত,/ʌsˈɛmbʌld/,The team is assembleding new ways to solve it.,দলটি এটি সমাধানের নতুন উপায় সমবেত করছে।,Medium,IELTS Band 6-7,verb,Simple,Present Continuous
Assessed,মূল্যায়ন করা,/ʌsˈɛst/,"Next year, the company will assessed this plan.",আগামী বছর কোম্পানিটি এই পরিকল্পনা মূল্যায়ন করবে।,Medium,IELTS Band 6-7,verb,Simple,Future Simple
Assessments,পরিমাপ,/ʌsˈɛsmʌnts/,Researchers have studied this assessments for many years.,গবেষকরা বহু বছর ধরে এই পরিমাপ নিয়ে গবেষণা করেছেন।,Hard,IELTS Band 7-9,noun,Simple,Present Perfect
Assign,নিযুক্ত করা,/ʌsˈaɪn/,"Although the assign seemed minor, it changed everything.","যদিও নিযুক্ত করা বিষয়টি সামান্য মনে হয়েছিল, এটি সবকিছু বদলে দিয়েছিল।",Easy,IELTS Band 5-6,noun,Complex,Past Simple
Assistant,সহকারী,/ʌsˈɪstʌnt/,It is assistant to prepare well before the test.,পরীক্ষার আগে ভালোভাবে প্রস্তুতি নেওয়া সহকারী।,Medium,IELTS Band 6-7,adjective,Simple,Present Simple
Associate with,যোগদান করা,,The associate with will play a major role in the final decision.,চূড়ান্ত সিদ্ধান্তে যোগদান করা বড় ভূমিকা রাখবে।,Hard,IELTS Band 7-9,noun,Simple,Future Simple
Association,সংঘ,/ʌsoʊsiˈeɪʃʌn/,"Because of the association, the whole plan had to change.",সংঘ-এর কারণে পুরো পরিকল্পনা বদলাতে হয়েছিল।,Hard,IELTS Band 7-9,noun,Complex,Past Simple
Astonish,অবাক হওয়া,/ʌstˈɑnɪʃ/,The area has become increasingly astonish in recent years.,সাম্প্রতিক বছরগুলোতে এলাকাটি ক্রমশ অবাক হওয়া হয়ে উঠেছে।,Medium,IELTS Band 6-7,adjective,Simple,Present Perfect
Astonishingly,আশ্চর্যজনকভাবে,/ʌstˈɑnɪʃɪŋli/,"Because she worked astonishingly, she finished on time.",সে আশ্চর্যজনকভাবে কাজ করেছিল বলে সময়মতো শেষ করতে পেরেছিল।,Hard,IELTS Band 7-9,adverb,Complex,Past Simple
Astonishment,বিস্ময়,/ʌstˈɑnɪʃmʌnt/,The result was extremely astonishment.,ফলাফলটি অত্যন্ত বিস্ময় ছিল।,Hard,IELTS Band 7-9,adjective,Simple,Past Simple
Astounding,অবাক হওয়া,/ʌstˈaʊndɪŋ/,They astounding this issue every single day.,তারা প্রতিদিন এই বিষয়টি অবাক হওয়া করে।,Hard,IELTS Band 7-9,verb,Simple,Present Simple
Astronauts,মহাকাশচারী,/ˈæstrʌnɔts/,"Although the astronauts seemed minor, it changed everything.","যদিও মহাকাশচারী বিষয়টি সামান্য মনে হয়েছিল, এটি সবকিছু বদলে দিয়েছিল।",Hard,IELTS Band 7-9,noun,Complex,Past Simple
Astronomer,জ্যোতির্বিজ্ঞানী,/ʌstrˈɑnʌmɜr/,Every student should understand the astronomer before the exam.,পরীক্ষার আগে প্রতিটি শিক্ষার্থীর জ্যোতির্বিজ্ঞানী সম্পর্কে বোঝা উচিত।,Hard,IELTS Band 7-9,noun,Simple,Present Simple
Atmosphere,আবহাওয়া,/ˈætmʌsfɪr/,The atmosphere will play a major role in the final decision.,চূড়ান্ত সিদ্ধান্তে আবহাওয়া বড় ভূমিকা রাখবে।,Hard,IELTS Band 7-9,noun,Simple,Future Simple
Attach,সংযুক্ত করা,/ʌtˈætʃ/,"Because of the attach, the whole plan had to change.",সংযুক্ত করা-এর কারণে পুরো পরিকল্পনা বদলাতে হয়েছিল।,Easy,IELTS Band 5-6,noun,Complex,Past Simple
Attachment,সংযুক্তি,/ʌtˈætʃmʌnt/,The result was extremely attachment.,ফলাফলটি অত্যন্ত সংযুক্তি ছিল।,Hard,IELTS Band 7-9,adjective,Simple,Past Simple
Attainable,অর্জনযোগ্য,/ʌtˈeɪnʌbʌl/,It is attainable to prepare well before the test.,পরীক্ষার আগে ভালোভাবে প্রস্তুতি নেওয়া অর্জনযোগ্য।,Hard,IELTS Band 7-9,adjective,Simple,Present Simple
Attainment,সাফল্য,/ʌtˈeɪnmʌnt/,"Although it looked attainment, the plan actually worked.","যদিও এটি সাফল্য মনে হয়েছিল, পরিকল্পনাটি আসলে কাজ করেছিল।",Hard,IELTS Band 7-9,adjective,Complex,Past Simple
Attempt,প্রচেষ্টা,/ʌtˈɛmpt/,Researchers have studied this attempt for many years.,গবেষকরা বহু বছর ধরে এই প্রচেষ্টা নিয়ে গবেষণা করেছেন।,Medium,IELTS Band 6-7,noun,Simple,Present Perfect
Attendance,উপস্থিতি,/ʌtˈɛndʌns/,"Although the attendance seemed minor, it changed everything.","যদিও উপস্থিতি বিষয়টি সামান্য মনে হয়েছিল, এটি সবকিছু বদলে দিয়েছিল।",Hard,IELTS Band 7-9,noun,Complex,Past Simple
Attentive,মনোযোগী,/ʌtˈɛntɪv/,"Because the situation was so attentive, everyone took notice.",পরিস্থিতিটি এতটাই মনোযোগী ছিল যে সবাই লক্ষ্য করেছিল।,Hard,IELTS Band 7-9,adjective,Complex,Past Simple
Attentiveness,মনোযোগ,/ʌtˈɛntɪvnʌs/,The attentiveness will play a major role in the final decision.,চূড়ান্ত সিদ্ধান্তে মনোযোগ বড় ভূমিকা রাখবে।,Hard,IELTS Band 7-9,noun,Simple,Future Simple
Attitude,মনোভাব,/ˈætʌtud/,"Because of the attitude, the whole plan had to change.",মনোভাব-এর কারণে পুরো পরিকল্পনা বদলাতে হয়েছিল।,Hard,IELTS Band 7-9,noun,Complex,Past Simple
attitudes,মনোভাব/ আচরণ,/ˈætʌtudz/,The article discusses the attitudes in great detail.,প্রবন্ধটিতে মনোভাব/ আচরণ নিয়ে বিস্তারিত আলোচনা করা হয়েছে।,Hard,IELTS Band 7-9,noun,Simple,Present Simple
Attributed,আরোপিত,/ʌtrˈɪbjʌtɪd/,They attributed this issue every single day.,তারা প্রতিদিন এই বিষয়টি আরোপিত করে।,Hard,IELTS Band 7-9,verb,Simple,Present Simple
Auditorium,অডিটোরিয়াম,/ɔdʌtˈɔriʌm/,The auditorium was clearly explained in the report.,প্রতিবেদনে অডিটোরিয়াম বিষয়টি স্পষ্টভাবে ব্যাখ্যা করা হয়েছিল।,Hard,IELTS Band 7-9,noun,Simple,Past Simple
Authorisation,অনুমোদন,,Researchers have studied this authorisation for many years.,গবেষকরা বহু বছর ধরে এই অনুমোদন নিয়ে গবেষণা করেছেন।,Hard,IELTS Band 7-9,noun,Simple,Present Perfect
Automation,স্বয়ধক্রিয়তা,/ɔtʌmˈeɪʃʌn/,"Although the automation seemed minor, it changed everything.","যদিও স্বয়ধক্রিয়তা বিষয়টি সামান্য মনে হয়েছিল, এটি সবকিছু বদলে দিয়েছিল।",Hard,IELTS Band 7-9,noun,Complex,Past Simple
Automotive,স্বয়ংচালিত,/ɔtʌmˈoʊtɪv/,It is automotive to prepare well before the test.,পরীক্ষার আগে ভালোভাবে প্রস্তুতি নেওয়া স্বয়ংচালিত।,Hard,IELTS Band 7-9,adjective,Simple,Present Simple
Availability,প্রাপ্যতা,/ʌveɪlʌbˈɪlʌti/,The availability will play a major role in the final decision.,চূড়ান্ত সিদ্ধান্তে প্রাপ্যতা বড় ভূমিকা রাখবে।,Hard,IELTS Band 7-9,noun,Simple,Future Simple
Avenue,পথ,/ˈævʌnu/,"Because of the avenue, the whole plan had to change.",পথ-এর কারণে পুরো পরিকল্পনা বদলাতে হয়েছিল।,Medium,IELTS Band 6-7,noun,Complex,Past Simple
Awning,সামিয়ানা,/ˈɑnɪŋ/,They awning this issue every single day.,তারা প্রতিদিন এই বিষয়টি সামিয়ানা করে।,Easy,IELTS Band 5-6,verb,Simple,Present Simple
background,নেপথ্য/পটভূমি,/bˈækgraʊnd/,Scientists are still examining the background closely.,বিজ্ঞানীরা এখনো নেপথ্য/পটভূমি খুব কাছ থেকে পর্যবেক্ষণ করছেন।,Hard,IELTS Band 7-9,noun,Simple,Present Continuous
Backwards,পিছনে,/bˈækwɜrdz/,The backwards was clearly explained in the report.,প্রতিবেদনে পিছনে বিষয়টি স্পষ্টভাবে ব্যাখ্যা করা হয়েছিল।,Medium,IELTS Band 6-7,noun,Simple,Past Simple
Backwater,অচল অবস্থা,/bˈækwɔtɜr/,Researchers have studied this backwater for many years.,গবেষকরা বহু বছর ধরে এই অচল অবস্থা নিয়ে গবেষণা করেছেন।,Medium,IELTS Band 6-7,noun,Simple,Present Perfect
Bacteria,ব্যাকটেরিয়া,/bæktˈɪriʌ/,"Although the bacteria seemed minor, it changed everything.","যদিও ব্যাকটেরিয়া বিষয়টি সামান্য মনে হয়েছিল, এটি সবকিছু বদলে দিয়েছিল।",Medium,IELTS Band 6-7,noun,Complex,Past Simple
Badly,খারাপভাবে,/bˈædli/,"Because she worked badly, she finished on time.",সে খারাপভাবে কাজ করেছিল বলে সময়মতো শেষ করতে পেরেছিল।,Easy,IELTS Band 5-6,adverb,Complex,Past Simple
Ballroom,নৃত্যকক্ষ,/bˈɔlrum/,The ballroom will play a major role in the final decision.,চূড়ান্ত সিদ্ধান্তে নৃত্যকক্ষ বড় ভূমিকা রাখবে।,Medium,IELTS Band 6-7,noun,Simple,Future Simple
banned,নিষিদ্ধ,/bˈænd/,They banned this issue every single day.,তারা প্রতিদিন এই বিষয়টি নিষিদ্ধ করে।,Easy,IELTS Band 5-6,verb,Simple,Present Simple
Barn,গোয়ালঘর,/bˈɑrn/,The article discusses the barn in great detail.,প্রবন্ধটিতে গোয়ালঘর নিয়ে বিস্তারিত আলোচনা করা হয়েছে।,Easy,IELTS Band 5-6,noun,Simple,Present Simple
barrier,বাধা/অন্তরায়,/bˈæriɜr/,Scientists are still examining the barrier closely.,বিজ্ঞানীরা এখনো বাধা/অন্তরায় খুব কাছ থেকে পর্যবেক্ষণ করছেন।,Medium,IELTS Band 6-7,noun,Simple,Present Continuous
Base,ভিত্তি,/bˈeɪs/,The base was clearly explained in the report.,প্রতিবেদনে ভিত্তি বিষয়টি স্পষ্টভাবে ব্যাখ্যা করা হয়েছিল।,Easy,IELTS Band 5-6,noun,Simple,Past Simple
beads,পুঁতি/ জপমালা,/bˈidz/,Researchers have studied this beads for many years.,গবেষকরা বহু বছর ধরে এই পুঁতি/ জপমালা নিয়ে গবেষণা করেছেন।,Easy,IELTS Band 5-6,noun,Simple,Present Perfect
Bedridden,শয্যাশায়ী,/bˈɛdrɪdʌn/,"Next year, the company will bedridden this plan.",আগামী বছর কোম্পানিটি এই পরিকল্পনা শয্যাশায়ী করবে।,Medium,IELTS Band 6-7,verb,Simple,Future Simple
Beneficial,উপকারী,/bɛnʌfˈɪʃʌl/,"Because the situation was so beneficial, everyone took notice.",পরিস্থিতিটি এতটাই উপকারী ছিল যে সবাই লক্ষ্য করেছিল।,Hard,IELTS Band 7-9,adjective,Complex,Past Simple
Bereavement,শোক,/bɜrˈivmʌnt/,The result was extremely bereavement.,ফলাফলটি অত্যন্ত শোক ছিল।,Hard,IELTS Band 7-9,adjective,Simple,Past Simple
bioactive,জৈব সক্রিয়,,It is bioactive to prepare well before the test.,পরীক্ষার আগে ভালোভাবে প্রস্তুতি নেওয়া জৈব সক্রিয়।,Medium,IELTS Band 6-7,adjective,Simple,Present Simple
Bit,টুকরা,/bˈɪt/,The article discusses the bit in great detail.,প্রবন্ধটিতে টুকরা নিয়ে বিস্তারিত আলোচনা করা হয়েছে।,Easy,IELTS Band 5-6,noun,Simple,Present Simple
Blame,দোষ দেওয়া,/blˈeɪm/,Scientists are still examining the blame closely.,বিজ্ঞানীরা এখনো দোষ দেওয়া খুব কাছ থেকে পর্যবেক্ষণ করছেন।,Easy,IELTS Band 5-6,noun,Simple,Present Continuous
Blast,বিস্ফোরণ,/blˈæst/,The blast was clearly explained in the report.,প্রতিবেদনে বিস্ফোরণ বিষয়টি স্পষ্টভাবে ব্যাখ্যা করা হয়েছিল।,Easy,IELTS Band 5-6,noun,Simple,Past Simple
Blazes,আগুন প্রজ্ব্লিত বস্তু,/blˈeɪzɪz/,Researchers have studied this blazes for many years.,গবেষকরা বহু বছর ধরে এই আগুন প্রজ্ব্লিত বস্তু নিয়ে গবেষণা করেছেন।,Easy,IELTS Band 5-6,noun,Simple,Present Perfect
Blend,মিশ্রণ,/blˈɛnd/,"Although the blend seemed minor, it changed everything.","যদিও মিশ্রণ বিষয়টি সামান্য মনে হয়েছিল, এটি সবকিছু বদলে দিয়েছিল।",Easy,IELTS Band 5-6,noun,Complex,Past Simple
Blond,সোনালি,/blˈɑnd/,Every student should understand the blond before the exam.,পরীক্ষার আগে প্রতিটি শিক্ষার্থীর সোনালি সম্পর্কে বোঝা উচিত।,Easy,IELTS Band 5-6,noun,Simple,Present Simple
Bloodstream,রক্ত প্রবাহ,/blˈʌdstrim/,The bloodstream will play a major role in the final decision.,চূড়ান্ত সিদ্ধান্তে রক্ত প্রবাহ বড় ভূমিকা রাখবে।,Hard,IELTS Band 7-9,noun,Simple,Future Simple
Blurred,নিম্প্রভ করা,/blˈɜrd/,Experts have blurreded this issue for decades.,বিশেষজ্ঞরা কয়েক দশক ধরে এই বিষয়টি নিম্প্রভ করে আসছেন।,Medium,IELTS Band 6-7,verb,Simple,Present Perfect
Bold,সাহসী,/bˈoʊld/,The article discusses the bold in great detail.,প্রবন্ধটিতে সাহসী নিয়ে বিস্তারিত আলোচনা করা হয়েছে।,Easy,IELTS Band 5-6,noun,Simple,Present Simple
Bolster,জোরদার,/bˈoʊlstɜr/,Scientists are still examining the bolster closely.,বিজ্ঞানীরা এখনো জোরদার খুব কাছ থেকে পর্যবেক্ষণ করছেন।,Medium,IELTS Band 6-7,noun,Simple,Present Continuous
Bolted,নিরুদ্ধ,/bˈoʊltʌd/,"Next year, the company will bolted this plan.",আগামী বছর কোম্পানিটি এই পরিকল্পনা নিরুদ্ধ করবে।,Easy,IELTS Band 5-6,verb,Simple,Future Simple
Bones,কঙ্কাল,/bˈoʊnz/,Researchers have studied this bones for many years.,গবেষকরা বহু বছর ধরে এই কঙ্কাল নিয়ে গবেষণা করেছেন।,Easy,IELTS Band 5-6,noun,Simple,Present Perfect
boosted,বাড়ানো,/bˈustɪd/,They boosted this issue every single day.,তারা প্রতিদিন এই বিষয়টি বাড়ানো করে।,Medium,IELTS Band 6-7,verb,Simple,Present Simple
Border,সীমা,/bˈɔrdɜr/,Every student should understand the border before the exam.,পরীক্ষার আগে প্রতিটি শিক্ষার্থীর সীমা সম্পর্কে বোঝা উচিত।,Easy,IELTS Band 5-6,noun,Simple,Present Simple
Bothersome,বিরক্তিকর,/bˈɑðɜrsʌm/,The bothersome will play a major role in the final decision.,চূড়ান্ত সিদ্ধান্তে বিরক্তিকর বড় ভূমিকা রাখবে।,Hard,IELTS Band 7-9,noun,Simple,Future Simple
Bound,আবদ্ধ,/bˈaʊnd/,"Because of the bound, the whole plan had to change.",আবদ্ধ-এর কারণে পুরো পরিকল্পনা বদলাতে হয়েছিল।,Easy,IELTS Band 5-6,noun,Complex,Past Simple
Boundary,সীমানা,/bˈaʊndɜri/,The result was extremely boundary.,ফলাফলটি অত্যন্ত সীমানা ছিল।,Medium,IELTS Band 6-7,adjective,Simple,Past Simple
Bravery,সাহস,/brˈeɪvɜri/,Scientists are still examining the bravery closely.,বিজ্ঞানীরা এখনো সাহস খুব কাছ থেকে পর্যবেক্ষণ করছেন।,Medium,IELTS Band 6-7,noun,Simple,Present Continuous
Breakneck,বিপদজনক,/brˈeɪknɛk/,The breakneck was clearly explained in the report.,প্রতিবেদনে বিপদজনক বিষয়টি স্পষ্টভাবে ব্যাখ্যা করা হয়েছিল।,Medium,IELTS Band 6-7,noun,Simple,Past Simple
Breather,সাময়িক বিশ্রাম/ব্যায়াম,/brˈiðɜr/,Researchers have studied this breather for many years.,গবেষকরা বহু বছর ধরে এই সাময়িক বিশ্রাম/ব্যায়াম নিয়ে গবেষণা করেছেন।,Medium,IELTS Band 6-7,noun,Simple,Present Perfect
Breeding,প্রজনন,/brˈidɪŋ/,She breedinged the problem before anyone noticed.,কেউ লক্ষ্য করার আগেই সে সমস্যাটি প্রজনন করেছিল।,Medium,IELTS Band 6-7,verb,Simple,Past Simple
Brief,সংক্ষিপ্ত,/brˈif/,Every student should understand the brief before the exam.,পরীক্ষার আগে প্রতিটি শিক্ষার্থীর সংক্ষিপ্ত সম্পর্কে বোঝা উচিত।,Easy,IELTS Band 5-6,noun,Simple,Present Simple
Brilliant,উজ্জ্বল,/brˈɪljʌnt/,The result was extremely brilliant.,ফলাফলটি অত্যন্ত উজ্জ্বল ছিল।,Medium,IELTS Band 6-7,adjective,Simple,Past Simple
Bring up,পুষা,,"Because of the bring up, the whole plan had to change.",পুষা-এর কারণে পুরো পরিকল্পনা বদলাতে হয়েছিল।,Medium,IELTS Band 6-7,noun,Complex,Past Simple
Broadly,ব্যাপকভাবে,/brˈɔdli/,He broadly explains difficult topics in class.,সে ক্লাসে কঠিন বিষয়গুলো ব্যাপকভাবে ব্যাখ্যা করে।,Medium,IELTS Band 6-7,adverb,Simple,Present Simple
Brochure,ব্রোশার (প্রচারপত্র),/broʊʃˈʊr/,Scientists are still examining the brochure closely.,বিজ্ঞানীরা এখনো ব্রোশার (প্রচারপত্র) খুব কাছ থেকে পর্যবেক্ষণ করছেন।,Medium,IELTS Band 6-7,noun,Simple,Present Continuous
Brutal,নিষ্ঠুর,/brˈutʌl/,The area has become increasingly brutal in recent years.,সাম্প্রতিক বছরগুলোতে এলাকাটি ক্রমশ নিষ্ঠুর হয়ে উঠেছে।,Easy,IELTS Band 5-6,adjective,Simple,Present Perfect
Burglary,চুরি করা,/bˈɜrglɜri/,"Because the situation was so burglary, everyone took notice.",পরিস্থিতিটি এতটাই চুরি করা ছিল যে সবাই লক্ষ্য করেছিল।,Medium,IELTS Band 6-7,adjective,Complex,Past Simple
Burial,কবর/পরিহার,/bˈɛriʌl/,The result was extremely burial.,ফলাফলটি অত্যন্ত কবর/পরিহার ছিল।,Easy,IELTS Band 5-6,adjective,Simple,Past Simple
Buried,কবরস্থ করা,/bˈɛrid/,"If we act now, we can buried this matter.",এখন পদক্ষেপ নিলে আমরা বিষয়টি কবরস্থ করতে পারবো।,Easy,IELTS Band 5-6,verb,Complex,Present Simple
Burn,পোড়ানো,/bˈɜrn/,The burn will play a major role in the final decision.,চূড়ান্ত সিদ্ধান্তে পোড়ানো বড় ভূমিকা রাখবে।,Easy,IELTS Band 5-6,noun,Simple,Future Simple
Calmer,শান্ত,/kˈɑmɜr/,"Because of the calmer, the whole plan had to change.",শান্ত-এর কারণে পুরো পরিকল্পনা বদলাতে হয়েছিল।,Easy,IELTS Band 5-6,noun,Complex,Past Simple
Campaigns,যুদ্ধ,/kæmpˈeɪnz/,The article discusses the campaigns in great detail.,প্রবন্ধটিতে যুদ্ধ নিয়ে বিস্তারিত আলোচনা করা হয়েছে।,Medium,IELTS Band 6-7,noun,Simple,Present Simple
Camping,তাবু,/kˈæmpɪŋ/,They camping this issue every single day.,তারা প্রতিদিন এই বিষয়টি তাবু করে।,Medium,IELTS Band 6-7,verb,Simple,Present Simple
Canoes,ডিঙ্গি নৌকা,/kʌnˈuz/,The canoes was clearly explained in the report.,প্রতিবেদনে ডিঙ্গি নৌকা বিষয়টি স্পষ্টভাবে ব্যাখ্যা করা হয়েছিল।,Easy,IELTS Band 5-6,noun,Simple,Past Simple
Capability,সামর্থ্য,/keɪpʌbˈɪlʌti/,Researchers have studied this capability for many years.,গবেষকরা বহু বছর ধরে এই সামর্থ্য নিয়ে গবেষণা করেছেন।,Hard,IELTS Band 7-9,noun,Simple,Present Perfect
Captivity,বন্দিত্ব,/kæptˈɪvʌti/,"Although the captivity seemed minor, it changed everything.","যদিও বন্দিত্ব বিষয়টি সামান্য মনে হয়েছিল, এটি সবকিছু বদলে দিয়েছিল।",Medium,IELTS Band 6-7,noun,Complex,Past Simple
caravels,দ্রুতগামী,,Every student should understand the caravels before the exam.,পরীক্ষার আগে প্রতিটি শিক্ষার্থীর দ্রুতগামী সম্পর্কে বোঝা উচিত।,Medium,IELTS Band 6-7,noun,Simple,Present Simple
Carcass,মৃতদেহ,/kˈɑrkʌs/,The carcass will play a major role in the final decision.,চূড়ান্ত সিদ্ধান্তে মৃতদেহ বড় ভূমিকা রাখবে।,Medium,IELTS Band 6-7,noun,Simple,Future Simple
Carefully,সাবধানে,/kˈɛrfʌli/,The plan was carefully rejected by the committee.,পরিকল্পনাটি কমিটি সাবধানে প্রত্যাখ্যান করেছিল।,Medium,IELTS Band 6-7,adverb,Simple,Past Simple
Carnivore,মাংসাশী,/kˈɑrnɪvɔr/,The article discusses the carnivore in great detail.,প্রবন্ধটিতে মাংসাশী নিয়ে বিস্তারিত আলোচনা করা হয়েছে।,Hard,IELTS Band 7-9,noun,Simple,Present Simple
Carve,খোদাই করা,/kˈɑrv/,Scientists are still examining the carve closely.,বিজ্ঞানীরা এখনো খোদাই করা খুব কাছ থেকে পর্যবেক্ষণ করছেন।,Easy,IELTS Band 5-6,noun,Simple,Present Continuous
Carved,খোদাই করা,/kˈɑrvd/,Experts have carveded this issue for decades.,বিশেষজ্ঞরা কয়েক দশক ধরে এই বিষয়টি খোদাই করে আসছেন।,Easy,IELTS Band 5-6,verb,Simple,Present Perfect
Cast,নিক্ষেপ,/kˈæst/,Researchers have studied this cast for many years.,গবেষকরা বহু বছর ধরে এই নিক্ষেপ নিয়ে গবেষণা করেছেন।,Easy,IELTS Band 5-6,noun,Simple,Present Perfect
Cater,পরিবেশন করা,/kˈeɪtɜr/,"Although the cater seemed minor, it changed everything.","যদিও পরিবেশন করা বিষয়টি সামান্য মনে হয়েছিল, এটি সবকিছু বদলে দিয়েছিল।",Easy,IELTS Band 5-6,noun,Complex,Past Simple
Caution,সতর্কতা,/kˈɑʃʌn/,Every student should understand the caution before the exam.,পরীক্ষার আগে প্রতিটি শিক্ষার্থীর সতর্কতা সম্পর্কে বোঝা উচিত।,Medium,IELTS Band 6-7,noun,Simple,Present Simple
Cautionary,সতকীকরণ মূলক,/kˈɔʃʌnɛri/,The result was extremely cautionary.,ফলাফলটি অত্যন্ত সতকীকরণ মূলক ছিল।,Hard,IELTS Band 7-9,adjective,Simple,Past Simple
Cautious,সতর্ক,/kˈɔʃʌs/,It is cautious to prepare well before the test.,পরীক্ষার আগে ভালোভাবে প্রস্তুতি নেওয়া সতর্ক।,Medium,IELTS Band 6-7,adjective,Simple,Present Simple
Cautiously,সতর্কতার সাথে,/kˈɔʃʌsli/,He cautiously explains difficult topics in class.,সে ক্লাসে কঠিন বিষয়গুলো সতর্কতার সাথে ব্যাখ্যা করে।,Hard,IELTS Band 7-9,adverb,Simple,Present Simple
Cave,গুহা,/kˈeɪv/,Scientists are still examining the cave closely.,বিজ্ঞানীরা এখনো গুহা খুব কাছ থেকে পর্যবেক্ষণ করছেন।,Easy,IELTS Band 5-6,noun,Simple,Present Continuous
Cell,কোষ,/sˈɛl/,The cell was clearly explained in the report.,প্রতিবেদনে কোষ বিষয়টি স্পষ্টভাবে ব্যাখ্যা করা হয়েছিল।,Easy,IELTS Band 5-6,noun,Simple,Past Simple
Central,কেন্দ্রীয়,/sˈɛntrʌl/,"Because the situation was so central, everyone took notice.",পরিস্থিতিটি এতটাই কেন্দ্রীয় ছিল যে সবাই লক্ষ্য করেছিল।,Medium,IELTS Band 6-7,adjective,Complex,Past Simple
Certainly,নিশ্চিতভাবে,/sˈɜrtʌnli/,He certainly explains difficult topics in class.,সে ক্লাসে কঠিন বিষয়গুলো নিশ্চিতভাবে ব্যাখ্যা করে।,Medium,IELTS Band 6-7,adverb,Simple,Present Simple
Chaos,বিশৃঙ্খলা,/kˈeɪɑs/,Every student should understand the chaos before the exam.,পরীক্ষার আগে প্রতিটি শিক্ষার্থীর বিশৃঙ্খলা সম্পর্কে বোঝা উচিত।,Easy,IELTS Band 5-6,noun,Simple,Present Simple
Characteristic,চারিত্রিক,/kɛrʌktɜrˈɪstɪk/,"Although it looked characteristic, the plan actually worked.","যদিও এটি চারিত্রিক মনে হয়েছিল, পরিকল্পনাটি আসলে কাজ করেছিল।",Hard,IELTS Band 7-9,adjective,Complex,Past Simple
Characters,চরিত্র,/kˈærʌktɜrz/,"Because of the characters, the whole plan had to change.",চরিত্র-এর কারণে পুরো পরিকল্পনা বদলাতে হয়েছিল।,Hard,IELTS Band 7-9,noun,Complex,Past Simple
Charcoal,কাঠ কয়লা,/tʃˈɑrkoʊl/,The area has become increasingly charcoal in recent years.,সাম্প্রতিক বছরগুলোতে এলাকাটি ক্রমশ কাঠ কয়লা হয়ে উঠেছে।,Medium,IELTS Band 6-7,adjective,Simple,Present Perfect
Charitable,দাতব্য/দয়াশীল,/tʃˈærʌtʌbʌl/,"Because the situation was so charitable, everyone took notice.",পরিস্থিতিটি এতটাই দাতব্য/দয়াশীল ছিল যে সবাই লক্ষ্য করেছিল।,Hard,IELTS Band 7-9,adjective,Complex,Past Simple
chatter,অনর্থক কথা বলা,/tʃˈætɜr/,The chatter was clearly explained in the report.,প্রতিবেদনে অনর্থক কথা বলা বিষয়টি স্পষ্টভাবে ব্যাখ্যা করা হয়েছিল।,Medium,IELTS Band 6-7,noun,Simple,Past Simple
Chosen,নির্বাচিত,/tʃˈoʊzʌn/,"Next year, the company will chosen this plan.",আগামী বছর কোম্পানিটি এই পরিকল্পনা নির্বাচিত করবে।,Easy,IELTS Band 5-6,verb,Simple,Future Simple
Chronological,কালানুক্রমিক,/krɑnʌlˈɑdʒɪkʌl/,"Although it looked chronological, the plan actually worked.","যদিও এটি কালানুক্রমিক মনে হয়েছিল, পরিকল্পনাটি আসলে কাজ করেছিল।",Hard,IELTS Band 7-9,adjective,Complex,Past Simple
Circumstance,পরিস্থিতি,/sˈɜrkʌmstæns/,Every student should understand the circumstance before the exam.,পরীক্ষার আগে প্রতিটি শিক্ষার্থীর পরিস্থিতি সম্পর্কে বোঝা উচিত।,Hard,IELTS Band 7-9,noun,Simple,Present Simple
Civilisation,সভ্যতা,,The civilisation will play a major role in the final decision.,চূড়ান্ত সিদ্ধান্তে সভ্যতা বড় ভূমিকা রাখবে।,Hard,IELTS Band 7-9,noun,Simple,Future Simple
Civilization,সভ্যতা,/sɪvʌlɪzˈeɪʃʌn/,"Because of the civilization, the whole plan had to change.",সভ্যতা-এর কারণে পুরো পরিকল্পনা বদলাতে হয়েছিল।,Hard,IELTS Band 7-9,noun,Complex,Past Simple
Claim,দাবি,/klˈeɪm/,The article discusses the claim in great detail.,প্রবন্ধটিতে দাবি নিয়ে বিস্তারিত আলোচনা করা হয়েছে।,Easy,IELTS Band 5-6,noun,Simple,Present Simple
Clarification,স্পষ্টীকরণ,/klɛrʌfʌkˈeɪʃʌn/,Scientists are still examining the clarification closely.,বিজ্ঞানীরা এখনো স্পষ্টীকরণ খুব কাছ থেকে পর্যবেক্ষণ করছেন।,Hard,IELTS Band 7-9,noun,Simple,Present Continuous
Clash,সংঘর্ষ,/klˈæʃ/,The clash was clearly explained in the report.,প্রতিবেদনে সংঘর্ষ বিষয়টি স্পষ্টভাবে ব্যাখ্যা করা হয়েছিল।,Easy,IELTS Band 5-6,noun,Simple,Past Simple
Classification,শ্রেণীবিভাগ,/klæsʌfʌkˈeɪʃʌn/,Researchers have studied this classification for many years.,গবেষকরা বহু বছর ধরে এই শ্রেণীবিভাগ নিয়ে গবেষণা করেছেন।,Hard,IELTS Band 7-9,noun,Simple,Present Perfect
Classify,শ্রেণীভুক্ত করা,/klˈæsʌfaɪ/,They classify this issue every single day.,তারা প্রতিদিন এই বিষয়টি শ্রেণীভুক্ত করে।,Medium,IELTS Band 6-7,verb,Simple,Present Simple
Clay,মৃত্তিকা,/klˈeɪ/,Every student should understand the clay before the exam.,পরীক্ষার আগে প্রতিটি শিক্ষার্থীর মৃত্তিকা সম্পর্কে বোঝা উচিত।,Easy,IELTS Band 5-6,noun,Simple,Present Simple
cleansing,পরিষ্কারক,/klˈɛnzɪŋ/,Experts have cleansinged this issue for decades.,বিশেষজ্ঞরা কয়েক দশক ধরে এই বিষয়টি পরিষ্কারক করে আসছেন।,Medium,IELTS Band 6-7,verb,Simple,Present Perfect
Cliffs,খাড়া পাহাড় -,/klˈɪfs/,"Because of the cliffs, the whole plan had to change.",খাড়া পাহাড় --এর কারণে পুরো পরিকল্পনা বদলাতে হয়েছিল।,Easy,IELTS Band 5-6,noun,Complex,Past Simple
climate,জলবায়ু/ আবহাওয়া,/klˈaɪmʌt/,The team is climating new ways to solve it.,দলটি এটি সমাধানের নতুন উপায় জলবায়ু/ আবহাওয়া করছে।,Medium,IELTS Band 6-7,verb,Simple,Present Continuous
Climb,আরোহণ করা,/klˈaɪm/,Scientists are still examining the climb closely.,বিজ্ঞানীরা এখনো আরোহণ করা খুব কাছ থেকে পর্যবেক্ষণ করছেন।,Easy,IELTS Band 5-6,noun,Simple,Present Continuous
Clip,ছাঁটাই করা,/klˈɪp/,The clip was clearly explained in the report.,প্রতিবেদনে ছাঁটাই করা বিষয়টি স্পষ্টভাবে ব্যাখ্যা করা হয়েছিল।,Easy,IELTS Band 5-6,noun,Simple,Past Simple
Closest,নিকটতম,/klˈoʊsʌst/,Researchers have studied this closest for many years.,গবেষকরা বহু বছর ধরে এই নিকটতম নিয়ে গবেষণা করেছেন।,Medium,IELTS Band 6-7,noun,Simple,Present Perfect
Clown,ভাঁড়,/klˈaʊn/,"Although the clown seemed minor, it changed everything.","যদিও ভাঁড় বিষয়টি সামান্য মনে হয়েছিল, এটি সবকিছু বদলে দিয়েছিল।",Easy,IELTS Band 5-6,noun,Complex,Past Simple
Coastal,উপকূলীয়,/kˈoʊstʌl/,It is coastal to prepare well before the test.,পরীক্ষার আগে ভালোভাবে প্রস্তুতি নেওয়া উপকূলীয়।,Medium,IELTS Band 6-7,adjective,Simple,Present Simple
Coastline,তটরেখা,/kˈoʊstlaɪn/,The coastline will play a major role in the final decision.,চূড়ান্ত সিদ্ধান্তে তটরেখা বড় ভূমিকা রাখবে।,Medium,IELTS Band 6-7,noun,Simple,Future Simple
Coexistence,সহাবস্থান,/koʊɪgzˈɪstʌns/,"Because of the coexistence, the whole plan had to change.",সহাবস্থান-এর কারণে পুরো পরিকল্পনা বদলাতে হয়েছিল।,Hard,IELTS Band 7-9,noun,Complex,Past Simple
Cognitively,জ্ঞান/ধারণাগতভাবে,,He cognitively explains difficult topics in class.,সে ক্লাসে কঠিন বিষয়গুলো জ্ঞান/ধারণাগতভাবে ব্যাখ্যা করে।,Hard,IELTS Band 7-9,adverb,Simple,Present Simple
Cohesion,সংযোগ সাধন,/koʊhˈiʒʌn/,Scientists are still examining the cohesion closely.,বিজ্ঞানীরা এখনো সংযোগ সাধন খুব কাছ থেকে পর্যবেক্ষণ করছেন।,Medium,IELTS Band 6-7,noun,Simple,Present Continuous
Coincided,একত্র হওয়া 0৬,/koʊʌnsˈaɪdʌd/,They coincided this issue every single day.,তারা প্রতিদিন এই বিষয়টি একত্র হওয়া 0৬ করে।,Medium,IELTS Band 6-7,verb,Simple,Present Simple
coincidence,তালীয়/ সমাপতন,/koʊˈɪnsɪdʌns/,Researchers have studied this coincidence for many years.,গবেষকরা বহু বছর ধরে এই তালীয়/ সমাপতন নিয়ে গবেষণা করেছেন।,Hard,IELTS Band 7-9,noun,Simple,Present Perfect
Collaborators,সহযোগিতা,/kʌlˈæbɜreɪtɜrz/,"Although the collaborators seemed minor, it changed everything.","যদিও সহযোগিতা বিষয়টি সামান্য মনে হয়েছিল, এটি সবকিছু বদলে দিয়েছিল।",Hard,IELTS Band 7-9,noun,Complex,Past Simple
Collapse,পতন,/kʌlˈæps/,Every student should understand the collapse before the exam.,পরীক্ষার আগে প্রতিটি শিক্ষার্থীর পতন সম্পর্কে বোঝা উচিত।,Medium,IELTS Band 6-7,noun,Simple,Present Simple
Collect,সংগ্রহ করা,/kʌlˈɛkt/,The collect will play a major role in the final decision.,চূড়ান্ত সিদ্ধান্তে সংগ্রহ করা বড় ভূমিকা রাখবে।,Medium,IELTS Band 6-7,noun,Simple,Future Simple
Collection,সংগ্রহ,/kʌlˈɛkʃʌn/,"Because of the collection, the whole plan had to change.",সংগ্রহ-এর কারণে পুরো পরিকল্পনা বদলাতে হয়েছিল।,Hard,IELTS Band 7-9,noun,Complex,Past Simple
Collision,সংঘর্ষ,/kʌlˈɪʒʌn/,The article discusses the collision in great detail.,প্রবন্ধটিতে সংঘর্ষ নিয়ে বিস্তারিত আলোচনা করা হয়েছে।,Medium,IELTS Band 6-7,noun,Simple,Present Simple
Colonizer,উপনিবেশকারী,/kˈɑlʌnaɪzɜr/,Scientists are still examining the colonizer closely.,বিজ্ঞানীরা এখনো উপনিবেশকারী খুব কাছ থেকে পর্যবেক্ষণ করছেন।,Hard,IELTS Band 7-9,noun,Simple,Present Continuous
Colossal,বিশাল,/kʌlˈɑsʌl/,"Although it looked colossal, the plan actually worked.","যদিও এটি বিশাল মনে হয়েছিল, পরিকল্পনাটি আসলে কাজ করেছিল।",Medium,IELTS Band 6-7,adjective,Complex,Past Simple
Combat,যুদ্ধ,/kˈɑmbæt/,Researchers have studied this combat for many years.,গবেষকরা বহু বছর ধরে এই যুদ্ধ নিয়ে গবেষণা করেছেন।,Easy,IELTS Band 5-6,noun,Simple,Present Perfect
Combined,সম্মিলিত,/kʌmbˈaɪnd/,"If we act now, we can combined this matter.",এখন পদক্ষেপ নিলে আমরা বিষয়টি সম্মিলিত করতে পারবো।,Medium,IELTS Band 6-7,verb,Complex,Present Simple
Combining,মিলিত করা,/kʌmbˈaɪnɪŋ/,The team is combininging new ways to solve it.,দলটি এটি সমাধানের নতুন উপায় মিলিত করছে।,Medium,IELTS Band 6-7,verb,Simple,Present Continuous
Combustion,দহন ক্রিয়া,/kʌmbˈʌstʃʌn/,The combustion will play a major role in the final decision.,চূড়ান্ত সিদ্ধান্তে দহন ক্রিয়া বড় ভূমিকা রাখবে।,Hard,IELTS Band 7-9,noun,Simple,Future Simple
Come up with,মনে আসা/চিন্তা-প্রসূত,,"Because of the come up with, the whole plan had to change.",মনে আসা/চিন্তা-প্রসূত-এর কারণে পুরো পরিকল্পনা বদলাতে হয়েছিল।,Hard,IELTS Band 7-9,noun,Complex,Past Simple
Commemoration,স্মৃতি রক্ষা,/kʌmɛmɜrˈeɪʃʌn/,The article discusses the commemoration in great detail.,প্রবন্ধটিতে স্মৃতি রক্ষা নিয়ে বিস্তারিত আলোচনা করা হয়েছে।,Hard,IELTS Band 7-9,noun,Simple,Present Simple
commerce,বাণিজ্য,/kˈɑmɜrs/,Scientists are still examining the commerce closely.,বিজ্ঞানীরা এখনো বাণিজ্য খুব কাছ থেকে পর্যবেক্ষণ করছেন।,Medium,IELTS Band 6-7,noun,Simple,Present Continuous
commonplace,সাধারণ/প্রাকৃত,/kˈɑmʌnpleɪs/,The commonplace was clearly explained in the report.,প্রতিবেদনে সাধারণ/প্রাকৃত বিষয়টি স্পষ্টভাবে ব্যাখ্যা করা হয়েছিল।,Hard,IELTS Band 7-9,noun,Simple,Past Simple
Comparable,তুলনাযোগ্য,/kˈɑmpɜrʌbʌl/,"Because the situation was so comparable, everyone took notice.",পরিস্থিতিটি এতটাই তুলনাযোগ্য ছিল যে সবাই লক্ষ্য করেছিল।,Hard,IELTS Band 7-9,adjective,Complex,Past Simple
compared,তুলনা,/kʌmpˈɛrd/,The team is compareding new ways to solve it.,দলটি এটি সমাধানের নতুন উপায় তুলনা করছে।,Medium,IELTS Band 6-7,verb,Simple,Present Continuous
Comparison,তুলনা,/kʌmpˈɛrʌsʌn/,Every student should understand the comparison before the exam.,পরীক্ষার আগে প্রতিটি শিক্ষার্থীর তুলনা সম্পর্কে বোঝা উচিত।,Hard,IELTS Band 7-9,noun,Simple,Present Simple
Compartment,প্রকোষ্ঠ,/kʌmpˈɑrtmʌnt/,"Although it looked compartment, the plan actually worked.","যদিও এটি প্রকোষ্ঠ মনে হয়েছিল, পরিকল্পনাটি আসলে কাজ করেছিল।",Hard,IELTS Band 7-9,adjective,Complex,Past Simple
Compete,প্রতিযোগিতা,/kʌmpˈit/,"Because of the compete, the whole plan had to change.",প্রতিযোগিতা-এর কারণে পুরো পরিকল্পনা বদলাতে হয়েছিল।,Medium,IELTS Band 6-7,noun,Complex,Past Simple
Competency,যোগ্যতা,/kˈɑmpʌtɪnsi/,The article discusses the competency in great detail.,প্রবন্ধটিতে যোগ্যতা নিয়ে বিস্তারিত আলোচনা করা হয়েছে।,Hard,IELTS Band 7-9,noun,Simple,Present Simple
Competitor,প্রতিযোগী,/kʌmpˈɛtʌtɜr/,Scientists are still examining the competitor closely.,বিজ্ঞানীরা এখনো প্রতিযোগী খুব কাছ থেকে পর্যবেক্ষণ করছেন।,Hard,IELTS Band 7-9,noun,Simple,Present Continuous
Compiled,সংকলিত,/kʌmpˈaɪld/,"If we act now, we can compiled this matter.",এখন পদক্ষেপ নিলে আমরা বিষয়টি সংকলিত করতে পারবো।,Medium,IELTS Band 6-7,verb,Complex,Present Simple
Complacent,আত্মতুষ্ট,/kʌmplˈeɪsʌnt/,It is complacent to prepare well before the test.,পরীক্ষার আগে ভালোভাবে প্রস্তুতি নেওয়া আত্মতুষ্ট।,Hard,IELTS Band 7-9,adjective,Simple,Present Simple
Complementary,পরিপূরক,/kɑmplʌmˈɛntri/,"Although it looked complementary, the plan actually worked.","যদিও এটি পরিপূরক মনে হয়েছিল, পরিকল্পনাটি আসলে কাজ করেছিল।",Hard,IELTS Band 7-9,adjective,Complex,Past Simple
Completed,সম্পূর্ণ,/kʌmplˈitʌd/,"Because they completeded early, the project succeeded.","যেহেতু তারা আগেই সম্পূর্ণ করেছিল, প্রকল্পটি সফল হয়েছিল।",Medium,IELTS Band 6-7,verb,Complex,Past Simple
Completely,সম্পূর্ণভাবে,/kʌmplˈitli/,She answered the question completely.,সে সম্পূর্ণভাবে প্রশ্নের উত্তর দিয়েছিল।,Hard,IELTS Band 7-9,adverb,Simple,Past Simple
Complied,প্রতিপালিত,/kʌmplˈaɪd/,She complieded the problem before anyone noticed.,কেউ লক্ষ্য করার আগেই সে সমস্যাটি প্রতিপালিত করেছিল।,Medium,IELTS Band 6-7,verb,Simple,Past Simple
Complimentary,প্রশংসামূলক,/kɑmplʌmˈɛntɜri/,The result was extremely complimentary.,ফলাফলটি অত্যন্ত প্রশংসামূলক ছিল।,Hard,IELTS Band 7-9,adjective,Simple,Past Simple
Composed,মীমাংসিত,/kʌmpˈoʊzd/,"If we act now, we can composed this matter.",এখন পদক্ষেপ নিলে আমরা বিষয়টি মীমাংসিত করতে পারবো।,Medium,IELTS Band 6-7,verb,Complex,Present Simple
Composting,মিশ্রসার প্রয়োগ করা,/kˈɑmpoʊstɪŋ/,The team is compostinging new ways to solve it.,দলটি এটি সমাধানের নতুন উপায় মিশ্রসার প্রয়োগ করছে।,Hard,IELTS Band 7-9,verb,Simple,Present Continuous
Compound,যৌগ,/kˈɑmpaʊnd/,Researchers have studied this compound for many years.,গবেষকরা বহু বছর ধরে এই যৌগ নিয়ে গবেষণা করেছেন।,Medium,IELTS Band 6-7,noun,Simple,Present Perfect
Comprise,অন্তভূক্ত করা,/kʌmprˈaɪz/,"Because they comprised early, the project succeeded.","যেহেতু তারা আগেই অন্তভূক্ত করেছিল, প্রকল্পটি সফল হয়েছিল।",Medium,IELTS Band 6-7,verb,Complex,Past Simple
Compromise,সমঝোতা,/kˈɑmprʌmaɪz/,They compromise this issue every single day.,তারা প্রতিদিন এই বিষয়টি সমঝোতা করে।,Hard,IELTS Band 7-9,verb,Simple,Present Simple
Compromised,বিপদগ্রস্ত করা,/kˈɑmprʌmaɪzd/,She compromiseded the problem before anyone noticed.,কেউ লক্ষ্য করার আগেই সে সমস্যাটি বিপদগ্রস্ত করেছিল।,Hard,IELTS Band 7-9,verb,Simple,Past Simple
Concealed,গোপন,/kʌnsˈild/,Experts have concealeded this issue for decades.,বিশেষজ্ঞরা কয়েক দশক ধরে এই বিষয়টি গোপন করে আসছেন।,Medium,IELTS Band 6-7,verb,Simple,Present Perfect
Conceive,কল্পনা করা,/kʌnsˈiv/,"Although it looked conceive, the plan actually worked.","যদিও এটি কল্পনা করা মনে হয়েছিল, পরিকল্পনাটি আসলে কাজ করেছিল।",Medium,IELTS Band 6-7,adjective,Complex,Past Simple
Conception,দৃষ্টিভঙগি/চিন্তা,/kʌnsˈɛpʃʌn/,Scientists are still examining the conception closely.,বিজ্ঞানীরা এখনো দৃষ্টিভঙগি/চিন্তা খুব কাছ থেকে পর্যবেক্ষণ করছেন।,Hard,IELTS Band 7-9,noun,Simple,Present Continuous
Concerned,উদ্বিগ্ন,/kʌnsˈɜrnd/,"Next year, the company will concerned this plan.",আগামী বছর কোম্পানিটি এই পরিকল্পনা উদ্বিগ্ন করবে।,Medium,IELTS Band 6-7,verb,Simple,Future Simple
Concession,ছাড়,/kʌnsˈɛʃʌn/,Researchers have studied this concession for many years.,গবেষকরা বহু বছর ধরে এই ছাড় নিয়ে গবেষণা করেছেন।,Hard,IELTS Band 7-9,noun,Simple,Present Perfect
Conclude,শেষ করা,/kʌnklˈud/,"Although the conclude seemed minor, it changed everything.","যদিও শেষ করা বিষয়টি সামান্য মনে হয়েছিল, এটি সবকিছু বদলে দিয়েছিল।",Medium,IELTS Band 6-7,noun,Complex,Past Simple
Condiment,মসলা,/kˈɑndʌmʌnt/,It is condiment to prepare well before the test.,পরীক্ষার আগে ভালোভাবে প্রস্তুতি নেওয়া মসলা।,Medium,IELTS Band 6-7,adjective,Simple,Present Simple
condones,ক্ষমা করা,/kʌndˈoʊnz/,The condones will play a major role in the final decision.,চূড়ান্ত সিদ্ধান্তে ক্ষমা করা বড় ভূমিকা রাখবে।,Medium,IELTS Band 6-7,noun,Simple,Future Simple
Conductive,পরিবাহী,/kʌndˈʌktɪv/,Most experts consider this method quite conductive.,বেশিরভাগ বিশেষজ্ঞ এই পদ্ধতিটিকে বেশ পরিবাহী মনে করেন।,Hard,IELTS Band 7-9,adjective,Simple,Present Simple
Confinement,বন্দী,/kʌnfˈaɪnmʌnt/,The area has become increasingly confinement in recent years.,সাম্প্রতিক বছরগুলোতে এলাকাটি ক্রমশ বন্দী হয়ে উঠেছে।,Hard,IELTS Band 7-9,adjective,Simple,Present Perfect
conflicting,পরস্পরবিরোধী,/kʌnflˈɪktɪŋ/,"Next year, the company will conflicting this plan.",আগামী বছর কোম্পানিটি এই পরিকল্পনা পরস্পরবিরোধী করবে।,Hard,IELTS Band 7-9,verb,Simple,Future Simple
Confront,মুখোমুখি হওয়া,/kʌnfrˈʌnt/,The confront was clearly explained in the report.,প্রতিবেদনে মুখোমুখি হওয়া বিষয়টি স্পষ্টভাবে ব্যাখ্যা করা হয়েছিল।,Medium,IELTS Band 6-7,noun,Simple,Past Simple
Confused,বিভ্রান্ত,/kʌnfjˈuzd/,They confused this issue every single day.,তারা প্রতিদিন এই বিষয়টি বিভ্রান্ত করে।,Medium,IELTS Band 6-7,verb,Simple,Present Simple
Congested,ভিড়,/kʌndʒˈɛstʌd/,She congesteded the problem before anyone noticed.,কেউ লক্ষ্য করার আগেই সে সমস্যাটি ভিড় করেছিল।,Medium,IELTS Band 6-7,verb,Simple,Past Simple
Congregated,সমবেত হওয়া,/kˈɑŋgrɪgeɪtɪd/,Experts have congregateded this issue for decades.,বিশেষজ্ঞরা কয়েক দশক ধরে এই বিষয়টি সমবেত হওয়া করে আসছেন।,Hard,IELTS Band 7-9,verb,Simple,Present Perfect
Connect,সংযোগ করা,/kʌnˈɛkt/,The connect will play a major role in the final decision.,চূড়ান্ত সিদ্ধান্তে সংযোগ করা বড় ভূমিকা রাখবে।,Medium,IELTS Band 6-7,noun,Simple,Future Simple
Connectivity,সংযোগ,/kʌnɛktˈɪvɪti/,"Because of the connectivity, the whole plan had to change.",সংযোগ-এর কারণে পুরো পরিকল্পনা বদলাতে হয়েছিল।,Hard,IELTS Band 7-9,noun,Complex,Past Simple
Consecutive,ধারাবাহিক,/kʌnsˈɛkjʌtɪv/,The result was extremely consecutive.,ফলাফলটি অত্যন্ত ধারাবাহিক ছিল।,Hard,IELTS Band 7-9,adjective,Simple,Past Simple
Consensus,এক্য,/kʌnsˈɛnsʌs/,Scientists are still examining the consensus closely.,বিজ্ঞানীরা এখনো এক্য খুব কাছ থেকে পর্যবেক্ষণ করছেন।,Medium,IELTS Band 6-7,noun,Simple,Present Continuous
Consequences,প্রভাব,/kˈɑnsʌkwɛnsʌz/,The consequences was clearly explained in the report.,প্রতিবেদনে প্রভাব বিষয়টি স্পষ্টভাবে ব্যাখ্যা করা হয়েছিল।,Hard,IELTS Band 7-9,noun,Simple,Past Simple
conservationists,সংরক্ষণবাদী,/kɑnsɜrvˈeɪʃʌnɪsts/,Researchers have studied this conservationists for many years.,গবেষকরা বহু বছর ধরে এই সংরক্ষণবাদী নিয়ে গবেষণা করেছেন।,Hard,IELTS Band 7-9,noun,Simple,Present Perfect
Consideration,বিবেচনা,/kʌnsɪdɜrˈeɪʃʌn/,"Although the consideration seemed minor, it changed everything.","যদিও বিবেচনা বিষয়টি সামান্য মনে হয়েছিল, এটি সবকিছু বদলে দিয়েছিল।",Hard,IELTS Band 7-9,noun,Complex,Past Simple
Consistence,ধারাবাহিকতা,/kʌnsˈɪstʌns/,Every student should understand the consistence before the exam.,পরীক্ষার আগে প্রতিটি শিক্ষার্থীর ধারাবাহিকতা সম্পর্কে বোঝা উচিত।,Hard,IELTS Band 7-9,noun,Simple,Present Simple
Consistency,সামঞ্জস্য,/kʌnsˈɪstʌnsi/,The consistency will play a major role in the final decision.,চূড়ান্ত সিদ্ধান্তে সামঞ্জস্য বড় ভূমিকা রাখবে।,Hard,IELTS Band 7-9,noun,Simple,Future Simple
Consistently,ধারাবাহিকভাবে,/kʌnsˈɪstʌntli/,The plan was consistently rejected by the committee.,পরিকল্পনাটি কমিটি ধারাবাহিকভাবে প্রত্যাখ্যান করেছিল।,Hard,IELTS Band 7-9,adverb,Simple,Past Simple
consists,গঠিত,/kʌnsˈɪsts/,The article discusses the consists in great detail.,প্রবন্ধটিতে গঠিত নিয়ে বিস্তারিত আলোচনা করা হয়েছে।,Medium,IELTS Band 6-7,noun,Simple,Present Simple
Conspicuous,স্পষ্ট,/kʌnspˈɪkjuʌs/,Most experts consider this method quite conspicuous.,বেশিরভাগ বিশেষজ্ঞ এই পদ্ধতিটিকে বেশ স্পষ্ট মনে করেন।,Hard,IELTS Band 7-9,adjective,Simple,Present Simple
Constant,স্থির,/kˈɑnstʌnt/,The area has become increasingly constant in recent years.,সাম্প্রতিক বছরগুলোতে এলাকাটি ক্রমশ স্থির হয়ে উঠেছে।,Medium,IELTS Band 6-7,adjective,Simple,Present Perfect
Constellation,নক্ষত্রমগ্ডল,/kɑnstʌlˈeɪʃʌn/,Researchers have studied this constellation for many years.,গবেষকরা বহু বছর ধরে এই নক্ষত্রমগ্ডল নিয়ে গবেষণা করেছেন।,Hard,IELTS Band 7-9,noun,Simple,Present Perfect
Constitutes,গঠন করা,/kˈɑnstʌtuts/,"Although the constitutes seemed minor, it changed everything.","যদিও গঠন করা বিষয়টি সামান্য মনে হয়েছিল, এটি সবকিছু বদলে দিয়েছিল।",Hard,IELTS Band 7-9,noun,Complex,Past Simple
Constitution,সংবিধান,/kɑnstʌtˈuʃʌn/,Every student should understand the constitution before the exam.,পরীক্ষার আগে প্রতিটি শিক্ষার্থীর সংবিধান সম্পর্কে বোঝা উচিত।,Hard,IELTS Band 7-9,noun,Simple,Present Simple
Constraint,সীমাবদ্ধতা,/kʌnstrˈeɪnt/,The constraint will play a major role in the final decision.,চূড়ান্ত সিদ্ধান্তে সীমাবদ্ধতা বড় ভূমিকা রাখবে।,Hard,IELTS Band 7-9,noun,Simple,Future Simple
Constraints,সীমাবদ্ধতা,/kʌnstrˈeɪnts/,"Because of the constraints, the whole plan had to change.",সীমাবদ্ধতা-এর কারণে পুরো পরিকল্পনা বদলাতে হয়েছিল।,Hard,IELTS Band 7-9,noun,Complex,Past Simple
Constructively,গঠনমূলকভাবে,/kʌnstrˈʌktɪvli/,He constructively explains difficult topics in class.,সে ক্লাসে কঠিন বিষয়গুলো গঠনমূলকভাবে ব্যাখ্যা করে।,Hard,IELTS Band 7-9,adverb,Simple,Present Simple
Consultancy,উপদেশ দেওয়া,/kʌnsˈʌltʌnsi/,Scientists are still examining the consultancy closely.,বিজ্ঞানীরা এখনো উপদেশ দেওয়া খুব কাছ থেকে পর্যবেক্ষণ করছেন।,Hard,IELTS Band 7-9,noun,Simple,Present Continuous
Consultant,পরামর্শদাতা,/kʌnsˈʌltʌnt/,The result was extremely consultant.,ফলাফলটি অত্যন্ত পরামর্শদাতা ছিল।,Hard,IELTS Band 7-9,adjective,Simple,Past Simple
Consume,গ্রাস করা,/kʌnsˈum/,Researchers have studied this consume for many years.,গবেষকরা বহু বছর ধরে এই গ্রাস করা নিয়ে গবেষণা করেছেন।,Medium,IELTS Band 6-7,noun,Simple,Present Perfect
Consumer,ভোক্তা,/kʌnsˈumɜr/,"Although the consumer seemed minor, it changed everything.","যদিও ভোক্তা বিষয়টি সামান্য মনে হয়েছিল, এটি সবকিছু বদলে দিয়েছিল।",Medium,IELTS Band 6-7,noun,Complex,Past Simple
Consuming,গ্রাসকারী,/kʌnsˈumɪŋ/,"Next year, the company will consuming this plan.",আগামী বছর কোম্পানিটি এই পরিকল্পনা গ্রাসকারী করবে।,Medium,IELTS Band 6-7,verb,Simple,Future Simple
Contagious,সংক্রামক,/kʌntˈeɪdʒʌs/,The area has become increasingly contagious in recent years.,সাম্প্রতিক বছরগুলোতে এলাকাটি ক্রমশ সংক্রামক হয়ে উঠেছে।,Hard,IELTS Band 7-9,adjective,Simple,Present Perfect
Contaminate,দূষিত করা,/kʌntˈæmʌneɪt/,They contaminate this issue every single day.,তারা প্রতিদিন এই বিষয়টি দূষিত করে।,Hard,IELTS Band 7-9,verb,Simple,Present Simple
Contaminated,দূষিত,/kʌntˈæmʌneɪtɪd/,She contaminateded the problem before anyone noticed.,কেউ লক্ষ্য করার আগেই সে সমস্যাটি দূষিত করেছিল।,Hard,IELTS Band 7-9,verb,Simple,Past Simple
contemporaries,সমসাময়িক ব্যক্তি,/kʌntˈɛmpɜrɛriz/,Scientists are still examining the contemporaries closely.,বিজ্ঞানীরা এখনো সমসাময়িক ব্যক্তি খুব কাছ থেকে পর্যবেক্ষণ করছেন।,Hard,IELTS Band 7-9,noun,Simple,Present Continuous
Contend,তর্কবিতর্ক করা,/kʌntˈɛnd/,The contend was clearly explained in the report.,প্রতিবেদনে তর্কবিতর্ক করা বিষয়টি স্পষ্টভাবে ব্যাখ্যা করা হয়েছিল।,Medium,IELTS Band 6-7,noun,Simple,Past Simple
Contentedly,পরিতৃপ্ত,/kʌntˈɛntʌdli/,The plan was contentedly rejected by the committee.,পরিকল্পনাটি কমিটি পরিতৃপ্ত প্রত্যাখ্যান করেছিল।,Hard,IELTS Band 7-9,adverb,Simple,Past Simple
Contention,বিবাদ,/kʌntˈɛnʃʌn/,"Although the contention seemed minor, it changed everything.","যদিও বিবাদ বিষয়টি সামান্য মনে হয়েছিল, এটি সবকিছু বদলে দিয়েছিল।",Hard,IELTS Band 7-9,noun,Complex,Past Simple
Contentment,সন্তুষ্ট,/kʌntˈɛntmʌnt/,"Because the situation was so contentment, everyone took notice.",পরিস্থিতিটি এতটাই সন্তুষ্ট ছিল যে সবাই লক্ষ্য করেছিল।,Hard,IELTS Band 7-9,adjective,Complex,Past Simple
Contest,প্রতিযোগিতা,/kˈɑntɛst/,The contest will play a major role in the final decision.,চূড়ান্ত সিদ্ধান্তে প্রতিযোগিতা বড় ভূমিকা রাখবে।,Medium,IELTS Band 6-7,noun,Simple,Future Simple
Contractor,ঠিকাদার,/kˈɑntræktɜr/,"Because of the contractor, the whole plan had to change.",ঠিকাদার-এর কারণে পুরো পরিকল্পনা বদলাতে হয়েছিল।,Hard,IELTS Band 7-9,noun,Complex,Past Simple
Contradicted,অস্বীকার করা,/kɑntrʌdˈɪktʌd/,Experts have contradicteded this issue for decades.,বিশেষজ্ঞরা কয়েক দশক ধরে এই বিষয়টি অস্বীকার করে আসছেন।,Hard,IELTS Band 7-9,verb,Simple,Present Perfect
Contradictory,পরস্পরবিরোধী,/kɑntrʌdˈɪktɜri/,Most experts consider this method quite contradictory.,বেশিরভাগ বিশেষজ্ঞ এই পদ্ধতিটিকে বেশ পরস্পরবিরোধী মনে করেন।,Hard,IELTS Band 7-9,adjective,Simple,Present Simple
Contraption,বিদঘুটে চেহারার কল,/kʌntrˈæpʃʌn/,The contraption was clearly explained in the report.,প্রতিবেদনে বিদঘুটে চেহারার কল বিষয়টি স্পষ্টভাবে ব্যাখ্যা করা হয়েছিল।,Hard,IELTS Band 7-9,noun,Simple,Past Simple
Contributory,সাহায্যকারী,/kʌntrˈɪbjʌtɔri/,"Because the situation was so contributory, everyone took notice.",পরিস্থিতিটি এতটাই সাহায্যকারী ছিল যে সবাই লক্ষ্য করেছিল।,Hard,IELTS Band 7-9,adjective,Complex,Past Simple
Control,নিয়ন্ত্রণ,/kʌntrˈoʊl/,"Although the control seemed minor, it changed everything.","যদিও নিয়ন্ত্রণ বিষয়টি সামান্য মনে হয়েছিল, এটি সবকিছু বদলে দিয়েছিল।",Medium,IELTS Band 6-7,noun,Complex,Past Simple
Conundrum,ধাঁধা,/kʌnˈʌndrʌm/,Every student should understand the conundrum before the exam.,পরীক্ষার আগে প্রতিটি শিক্ষার্থীর ধাঁধা সম্পর্কে বোঝা উচিত।,Medium,IELTS Band 6-7,noun,Simple,Present Simple
Conventionally,প্রচলিতভাবে,/kʌnvˈɛnʃʌnʌli/,She answered the question conventionally.,সে প্রচলিতভাবে প্রশ্নের উত্তর দিয়েছিল।,Hard,IELTS Band 7-9,adverb,Simple,Past Simple
Conversely,কথাবার্তা,/kˈɑnvɜrsli/,The plan was conversely rejected by the committee.,পরিকল্পনাটি কমিটি কথাবার্তা প্রত্যাখ্যান করেছিল।,Hard,IELTS Band 7-9,adverb,Simple,Past Simple
Conversion,রূপান্তর,/kʌnvˈɜrʒʌn/,The article discusses the conversion in great detail.,প্রবন্ধটিতে রূপান্তর নিয়ে বিস্তারিত আলোচনা করা হয়েছে।,Hard,IELTS Band 7-9,noun,Simple,Present Simple
converted,রূপান্তরিত,/kʌnvˈɜrtɪd/,The team is converteding new ways to solve it.,দলটি এটি সমাধানের নতুন উপায় রূপান্তরিত করছে।,Medium,IELTS Band 6-7,verb,Simple,Present Continuous
Convincing,প্রত্যয়জনক,/kʌnvˈɪnsɪŋ/,"Next year, the company will convincing this plan.",আগামী বছর কোম্পানিটি এই পরিকল্পনা প্রত্যয়জনক করবে।,Hard,IELTS Band 7-9,verb,Simple,Future Simple
Cooperate,সহযোগিতা,/koʊˈɑpɜreɪt/,"Because they cooperated early, the project succeeded.","যেহেতু তারা আগেই সহযোগিতা করেছিল, প্রকল্পটি সফল হয়েছিল।",Hard,IELTS Band 7-9,verb,Complex,Past Simple
Coordinate,সমন্বয় করা,/koʊˈɔrdʌnʌt/,They coordinate this issue every single day.,তারা প্রতিদিন এই বিষয়টি সমন্বয় করে।,Hard,IELTS Band 7-9,verb,Simple,Present Simple
Cordial,আন্তরিক,/kˈɔrdʒʌl/,Most experts consider this method quite cordial.,বেশিরভাগ বিশেষজ্ঞ এই পদ্ধতিটিকে বেশ আন্তরিক মনে করেন।,Medium,IELTS Band 6-7,adjective,Simple,Present Simple
Corresponding,অনুরূপ,/kɔrʌspˈɑndɪŋ/,Experts have correspondinged this issue for decades.,বিশেষজ্ঞরা কয়েক দশক ধরে এই বিষয়টি অনুরূপ করে আসছেন।,Hard,IELTS Band 7-9,verb,Simple,Present Perfect
Corridor,করিডোর,/kˈɔrʌdɜr/,"Because of the corridor, the whole plan had to change.",করিডোর-এর কারণে পুরো পরিকল্পনা বদলাতে হয়েছিল।,Medium,IELTS Band 6-7,noun,Complex,Past Simple
Counteracting,পাল্টা,/kaʊntɜrˈæktɪŋ/,The team is counteractinging new ways to solve it.,দলটি এটি সমাধানের নতুন উপায় পাল্টা করছে।,Hard,IELTS Band 7-9,verb,Simple,Present Continuous
countering,প্রতিহত,/kˈaʊntɜrɪŋ/,"Next year, the company will countering this plan.",আগামী বছর কোম্পানিটি এই পরিকল্পনা প্রতিহত করবে।,Hard,IELTS Band 7-9,verb,Simple,Future Simple
Countless,অগণিত,/kˈaʊntlʌs/,"Although it looked countless, the plan actually worked.","যদিও এটি অগণিত মনে হয়েছিল, পরিকল্পনাটি আসলে কাজ করেছিল।",Medium,IELTS Band 6-7,adjective,Complex,Past Simple
Courage,সাহস,/kˈɜrʌdʒ/,Researchers have studied this courage for many years.,গবেষকরা বহু বছর ধরে এই সাহস নিয়ে গবেষণা করেছেন।,Medium,IELTS Band 6-7,noun,Simple,Present Perfect
Course,পথ,/kˈɔrs/,"Although the course seemed minor, it changed everything.","যদিও পথ বিষয়টি সামান্য মনে হয়েছিল, এটি সবকিছু বদলে দিয়েছিল।",Easy,IELTS Band 5-6,noun,Complex,Past Simple
Courtyards,আঙ্গিনা,/kˈɔrtjɑrdz/,Every student should understand the courtyards before the exam.,পরীক্ষার আগে প্রতিটি শিক্ষার্থীর আঙ্গিনা সম্পর্কে বোঝা উচিত।,Hard,IELTS Band 7-9,noun,Simple,Present Simple
crafted,তৈরি,/krˈæftɪd/,"If we act now, we can crafted this matter.",এখন পদক্ষেপ নিলে আমরা বিষয়টি তৈরি করতে পারবো।,Medium,IELTS Band 6-7,verb,Complex,Present Simple
Creature,জীব,/krˈitʃɜr/,"Because of the creature, the whole plan had to change.",জীব-এর কারণে পুরো পরিকল্পনা বদলাতে হয়েছিল।,Medium,IELTS Band 6-7,noun,Complex,Past Simple
Cries,কান্নাকাটি করা,/krˈaɪz/,The article discusses the cries in great detail.,প্রবন্ধটিতে কান্নাকাটি করা নিয়ে বিস্তারিত আলোচনা করা হয়েছে।,Easy,IELTS Band 5-6,noun,Simple,Present Simple
critics,সমালোচক,/krˈɪtɪks/,Scientists are still examining the critics closely.,বিজ্ঞানীরা এখনো সমালোচক খুব কাছ থেকে পর্যবেক্ষণ করছেন।,Medium,IELTS Band 6-7,noun,Simple,Present Continuous
Cropping,ছোট করা/ফসল তোলা,/krˈɑpɪŋ/,They cropping this issue every single day.,তারা প্রতিদিন এই বিষয়টি ছোট করা/ফসল তোলা করে।,Medium,IELTS Band 6-7,verb,Simple,Present Simple
cross,পার হওয়া,/krˈɔs/,Researchers have studied this cross for many years.,গবেষকরা বহু বছর ধরে এই পার হওয়া নিয়ে গবেষণা করেছেন।,Easy,IELTS Band 5-6,noun,Simple,Present Perfect
Crowded,ঘনবসতিপূর্ণ,/krˈaʊdʌd/,Experts have crowdeded this issue for decades.,বিশেষজ্ঞরা কয়েক দশক ধরে এই বিষয়টি ঘনবসতিপূর্ণ করে আসছেন।,Medium,IELTS Band 6-7,verb,Simple,Present Perfect
Crucial,গুরুত্বপূর্ণ,/krˈuʃʌl/,It is crucial to prepare well before the test.,পরীক্ষার আগে ভালোভাবে প্রস্তুতি নেওয়া গুরুত্বপূর্ণ।,Medium,IELTS Band 6-7,adjective,Simple,Present Simple
Cruise,সমুদ্র ভ্রমণ,/krˈuz/,The team is cruising new ways to solve it.,দলটি এটি সমাধানের নতুন উপায় সমুদ্র ভ্রমণ করছে।,Easy,IELTS Band 5-6,verb,Simple,Present Continuous
Culmination,উন্নতির চরম সীমায়,/kʌlmʌnˈeɪʃʌn/,"Because of the culmination, the whole plan had to change.",উন্নতির চরম সীমায়-এর কারণে পুরো পরিকল্পনা বদলাতে হয়েছিল।,Hard,IELTS Band 7-9,noun,Complex,Past Simple
culprits,অপরাধী/ অভিযুক্ত ব্যক্তি,/kˈʌlprɪts/,The article discusses the culprits in great detail.,প্রবন্ধটিতে অপরাধী/ অভিযুক্ত ব্যক্তি নিয়ে বিস্তারিত আলোচনা করা হয়েছে।,Medium,IELTS Band 6-7,noun,Simple,Present Simple
Cure,নিরাময়,/kjˈʊr/,Scientists are still examining the cure closely.,বিজ্ঞানীরা এখনো নিরাময় খুব কাছ থেকে পর্যবেক্ষণ করছেন।,Easy,IELTS Band 5-6,noun,Simple,Present Continuous
Curing,নিরাময়,/kjˈʊrɪŋ/,She curinged the problem before anyone noticed.,কেউ লক্ষ্য করার আগেই সে সমস্যাটি নিরাময় করেছিল।,Easy,IELTS Band 5-6,verb,Simple,Past Simple
curious,কৌতুহলী,/kjˈʊriʌs/,It is curious to prepare well before the test.,পরীক্ষার আগে ভালোভাবে প্রস্তুতি নেওয়া কৌতুহলী।,Medium,IELTS Band 6-7,adjective,Simple,Present Simple
Cushion,কুশন,/kˈʊʃʌn/,"Although the cushion seemed minor, it changed everything.","যদিও কুশন বিষয়টি সামান্য মনে হয়েছিল, এটি সবকিছু বদলে দিয়েছিল।",Medium,IELTS Band 6-7,noun,Complex,Past Simple
Damp,স্যাঁতসেঁতে,/dˈæmp/,Every student should understand the damp before the exam.,পরীক্ষার আগে প্রতিটি শিক্ষার্থীর স্যাঁতসেঁতে সম্পর্কে বোঝা উচিত।,Easy,IELTS Band 5-6,noun,Simple,Present Simple
daredevils,ডেয়ারডেভিল,/dˈɛrdɛvʌlz/,The daredevils will play a major role in the final decision.,চূড়ান্ত সিদ্ধান্তে ডেয়ারডেভিল বড় ভূমিকা রাখবে।,Hard,IELTS Band 7-9,noun,Simple,Future Simple
Daunting,ভয়ঙ্কর,/dˈɔntɪŋ/,"Because they dauntinged early, the project succeeded.","যেহেতু তারা আগেই ভয়ঙ্কর করেছিল, প্রকল্পটি সফল হয়েছিল।",Medium,IELTS Band 6-7,verb,Complex,Past Simple
Debilitating,দুর্বল করা,/dʌbˈɪlʌteɪtɪŋ/,They debilitating this issue every single day.,তারা প্রতিদিন এই বিষয়টি দুর্বল করে।,Hard,IELTS Band 7-9,verb,Simple,Present Simple
Debris,ধ্বংসাবশেষ,/dʌbrˈi/,Scientists are still examining the debris closely.,বিজ্ঞানীরা এখনো ধ্বংসাবশেষ খুব কাছ থেকে পর্যবেক্ষণ করছেন।,Easy,IELTS Band 5-6,noun,Simple,Present Continuous
Decay,ক্ষয় প্রাপ্ত হওয়া,/dɪkˈeɪ/,The decay was clearly explained in the report.,প্রতিবেদনে ক্ষয় প্রাপ্ত হওয়া বিষয়টি স্পষ্টভাবে ব্যাখ্যা করা হয়েছিল।,Easy,IELTS Band 5-6,noun,Simple,Past Simple
Deceiving,প্রতারণা/ ছলনাপূর্ণ,/dɪsˈivɪŋ/,"If we act now, we can deceiving this matter.",এখন পদক্ষেপ নিলে আমরা বিষয়টি প্রতারণা/ ছলনাপূর্ণ করতে পারবো।,Medium,IELTS Band 6-7,verb,Complex,Present Simple
Decipher,পাঠোদ্ধার করা,/dɪsˈaɪfɜr/,"Although the decipher seemed minor, it changed everything.","যদিও পাঠোদ্ধার করা বিষয়টি সামান্য মনে হয়েছিল, এটি সবকিছু বদলে দিয়েছিল।",Medium,IELTS Band 6-7,noun,Complex,Past Simple
Decisive,সিদ্ধান্তমূলক,/dɪsˈaɪsɪv/,"Because the situation was so decisive, everyone took notice.",পরিস্থিতিটি এতটাই সিদ্ধান্তমূলক ছিল যে সবাই লক্ষ্য করেছিল।,Hard,IELTS Band 7-9,adjective,Complex,Past Simple
Decorations,সঙ্জা,/dɛkɜrˈeɪʃʌnz/,The decorations will play a major role in the final decision.,চূড়ান্ত সিদ্ধান্তে সঙ্জা বড় ভূমিকা রাখবে।,Hard,IELTS Band 7-9,noun,Simple,Future Simple
Dedicate,উৎসর্গ করা,/dˈɛdʌkeɪt/,They dedicate this issue every single day.,তারা প্রতিদিন এই বিষয়টি উৎসর্গ করে।,Hard,IELTS Band 7-9,verb,Simple,Present Simple
Deep,গভীর,/dˈip/,The article discusses the deep in great detail.,প্রবন্ধটিতে গভীর নিয়ে বিস্তারিত আলোচনা করা হয়েছে।,Easy,IELTS Band 5-6,noun,Simple,Present Simple
Deeper,গভীর,/dˈipɜr/,Scientists are still examining the deeper closely.,বিজ্ঞানীরা এখনো গভীর খুব কাছ থেকে পর্যবেক্ষণ করছেন।,Easy,IELTS Band 5-6,noun,Simple,Present Continuous
Deficient,অভাবগ্রস্ত,/dɪfˈɪʃʌnt/,The area has become increasingly deficient in recent years.,সাম্প্রতিক বছরগুলোতে এলাকাটি ক্রমশ অভাবগ্রস্ত হয়ে উঠেছে।,Medium,IELTS Band 6-7,adjective,Simple,Present Perfect
Define,সঠিকভাবে বর্ণনা করা,/dɪfˈaɪn/,Researchers have studied this define for many years.,গবেষকরা বহু বছর ধরে এই সঠিকভাবে বর্ণনা করা নিয়ে গবেষণা করেছেন।,Medium,IELTS Band 6-7,noun,Simple,Present Perfect
Definite,নির্দিষ্ট,/dˈɛfʌnʌt/,"Although the definite seemed minor, it changed everything.","যদিও নির্দিষ্ট বিষয়টি সামান্য মনে হয়েছিল, এটি সবকিছু বদলে দিয়েছিল।",Hard,IELTS Band 7-9,noun,Complex,Past Simple
Definitive,নির্ধারক,/dɪfˈɪnɪtɪv/,It is definitive to prepare well before the test.,পরীক্ষার আগে ভালোভাবে প্রস্তুতি নেওয়া নির্ধারক।,Hard,IELTS Band 7-9,adjective,Simple,Present Simple
Deforestation,বন নিধন,/dɪfɔrɪstˈeɪʃʌn/,The deforestation will play a major role in the final decision.,চূড়ান্ত সিদ্ধান্তে বন নিধন বড় ভূমিকা রাখবে।,Hard,IELTS Band 7-9,noun,Simple,Future Simple
Defying,অস্বীকার,/dɪfˈaɪɪŋ/,She defyinged the problem before anyone noticed.,কেউ লক্ষ্য করার আগেই সে সমস্যাটি অস্বীকার করেছিল।,Medium,IELTS Band 6-7,verb,Simple,Past Simple
Degrade,মর্যাদাহানিকর,/dɪgrˈeɪd/,The article discusses the degrade in great detail.,প্রবন্ধটিতে মর্যাদাহানিকর নিয়ে বিস্তারিত আলোচনা করা হয়েছে।,Medium,IELTS Band 6-7,noun,Simple,Present Simple
Delay,বিলম্ব,/dɪlˈeɪ/,Scientists are still examining the delay closely.,বিজ্ঞানীরা এখনো বিলম্ব খুব কাছ থেকে পর্যবেক্ষণ করছেন।,Easy,IELTS Band 5-6,noun,Simple,Present Continuous
Delegate,প্রতিনিধি,/dˈɛlʌgeɪt/,The team is delegating new ways to solve it.,দলটি এটি সমাধানের নতুন উপায় প্রতিনিধি করছে।,Hard,IELTS Band 7-9,verb,Simple,Present Continuous
Delicate,সুন্ম/নাজুক,/dˈɛlʌkʌt/,"Next year, the company will delicate this plan.",আগামী বছর কোম্পানিটি এই পরিকল্পনা সুন্ম/নাজুক করবে।,Hard,IELTS Band 7-9,verb,Simple,Future Simple
Delighted,আনন্দিত,/dɪlˈaɪtʌd/,"Because they delighteded early, the project succeeded.","যেহেতু তারা আগেই আনন্দিত করেছিল, প্রকল্পটি সফল হয়েছিল।",Medium,IELTS Band 6-7,verb,Complex,Past Simple
Delve into,অনুসন্ধান করা,,Every student should understand the delve into before the exam.,পরীক্ষার আগে প্রতিটি শিক্ষার্থীর অনুসন্ধান করা সম্পর্কে বোঝা উচিত।,Hard,IELTS Band 7-9,noun,Simple,Present Simple
Dementia,উন্মাদনা,/dɪmˈɛnʃiʌ/,The dementia will play a major role in the final decision.,চূড়ান্ত সিদ্ধান্তে উন্মাদনা বড় ভূমিকা রাখবে।,Medium,IELTS Band 6-7,noun,Simple,Future Simple
Demolition,ধ্বংস,/dɛmʌlˈɪʃʌn/,"Because of the demolition, the whole plan had to change.",ধ্বংস-এর কারণে পুরো পরিকল্পনা বদলাতে হয়েছিল।,Hard,IELTS Band 7-9,noun,Complex,Past Simple
Demonstrated,প্রদর্শিত,/dˈɛmʌnstreɪtɪd/,"If we act now, we can demonstrated this matter.",এখন পদক্ষেপ নিলে আমরা বিষয়টি প্রদর্শিত করতে পারবো।,Hard,IELTS Band 7-9,verb,Complex,Present Simple
Dens,গুহা,/dˈɛnz/,Scientists are still examining the dens closely.,বিজ্ঞানীরা এখনো গুহা খুব কাছ থেকে পর্যবেক্ষণ করছেন।,Easy,IELTS Band 5-6,noun,Simple,Present Continuous
denser,ঘন,/dˈɛnsɜr/,The denser was clearly explained in the report.,প্রতিবেদনে ঘন বিষয়টি স্পষ্টভাবে ব্যাখ্যা করা হয়েছিল।,Easy,IELTS Band 5-6,noun,Simple,Past Simple
Denying,অস্বীকার করা,/dɪnˈaɪɪŋ/,"Because they denyinged early, the project succeeded.","যেহেতু তারা আগেই অস্বীকার করেছিল, প্রকল্পটি সফল হয়েছিল।",Medium,IELTS Band 6-7,verb,Complex,Past Simple
departure,প্রস্থান,/dɪpˈɑrtʃɜr/,"Although the departure seemed minor, it changed everything.","যদিও প্রস্থান বিষয়টি সামান্য মনে হয়েছিল, এটি সবকিছু বদলে দিয়েছিল।",Hard,IELTS Band 7-9,noun,Complex,Past Simple
depending,নির্ভর করা/ভরসা করা,/dɪpˈɛndɪŋ/,She dependinged the problem before anyone noticed.,কেউ লক্ষ্য করার আগেই সে সমস্যাটি নির্ভর করা/ভরসা করেছিল।,Medium,IELTS Band 6-7,verb,Simple,Past Simple
Depicted,বর্ণনা করা,/dɪpˈɪktʌd/,Experts have depicteded this issue for decades.,বিশেষজ্ঞরা কয়েক দশক ধরে এই বিষয়টি বর্ণনা করে আসছেন।,Medium,IELTS Band 6-7,verb,Simple,Present Perfect
Depictions,প্রতিকৃতি,/dɪpˈɪkʃʌnz/,"Because of the depictions, the whole plan had to change.",প্রতিকৃতি-এর কারণে পুরো পরিকল্পনা বদলাতে হয়েছিল।,Hard,IELTS Band 7-9,noun,Complex,Past Simple
Deprivation,বঞ্চনা,/dɛprʌvˈeɪʃʌn/,The article discusses the deprivation in great detail.,প্রবন্ধটিতে বঞ্চনা নিয়ে বিস্তারিত আলোচনা করা হয়েছে।,Hard,IELTS Band 7-9,noun,Simple,Present Simple
Deprive of,থেকে বঞ্চিত করা,,Scientists are still examining the deprive of closely.,বিজ্ঞানীরা এখনো থেকে বঞ্চিত করা খুব কাছ থেকে পর্যবেক্ষণ করছেন।,Hard,IELTS Band 7-9,noun,Simple,Present Continuous
depths,গভীরতা,/dˈɛpθs/,The depths was clearly explained in the report.,প্রতিবেদনে গভীরতা বিষয়টি স্পষ্টভাবে ব্যাখ্যা করা হয়েছিল।,Easy,IELTS Band 5-6,noun,Simple,Past Simple
Derive,উৎস,/dɜrˈaɪv/,"Because the situation was so derive, everyone took notice.",পরিস্থিতিটি এতটাই উৎস ছিল যে সবাই লক্ষ্য করেছিল।,Medium,IELTS Band 6-7,adjective,Complex,Past Simple
Derive BES,করা,,"Although the derive bes seemed minor, it changed everything.","যদিও করা বিষয়টি সামান্য মনে হয়েছিল, এটি সবকিছু বদলে দিয়েছিল।",Hard,IELTS Band 7-9,noun,Complex,Past Simple
Descend,নেমে আসা,/dɪsˈɛnd/,Every student should understand the descend before the exam.,পরীক্ষার আগে প্রতিটি শিক্ষার্থীর নেমে আসা সম্পর্কে বোঝা উচিত।,Medium,IELTS Band 6-7,noun,Simple,Present Simple
Descendant,বংশধর,/dɪsˈɛndʌnt/,"Although it looked descendant, the plan actually worked.","যদিও এটি বংশধর মনে হয়েছিল, পরিকল্পনাটি আসলে কাজ করেছিল।",Hard,IELTS Band 7-9,adjective,Complex,Past Simple
Descendants,উত্তরপুরুষ,/dɪsˈɛndʌnts/,"Because of the descendants, the whole plan had to change.",উত্তরপুরুষ-এর কারণে পুরো পরিকল্পনা বদলাতে হয়েছিল।,Hard,IELTS Band 7-9,noun,Complex,Past Simple
Desert,মরুভূমি,/dˈɛzɜrt/,The article discusses the desert in great detail.,প্রবন্ধটিতে মরুভূমি নিয়ে বিস্তারিত আলোচনা করা হয়েছে।,Easy,IELTS Band 5-6,noun,Simple,Present Simple
Despoiled,হরণ করা,,"Because they despoileded early, the project succeeded.","যেহেতু তারা আগেই হরণ করেছিল, প্রকল্পটি সফল হয়েছিল।",Medium,IELTS Band 6-7,verb,Complex,Past Simple
Destroy,ধ্বংস করা,/dɪstrˈɔɪ/,The destroy was clearly explained in the report.,প্রতিবেদনে ধ্বংস করা বিষয়টি স্পষ্টভাবে ব্যাখ্যা করা হয়েছিল।,Medium,IELTS Band 6-7,noun,Simple,Past Simple
Detach,বিচ্ছিন করা,/dˈɪtætʃ/,Researchers have studied this detach for many years.,গবেষকরা বহু বছর ধরে এই বিচ্ছিন করা নিয়ে গবেষণা করেছেন।,Easy,IELTS Band 5-6,noun,Simple,Present Perfect
Detailed,বিশদ,/dɪtˈeɪld/,Experts have detaileded this issue for decades.,বিশেষজ্ঞরা কয়েক দশক ধরে এই বিষয়টি বিশদ করে আসছেন।,Medium,IELTS Band 6-7,verb,Simple,Present Perfect
Deter,বাধা,/dɪtˈɜr/,Every student should understand the deter before the exam.,পরীক্ষার আগে প্রতিটি শিক্ষার্থীর বাধা সম্পর্কে বোঝা উচিত।,Easy,IELTS Band 5-6,noun,Simple,Present Simple
Deteriorate,অবনতি,/dɪtˈɪriɜreɪt/,The team is deteriorating new ways to solve it.,দলটি এটি সমাধানের নতুন উপায় অবনতি করছে।,Hard,IELTS Band 7-9,verb,Simple,Present Continuous
Determined,নির্ধারিত,/dɪtˈɜrmʌnd/,"Next year, the company will determined this plan.",আগামী বছর কোম্পানিটি এই পরিকল্পনা নির্ধারিত করবে।,Hard,IELTS Band 7-9,verb,Simple,Future Simple
Deterred,নিরুৎসাহিত করা,/dɪtˈɜrd/,"Because they deterreded early, the project succeeded.","যেহেতু তারা আগেই নিরুৎসাহিত করেছিল, প্রকল্পটি সফল হয়েছিল।",Medium,IELTS Band 6-7,verb,Complex,Past Simple
detour,বাঁক/ ঘোরান পথ,/dɪtˈʊr/,Scientists are still examining the detour closely.,বিজ্ঞানীরা এখনো বাঁক/ ঘোরান পথ খুব কাছ থেকে পর্যবেক্ষণ করছেন।,Easy,IELTS Band 5-6,noun,Simple,Present Continuous
Devastate,ধ্বংস করা,/dˈɛvʌsteɪt/,She devastated the problem before anyone noticed.,কেউ লক্ষ্য করার আগেই সে সমস্যাটি ধ্বংস করেছিল।,Hard,IELTS Band 7-9,verb,Simple,Past Simple
Devastation,ধ্বংস,/dɛvʌstˈeɪʃʌn/,Researchers have studied this devastation for many years.,গবেষকরা বহু বছর ধরে এই ধ্বংস নিয়ে গবেষণা করেছেন।,Hard,IELTS Band 7-9,noun,Simple,Present Perfect
Developed,উন্নত,/dɪvˈɛlʌpt/,"If we act now, we can developed this matter.",এখন পদক্ষেপ নিলে আমরা বিষয়টি উন্নত করতে পারবো।,Hard,IELTS Band 7-9,verb,Complex,Present Simple
Deviasted,বিচ্যুত,,The team is deviasteding new ways to solve it.,দলটি এটি সমাধানের নতুন উপায় বিচ্যুত করছে।,Medium,IELTS Band 6-7,verb,Simple,Present Continuous
Devise,উদ্ভাবন করা/পরিকল্পনা করা,/dɪvˈaɪz/,"Next year, the company will devise this plan.",আগামী বছর কোম্পানিটি এই পরিকল্পনা উদ্ভাবন করা/পরিকল্পনা করবে।,Medium,IELTS Band 6-7,verb,Simple,Future Simple
Devising,উদ্ভাবন,/dɪvˈaɪzɪŋ/,"Because they devisinged early, the project succeeded.","যেহেতু তারা আগেই উদ্ভাবন করেছিল, প্রকল্পটি সফল হয়েছিল।",Medium,IELTS Band 6-7,verb,Complex,Past Simple
Dialogue,সংলাপ,/dˈaɪʌlɔg/,The article discusses the dialogue in great detail.,প্রবন্ধটিতে সংলাপ নিয়ে বিস্তারিত আলোচনা করা হয়েছে।,Medium,IELTS Band 6-7,noun,Simple,Present Simple
Diametrically,সম্পূর্ণভাবে,/daɪʌmˈɛtrɪkʌli/,"Because she worked diametrically, she finished on time.",সে সম্পূর্ণভাবে কাজ করেছিল বলে সময়মতো শেষ করতে পেরেছিল।,Hard,IELTS Band 7-9,adverb,Complex,Past Simple
Dichotomy,দ্বিধাবিভক্তি,/daɪkˈɑtʌmi/,The dichotomy was clearly explained in the report.,প্রতিবেদনে দ্বিধাবিভক্তি বিষয়টি স্পষ্টভাবে ব্যাখ্যা করা হয়েছিল।,Medium,IELTS Band 6-7,noun,Simple,Past Simple
Dictation,নির্দেশ,/dɪktˈeɪʃʌn/,Researchers have studied this dictation for many years.,গবেষকরা বহু বছর ধরে এই নির্দেশ নিয়ে গবেষণা করেছেন।,Medium,IELTS Band 6-7,noun,Simple,Present Perfect
Diet,খাদ্য,/dˈaɪʌt/,"Although the diet seemed minor, it changed everything.","যদিও খাদ্য বিষয়টি সামান্য মনে হয়েছিল, এটি সবকিছু বদলে দিয়েছিল।",Easy,IELTS Band 5-6,noun,Complex,Past Simple
Differently,ভিন্নভাবে,/dˈɪfrʌntli/,"Because she worked differently, she finished on time.",সে ভিন্নভাবে কাজ করেছিল বলে সময়মতো শেষ করতে পেরেছিল।,Hard,IELTS Band 7-9,adverb,Complex,Past Simple
differing,ভিন্ন,/dˈɪfɜrɪŋ/,"Because they differinged early, the project succeeded.","যেহেতু তারা আগেই ভিন্ন করেছিল, প্রকল্পটি সফল হয়েছিল।",Medium,IELTS Band 6-7,verb,Complex,Past Simple
Difficult,কঠিন,/dˈɪfʌkʌlt/,"Because of the difficult, the whole plan had to change.",কঠিন-এর কারণে পুরো পরিকল্পনা বদলাতে হয়েছিল।,Medium,IELTS Band 6-7,noun,Complex,Past Simple
Digest,পরিপাক করা,/daɪdʒˈɛst/,The article discusses the digest in great detail.,প্রবন্ধটিতে পরিপাক করা নিয়ে বিস্তারিত আলোচনা করা হয়েছে।,Easy,IELTS Band 5-6,noun,Simple,Present Simple
dignitaries,বিশিষ্ট ব্যক্তি ?,/dˈɪgnʌtɛriz/,Scientists are still examining the dignitaries closely.,বিজ্ঞানীরা এখনো বিশিষ্ট ব্যক্তি ? খুব কাছ থেকে পর্যবেক্ষণ করছেন।,Hard,IELTS Band 7-9,noun,Simple,Present Continuous
Dignitary,গণ্যমান্য ব্যক্তি,/dˈɪgnʌtɛri/,The result was extremely dignitary.,ফলাফলটি অত্যন্ত গণ্যমান্য ব্যক্তি ছিল।,Medium,IELTS Band 6-7,adjective,Simple,Past Simple
dilemma,দ্বিধা/ উভয়সঙ্কট,/dɪlˈɛmʌ/,Researchers have studied this dilemma for many years.,গবেষকরা বহু বছর ধরে এই দ্বিধা/ উভয়সঙ্কট নিয়ে গবেষণা করেছেন।,Medium,IELTS Band 6-7,noun,Simple,Present Perfect
Dilemmas,উভয়সঙ্কট,/dʌlˈɛmʌz/,"Although the dilemmas seemed minor, it changed everything.","যদিও উভয়সঙ্কট বিষয়টি সামান্য মনে হয়েছিল, এটি সবকিছু বদলে দিয়েছিল।",Medium,IELTS Band 6-7,noun,Complex,Past Simple
Dip,ডুবানো,/dˈɪp/,Every student should understand the dip before the exam.,পরীক্ষার আগে প্রতিটি শিক্ষার্থীর ডুবানো সম্পর্কে বোঝা উচিত।,Easy,IELTS Band 5-6,noun,Simple,Present Simple
Disabled,অক্ষম,/dɪsˈeɪbʌld/,They disabled this issue every single day.,তারা প্রতিদিন এই বিষয়টি অক্ষম করে।,Medium,IELTS Band 6-7,verb,Simple,Present Simple
Disadvantage,অসুবিধা,/dɪsʌdvˈæntɪdʒ/,"Because of the disadvantage, the whole plan had to change.",অসুবিধা-এর কারণে পুরো পরিকল্পনা বদলাতে হয়েছিল।,Hard,IELTS Band 7-9,noun,Complex,Past Simple
Disappointed,হতাশ,/dɪsʌpˈɔɪntɪd/,Experts have disappointeded this issue for decades.,বিশেষজ্ঞরা কয়েক দশক ধরে এই বিষয়টি হতাশ করে আসছেন।,Hard,IELTS Band 7-9,verb,Simple,Present Perfect
Disappointment,হতাশা,/dɪsʌpˈɔɪntmʌnt/,It is disappointment to prepare well before the test.,পরীক্ষার আগে ভালোভাবে প্রস্তুতি নেওয়া হতাশা।,Hard,IELTS Band 7-9,adjective,Simple,Present Simple
Disapproval,অনুমোদনহীনতা,/dɪsʌprˈuvʌl/,"Although it looked disapproval, the plan actually worked.","যদিও এটি অনুমোদনহীনতা মনে হয়েছিল, পরিকল্পনাটি আসলে কাজ করেছিল।",Hard,IELTS Band 7-9,adjective,Complex,Past Simple
Discards,বাতিল,/dɪskˈɑrdz/,Researchers have studied this discards for many years.,গবেষকরা বহু বছর ধরে এই বাতিল নিয়ে গবেষণা করেছেন।,Medium,IELTS Band 6-7,noun,Simple,Present Perfect
Discern,বুঝতে পারা,/dɪsˈɜrn/,"Although the discern seemed minor, it changed everything.","যদিও বুঝতে পারা বিষয়টি সামান্য মনে হয়েছিল, এটি সবকিছু বদলে দিয়েছিল।",Medium,IELTS Band 6-7,noun,Complex,Past Simple
disciplines,শৃঙ্খলা,/dˈɪsʌplʌnz/,Every student should understand the disciplines before the exam.,পরীক্ষার আগে প্রতিটি শিক্ষার্থীর শৃঙ্খলা সম্পর্কে বোঝা উচিত।,Hard,IELTS Band 7-9,noun,Simple,Present Simple
Discourteous,অভদ্র,,The result was extremely discourteous.,ফলাফলটি অত্যন্ত অভদ্র ছিল।,Hard,IELTS Band 7-9,adjective,Simple,Past Simple
Discredited,অসম্মানিত,/dɪskrˈɛdɪtɪd/,Experts have discrediteded this issue for decades.,বিশেষজ্ঞরা কয়েক দশক ধরে এই বিষয়টি অসম্মানিত করে আসছেন।,Hard,IELTS Band 7-9,verb,Simple,Present Perfect
Discussions,আলোচনা,/dɪskˈʌʃʌnz/,The article discusses the discussions in great detail.,প্রবন্ধটিতে আলোচনা নিয়ে বিস্তারিত আলোচনা করা হয়েছে।,Hard,IELTS Band 7-9,noun,Simple,Present Simple
Disinfectant,জীবাণুনাশক,/dɪsɪnfˈɛktʌnt/,Most experts consider this method quite disinfectant.,বেশিরভাগ বিশেষজ্ঞ এই পদ্ধতিটিকে বেশ জীবাণুনাশক মনে করেন।,Hard,IELTS Band 7-9,adjective,Simple,Present Simple
Dismal,হতাশাজনক,/dˈɪzmʌl/,The area has become increasingly dismal in recent years.,সাম্প্রতিক বছরগুলোতে এলাকাটি ক্রমশ হতাশাজনক হয়ে উঠেছে।,Easy,IELTS Band 5-6,adjective,Simple,Present Perfect
Dismantled Et,করা,,Researchers have studied this dismantled et for many years.,গবেষকরা বহু বছর ধরে এই করা নিয়ে গবেষণা করেছেন।,Hard,IELTS Band 7-9,noun,Simple,Present Perfect
Dismantles of,করা,,"Although the dismantles of seemed minor, it changed everything.","যদিও করা বিষয়টি সামান্য মনে হয়েছিল, এটি সবকিছু বদলে দিয়েছিল।",Hard,IELTS Band 7-9,noun,Complex,Past Simple
Disorder,এলোমেলো,/dɪsˈɔrdɜr/,Every student should understand the disorder before the exam.,পরীক্ষার আগে প্রতিটি শিক্ষার্থীর এলোমেলো সম্পর্কে বোঝা উচিত।,Medium,IELTS Band 6-7,noun,Simple,Present Simple
Disorganisation,অব্যবস্থাপনা,,The disorganisation will play a major role in the final decision.,চূড়ান্ত সিদ্ধান্তে অব্যবস্থাপনা বড় ভূমিকা রাখবে।,Hard,IELTS Band 7-9,noun,Simple,Future Simple
Disparate,ভিন্ন,/dˈɪspɜrɪt/,"If we act now, we can disparate this matter.",এখন পদক্ষেপ নিলে আমরা বিষয়টি ভিন্ন করতে পারবো।,Hard,IELTS Band 7-9,verb,Complex,Present Simple
Disparity,বৈষম্য,/dɪspˈɛrʌti/,The article discusses the disparity in great detail.,প্রবন্ধটিতে বৈষম্য নিয়ে বিস্তারিত আলোচনা করা হয়েছে।,Medium,IELTS Band 6-7,noun,Simple,Present Simple
dispersed,বিচ্ছুরিত/ বিক্ষিপ্ত,/dɪspˈɜrst/,"Next year, the company will dispersed this plan.",আগামী বছর কোম্পানিটি এই পরিকল্পনা বিচ্ছুরিত/ বিক্ষিপ্ত করবে।,Medium,IELTS Band 6-7,verb,Simple,Future Simple
Displacement,স্থানচ্যুতি,/dɪsplˈeɪsmʌnt/,The result was extremely displacement.,ফলাফলটি অত্যন্ত স্থানচ্যুতি ছিল।,Hard,IELTS Band 7-9,adjective,Simple,Past Simple
Disposal,নিষ্পত্তি,/dɪspˈoʊzʌl/,It is disposal to prepare well before the test.,পরীক্ষার আগে ভালোভাবে প্রস্তুতি নেওয়া নিষ্পত্তি।,Medium,IELTS Band 6-7,adjective,Simple,Present Simple
Dispose,নিষ্পত্তি করা,/dɪspˈoʊz/,"Although the dispose seemed minor, it changed everything.","যদিও নিষ্পত্তি করা বিষয়টি সামান্য মনে হয়েছিল, এটি সবকিছু বদলে দিয়েছিল।",Medium,IELTS Band 6-7,noun,Complex,Past Simple
Disposes,মীমাংসা করা,/dɪspˈoʊzɪz/,Every student should understand the disposes before the exam.,পরীক্ষার আগে প্রতিটি শিক্ষার্থীর মীমাংসা করা সম্পর্কে বোঝা উচিত।,Medium,IELTS Band 6-7,noun,Simple,Present Simple
Disprove,মিথ্যা প্রমাণ করা,/dɪsprˈuv/,The disprove will play a major role in the final decision.,চূড়ান্ত সিদ্ধান্তে মিথ্যা প্রমাণ করা বড় ভূমিকা রাখবে।,Medium,IELTS Band 6-7,noun,Simple,Future Simple
Disrepair,জরাজীর্ণ,/dɪsrɪpˈɛr/,"Because of the disrepair, the whole plan had to change.",জরাজীর্ণ-এর কারণে পুরো পরিকল্পনা বদলাতে হয়েছিল।,Medium,IELTS Band 6-7,noun,Complex,Past Simple
Dissatisfied,অসন্তুষ্ট,/dɪsˈætʌsfaɪd/,"Next year, the company will dissatisfied this plan.",আগামী বছর কোম্পানিটি এই পরিকল্পনা অসন্তুষ্ট করবে।,Hard,IELTS Band 7-9,verb,Simple,Future Simple
Dissimilar,অসদৃশ,/dɪsˈɪmʌlɜr/,Scientists are still examining the dissimilar closely.,বিজ্ঞানীরা এখনো অসদৃশ খুব কাছ থেকে পর্যবেক্ষণ করছেন।,Hard,IELTS Band 7-9,noun,Simple,Present Continuous
Distinctive,স্বতন্ত্র,/dɪstˈɪŋktɪv/,"Although it looked distinctive, the plan actually worked.","যদিও এটি স্বতন্ত্র মনে হয়েছিল, পরিকল্পনাটি আসলে কাজ করেছিল।",Hard,IELTS Band 7-9,adjective,Complex,Past Simple
distinguished,বিশিষ্ট,/dɪstˈɪŋgwɪʃt/,She distinguisheded the problem before anyone noticed.,কেউ লক্ষ্য করার আগেই সে সমস্যাটি বিশিষ্ট করেছিল।,Hard,IELTS Band 7-9,verb,Simple,Past Simple
Distort,বিকৃত করা,/dɪstˈɔrt/,"Although the distort seemed minor, it changed everything.","যদিও বিকৃত করা বিষয়টি সামান্য মনে হয়েছিল, এটি সবকিছু বদলে দিয়েছিল।",Medium,IELTS Band 6-7,noun,Complex,Past Simple
Distract,বিভ্রান্ত করা,/dɪstrˈækt/,Every student should understand the distract before the exam.,পরীক্ষার আগে প্রতিটি শিক্ষার্থীর বিভ্রান্ত করা সম্পর্কে বোঝা উচিত।,Medium,IELTS Band 6-7,noun,Simple,Present Simple
Distribute,বিতরণ,/dɪstrˈɪbjut/,The distribute will play a major role in the final decision.,চূড়ান্ত সিদ্ধান্তে বিতরণ বড় ভূমিকা রাখবে।,Hard,IELTS Band 7-9,noun,Simple,Future Simple
Disuse,অপব্যবহার,/dɪsjˈus/,"Because of the disuse, the whole plan had to change.",অপব্যবহার-এর কারণে পুরো পরিকল্পনা বদলাতে হয়েছিল।,Medium,IELTS Band 6-7,noun,Complex,Past Simple
Disused,অব্যবহৃত,,"Because they disuseded early, the project succeeded.","যেহেতু তারা আগেই অব্যবহৃত করেছিল, প্রকল্পটি সফল হয়েছিল।",Medium,IELTS Band 6-7,verb,Complex,Past Simple
diversify,বৈচিত্র্য/বহুমুখী করা,/daɪvˈɜrsʌfaɪ/,They diversify this issue every single day.,তারা প্রতিদিন এই বিষয়টি বৈচিত্র্য/বহুমুখী করে।,Medium,IELTS Band 6-7,verb,Simple,Present Simple
divided,বিভক্ত/ খণ্ডিত,/dɪvˈaɪdɪd/,She divideded the problem before anyone noticed.,কেউ লক্ষ্য করার আগেই সে সমস্যাটি বিভক্ত/ খণ্ডিত করেছিল।,Medium,IELTS Band 6-7,verb,Simple,Past Simple
Documentary,তথ্যাচত্র,/dɑkjʌmˈɛntɜri/,"Because the situation was so documentary, everyone took notice.",পরিস্থিতিটি এতটাই তথ্যাচত্র ছিল যে সবাই লক্ষ্য করেছিল।,Hard,IELTS Band 7-9,adjective,Complex,Past Simple
documented,নথিভুক্ত,/dˈɑkjʌmɛntʌd/,"If we act now, we can documented this matter.",এখন পদক্ষেপ নিলে আমরা বিষয়টি নথিভুক্ত করতে পারবো।,Hard,IELTS Band 7-9,verb,Complex,Present Simple
Dominate,আয়ত্ত করা,/dˈɑmʌneɪt/,The team is dominating new ways to solve it.,দলটি এটি সমাধানের নতুন উপায় আয়ত্ত করছে।,Hard,IELTS Band 7-9,verb,Simple,Present Continuous
Doubtful,সন্দেহজনক,/dˈaʊtfʌl/,"Although it looked doubtful, the plan actually worked.","যদিও এটি সন্দেহজনক মনে হয়েছিল, পরিকল্পনাটি আসলে কাজ করেছিল।",Medium,IELTS Band 6-7,adjective,Complex,Past Simple
downfall,পতন,/dˈaʊnfɔl/,"Because of the downfall, the whole plan had to change.",পতন-এর কারণে পুরো পরিকল্পনা বদলাতে হয়েছিল।,Medium,IELTS Band 6-7,noun,Complex,Past Simple
Downright,সরাসরি,/dˈaʊnraɪt/,The article discusses the downright in great detail.,প্রবন্ধটিতে সরাসরি নিয়ে বিস্তারিত আলোচনা করা হয়েছে।,Medium,IELTS Band 6-7,noun,Simple,Present Simple
Downstream,নিম্পপ্রবাহ -,/dˈaʊnstrˈim/,Scientists are still examining the downstream closely.,বিজ্ঞানীরা এখনো নিম্পপ্রবাহ - খুব কাছ থেকে পর্যবেক্ষণ করছেন।,Hard,IELTS Band 7-9,noun,Simple,Present Continuous
Downtown,শহরের কেন্দ্রস্থল,/dˈaʊntˈaʊn/,The downtown was clearly explained in the report.,প্রতিবেদনে শহরের কেন্দ্রস্থল বিষয়টি স্পষ্টভাবে ব্যাখ্যা করা হয়েছিল।,Medium,IELTS Band 6-7,noun,Simple,Past Simple
Downturn,মন্দা,/dˈaʊntɜrn/,Researchers have studied this downturn for many years.,গবেষকরা বহু বছর ধরে এই মন্দা নিয়ে গবেষণা করেছেন।,Medium,IELTS Band 6-7,noun,Simple,Present Perfect
Dozing,তন্দ্রাচ্ছন,/dˈoʊzɪŋ/,The team is dozinging new ways to solve it.,দলটি এটি সমাধানের নতুন উপায় তন্দ্রাচ্ছন করছে।,Easy,IELTS Band 5-6,verb,Simple,Present Continuous
Dramatic,নাটকীয়,/drʌmˈætɪk/,Most experts consider this method quite dramatic.,বেশিরভাগ বিশেষজ্ঞ এই পদ্ধতিটিকে বেশ নাটকীয় মনে করেন।,Medium,IELTS Band 6-7,adjective,Simple,Present Simple
Drastically,মারাত্মকভাবে,/drˈæstɪkli/,She answered the question drastically.,সে মারাত্মকভাবে প্রশ্নের উত্তর দিয়েছিল।,Hard,IELTS Band 7-9,adverb,Simple,Past Simple
Draw out,দেখানো/বোঝানো,,"Because of the draw out, the whole plan had to change.",দেখানো/বোঝানো-এর কারণে পুরো পরিকল্পনা বদলাতে হয়েছিল।,Medium,IELTS Band 6-7,noun,Complex,Past Simple
Dressed,পরিহিত,/drˈɛst/,She dresseded the problem before anyone noticed.,কেউ লক্ষ্য করার আগেই সে সমস্যাটি পরিহিত করেছিল।,Medium,IELTS Band 6-7,verb,Simple,Past Simple
Drowsy,তন্দ্রালু,/drˈaʊzi/,Scientists are still examining the drowsy closely.,বিজ্ঞানীরা এখনো তন্দ্রালু খুব কাছ থেকে পর্যবেক্ষণ করছেন।,Easy,IELTS Band 5-6,noun,Simple,Present Continuous
Due,বাকি,/dˈu/,The due was clearly explained in the report.,প্রতিবেদনে বাকি বিষয়টি স্পষ্টভাবে ব্যাখ্যা করা হয়েছিল।,Easy,IELTS Band 5-6,noun,Simple,Past Simple
Dug,খনন করা,/dˈʌg/,Researchers have studied this dug for many years.,গবেষকরা বহু বছর ধরে এই খনন করা নিয়ে গবেষণা করেছেন।,Easy,IELTS Band 5-6,noun,Simple,Present Perfect
Dumped,মাল খালাস করা,/dˈʌmpt/,"Next year, the company will dumped this plan.",আগামী বছর কোম্পানিটি এই পরিকল্পনা মাল খালাস করবে।,Easy,IELTS Band 5-6,verb,Simple,Future Simple
During,সময়ে,/dˈʊrɪŋ/,"Because they duringed early, the project succeeded.","যেহেতু তারা আগেই সময়ে করেছিল, প্রকল্পটি সফল হয়েছিল।",Easy,IELTS Band 5-6,verb,Complex,Past Simple
Dying,মৃত্যু,/dˈaɪɪŋ/,They dying this issue every single day.,তারা প্রতিদিন এই বিষয়টি মৃত্যু করে।,Easy,IELTS Band 5-6,verb,Simple,Present Simple
Dynamic,গতিশীল,/daɪnˈæmɪk/,It is dynamic to prepare well before the test.,পরীক্ষার আগে ভালোভাবে প্রস্তুতি নেওয়া গতিশীল।,Medium,IELTS Band 6-7,adjective,Simple,Present Simple
Dynasty,রাজবংশ,/dˈaɪnʌsti/,The article discusses the dynasty in great detail.,প্রবন্ধটিতে রাজবংশ নিয়ে বিস্তারিত আলোচনা করা হয়েছে।,Medium,IELTS Band 6-7,noun,Simple,Present Simple
Easier,সহজ,/ˈiziɜr/,Scientists are still examining the easier closely.,বিজ্ঞানীরা এখনো সহজ খুব কাছ থেকে পর্যবেক্ষণ করছেন।,Easy,IELTS Band 5-6,noun,Simple,Present Continuous
Easily,সহজে,/ˈizʌli/,She answered the question easily.,সে সহজে প্রশ্নের উত্তর দিয়েছিল।,Easy,IELTS Band 5-6,adverb,Simple,Past Simple
Eccentric,উদ্ভট,/ɪksˈɛntrɪk/,"Because the situation was so eccentric, everyone took notice.",পরিস্থিতিটি এতটাই উদ্ভট ছিল যে সবাই লক্ষ্য করেছিল।,Medium,IELTS Band 6-7,adjective,Complex,Past Simple
Economical,সাশ্রয়ী,/ɛkʌnˈɑmɪkʌl/,The result was extremely economical.,ফলাফলটি অত্যন্ত সাশ্রয়ী ছিল।,Hard,IELTS Band 7-9,adjective,Simple,Past Simple
Ecosytem,বাস্তু,,Every student should understand the ecosytem before the exam.,পরীক্ষার আগে প্রতিটি শিক্ষার্থীর বাস্তু সম্পর্কে বোঝা উচিত।,Medium,IELTS Band 6-7,noun,Simple,Present Simple
Educator,শিক্ষাবিদ,/ˈɛdʒʌkeɪtɜr/,The educator will play a major role in the final decision.,চূড়ান্ত সিদ্ধান্তে শিক্ষাবিদ বড় ভূমিকা রাখবে।,Hard,IELTS Band 7-9,noun,Simple,Future Simple
Effectively,কার্যকরভাবে,/ɪfˈɛktɪvli/,The plan was effectively rejected by the committee.,পরিকল্পনাটি কমিটি কার্যকরভাবে প্রত্যাখ্যান করেছিল।,Hard,IELTS Band 7-9,adverb,Simple,Past Simple
Effete,জীর্ণ,/ɛfˈit/,The article discusses the effete in great detail.,প্রবন্ধটিতে জীর্ণ নিয়ে বিস্তারিত আলোচনা করা হয়েছে।,Medium,IELTS Band 6-7,noun,Simple,Present Simple
Efficiency,দক্ষতা,/ɪfˈɪʃʌnsi/,Scientists are still examining the efficiency closely.,বিজ্ঞানীরা এখনো দক্ষতা খুব কাছ থেকে পর্যবেক্ষণ করছেন।,Hard,IELTS Band 7-9,noun,Simple,Present Continuous
Effort,প্রচেষ্টা,/ˈɛfɜrt/,The effort was clearly explained in the report.,প্রতিবেদনে প্রচেষ্টা বিষয়টি স্পষ্টভাবে ব্যাখ্যা করা হয়েছিল।,Easy,IELTS Band 5-6,noun,Simple,Past Simple
Elastic,স্থিতি-স্থাপক,/ɪlˈæstɪk/,It is elastic to prepare well before the test.,পরীক্ষার আগে ভালোভাবে প্রস্তুতি নেওয়া স্থিতি-স্থাপক।,Medium,IELTS Band 6-7,adjective,Simple,Present Simple
Elegance,মার্জিততা,/ˈɛlʌgʌns/,"Although the elegance seemed minor, it changed everything.","যদিও মার্জিততা বিষয়টি সামান্য মনে হয়েছিল, এটি সবকিছু বদলে দিয়েছিল।",Hard,IELTS Band 7-9,noun,Complex,Past Simple
Elevate,উন্নয়ন সাধন করা,/ˈɛlʌveɪt/,She elevated the problem before anyone noticed.,কেউ লক্ষ্য করার আগেই সে সমস্যাটি উন্নয়ন সাধন করেছিল।,Hard,IELTS Band 7-9,verb,Simple,Past Simple
Eliciting,প্রকাশ করা,/ɪlˈɪsʌtɪŋ/,Experts have elicitinged this issue for decades.,বিশেষজ্ঞরা কয়েক দশক ধরে এই বিষয়টি প্রকাশ করে আসছেন।,Hard,IELTS Band 7-9,verb,Simple,Present Perfect
Eliminate,বর্জন করা,/ɪlˈɪmʌneɪt/,"If we act now, we can eliminate this matter.",এখন পদক্ষেপ নিলে আমরা বিষয়টি বর্জন করতে পারবো।,Hard,IELTS Band 7-9,verb,Complex,Present Simple
Eliminating,পরিহার করা,/ɪlˈɪmʌneɪtɪŋ/,The team is eliminatinging new ways to solve it.,দলটি এটি সমাধানের নতুন উপায় পরিহার করছে।,Hard,IELTS Band 7-9,verb,Simple,Present Continuous
elite,সেরা/অভিজাত,/ɪlˈit/,Scientists are still examining the elite closely.,বিজ্ঞানীরা এখনো সেরা/অভিজাত খুব কাছ থেকে পর্যবেক্ষণ করছেন।,Medium,IELTS Band 6-7,noun,Simple,Present Continuous
Eloquently,অলংকার পূর্ণভাবে,/ˈɛlʌkwʌntli/,She answered the question eloquently.,সে অলংকার পূর্ণভাবে প্রশ্নের উত্তর দিয়েছিল।,Hard,IELTS Band 7-9,adverb,Simple,Past Simple
Elsewhere,অন্য কোথাও,/ˈɛlswɛr/,Researchers have studied this elsewhere for many years.,গবেষকরা বহু বছর ধরে এই অন্য কোথাও নিয়ে গবেষণা করেছেন।,Hard,IELTS Band 7-9,noun,Simple,Present Perfect
Elucidate,ব্যাখ্যা করা,/ɪlˈusʌdeɪt/,She elucidated the problem before anyone noticed.,কেউ লক্ষ্য করার আগেই সে সমস্যাটি ব্যাখ্যা করেছিল।,Hard,IELTS Band 7-9,verb,Simple,Past Simple
Embarrassing,দায়গ্রস্থ করে এমন,/ɪmbˈɛrʌsɪŋ/,Experts have embarrassinged this issue for decades.,বিশেষজ্ঞরা কয়েক দশক ধরে এই বিষয়টি দায়গ্রস্থ করে এমন করে আসছেন।,Hard,IELTS Band 7-9,verb,Simple,Present Perfect
Emblem,প্রতীক,/ˈɛmblʌm/,The emblem will play a major role in the final decision.,চূড়ান্ত সিদ্ধান্তে প্রতীক বড় ভূমিকা রাখবে।,Easy,IELTS Band 5-6,noun,Simple,Future Simple
emboldened,সাহস,/ɛmbˈoʊldʌnd/,The team is emboldeneding new ways to solve it.,দলটি এটি সমাধানের নতুন উপায় সাহস করছে।,Hard,IELTS Band 7-9,verb,Simple,Present Continuous
Embrace,মেনে নেয়া,/ɛmbrˈeɪs/,The article discusses the embrace in great detail.,প্রবন্ধটিতে মেনে নেয়া নিয়ে বিস্তারিত আলোচনা করা হয়েছে।,Medium,IELTS Band 6-7,noun,Simple,Present Simple
Embryo,ভ্র্ণ,/ˈɛmbrioʊ/,Scientists are still examining the embryo closely.,বিজ্ঞানীরা এখনো ভ্র্ণ খুব কাছ থেকে পর্যবেক্ষণ করছেন।,Easy,IELTS Band 5-6,noun,Simple,Present Continuous
Emerged,উদিত,/ɪmˈɜrdʒd/,They emerged this issue every single day.,তারা প্রতিদিন এই বিষয়টি উদিত করে।,Medium,IELTS Band 6-7,verb,Simple,Present Simple
emergence,উত্থান/আবির্ভাব,/ɪmˈɜrdʒʌns/,Researchers have studied this emergence for many years.,গবেষকরা বহু বছর ধরে এই উত্থান/আবির্ভাব নিয়ে গবেষণা করেছেন।,Hard,IELTS Band 7-9,noun,Simple,Present Perfect
emerges,আবির্ভূত হয়,/ɪmˈɜrdʒɪz/,"Although the emerges seemed minor, it changed everything.","যদিও আবির্ভূত হয় বিষয়টি সামান্য মনে হয়েছিল, এটি সবকিছু বদলে দিয়েছিল।",Medium,IELTS Band 6-7,noun,Complex,Past Simple
eminent,বিশিষ্ট,/ˈɛmʌnʌnt/,It is eminent to prepare well before the test.,পরীক্ষার আগে ভালোভাবে প্রস্তুতি নেওয়া বিশিষ্ট।,Medium,IELTS Band 6-7,adjective,Simple,Present Simple
Emission,নির্গমন,/ɪmˈɪʃʌn/,The emission will play a major role in the final decision.,চূড়ান্ত সিদ্ধান্তে নির্গমন বড় ভূমিকা রাখবে।,Medium,IELTS Band 6-7,noun,Simple,Future Simple
Emissions,নির্গমন,/ɪmˈɪʃʌnz/,"Because of the emissions, the whole plan had to change.",নির্গমন-এর কারণে পুরো পরিকল্পনা বদলাতে হয়েছিল।,Medium,IELTS Band 6-7,noun,Complex,Past Simple
Emphasis,জোর,/ˈɛmfʌsʌs/,The article discusses the emphasis in great detail.,প্রবন্ধটিতে জোর নিয়ে বিস্তারিত আলোচনা করা হয়েছে।,Medium,IELTS Band 6-7,noun,Simple,Present Simple
Emphasise,জোর দেওয়া,,They emphasise this issue every single day.,তারা প্রতিদিন এই বিষয়টি জোর দেওয়া করে।,Hard,IELTS Band 7-9,verb,Simple,Present Simple
Emphassising,জোর দেওয়া,,She emphassisinged the problem before anyone noticed.,কেউ লক্ষ্য করার আগেই সে সমস্যাটি জোর দেওয়া করেছিল।,Hard,IELTS Band 7-9,verb,Simple,Past Simple
Empirical,বাস্তব অভিজ্ঞতা,/ɛmpˈɪrɪkʌl/,It is empirical to prepare well before the test.,পরীক্ষার আগে ভালোভাবে প্রস্তুতি নেওয়া বাস্তব অভিজ্ঞতা।,Hard,IELTS Band 7-9,adjective,Simple,Present Simple
Empty,খালি,/ˈɛmpti/,"Although the empty seemed minor, it changed everything.","যদিও খালি বিষয়টি সামান্য মনে হয়েছিল, এটি সবকিছু বদলে দিয়েছিল।",Easy,IELTS Band 5-6,noun,Complex,Past Simple
enables,সক্ষম করা/ অধিকার করা,/ɛnˈeɪbʌlz/,Every student should understand the enables before the exam.,পরীক্ষার আগে প্রতিটি শিক্ষার্থীর সক্ষম করা/ অধিকার করা সম্পর্কে বোঝা উচিত।,Medium,IELTS Band 6-7,noun,Simple,Present Simple
Enchanting,আকর্ষণীয়/মোহনীয়,/ɛntʃˈæntɪŋ/,"Next year, the company will enchanting this plan.",আগামী বছর কোম্পানিটি এই পরিকল্পনা আকর্ষণীয়/মোহনীয় করবে।,Hard,IELTS Band 7-9,verb,Simple,Future Simple
Enclosed,আবদ্ধ,/ɛnklˈoʊzd/,"Because they encloseded early, the project succeeded.","যেহেতু তারা আগেই আবদ্ধ করেছিল, প্রকল্পটি সফল হয়েছিল।",Medium,IELTS Band 6-7,verb,Complex,Past Simple
Enclosure,ঘেরা,/ɛnklˈoʊʒɜr/,The article discusses the enclosure in great detail.,প্রবন্ধটিতে ঘেরা নিয়ে বিস্তারিত আলোচনা করা হয়েছে।,Hard,IELTS Band 7-9,noun,Simple,Present Simple
Encode,গুপ্ত প্রণালিতে লিখা,/ɛnkˈoʊd/,Scientists are still examining the encode closely.,বিজ্ঞানীরা এখনো গুপ্ত প্রণালিতে লিখা খুব কাছ থেকে পর্যবেক্ষণ করছেন।,Medium,IELTS Band 6-7,noun,Simple,Present Continuous
encompassing,পরিবেষ্টিত,/ɛnkˈʌmpʌsɪŋ/,Experts have encompassinged this issue for decades.,বিশেষজ্ঞরা কয়েক দশক ধরে এই বিষয়টি পরিবেষ্টিত করে আসছেন।,Hard,IELTS Band 7-9,verb,Simple,Present Perfect
Endeavor,চেষ্টা,/ɪndˈɛvɜr/,Researchers have studied this endeavor for many years.,গবেষকরা বহু বছর ধরে এই চেষ্টা নিয়ে গবেষণা করেছেন।,Medium,IELTS Band 6-7,noun,Simple,Present Perfect
Endeavour,প্রচেষ্টা,/ɪndˈɛvɜr/,"Although the endeavour seemed minor, it changed everything.","যদিও প্রচেষ্টা বিষয়টি সামান্য মনে হয়েছিল, এটি সবকিছু বদলে দিয়েছিল।",Medium,IELTS Band 6-7,noun,Complex,Past Simple
Endless,অন্তহীন,/ˈɛndlʌs/,"Because the situation was so endless, everyone took notice.",পরিস্থিতিটি এতটাই অন্তহীন ছিল যে সবাই লক্ষ্য করেছিল।,Medium,IELTS Band 6-7,adjective,Complex,Past Simple
Endured,সহ্য করা,/ɛndjˈʊrd/,"Because they endureded early, the project succeeded.","যেহেতু তারা আগেই সহ্য করেছিল, প্রকল্পটি সফল হয়েছিল।",Medium,IELTS Band 6-7,verb,Complex,Past Simple
Endures,সহ্য করা,/ɛndjˈʊrz/,"Because of the endures, the whole plan had to change.",সহ্য করা-এর কারণে পুরো পরিকল্পনা বদলাতে হয়েছিল।,Medium,IELTS Band 6-7,noun,Complex,Past Simple
Energetic,শক্তিশালী,/ɛnɜrdʒˈɛtɪk/,"Although it looked energetic, the plan actually worked.","যদিও এটি শক্তিশালী মনে হয়েছিল, পরিকল্পনাটি আসলে কাজ করেছিল।",Hard,IELTS Band 7-9,adjective,Complex,Past Simple
Energizing,শক্তি সঞ্চার করা,/ˈɛnɜrdʒaɪzɪŋ/,Experts have energizinged this issue for decades.,বিশেষজ্ঞরা কয়েক দশক ধরে এই বিষয়টি শক্তি সঞ্চার করে আসছেন।,Hard,IELTS Band 7-9,verb,Simple,Present Perfect
Energy,শক্তি,/ˈɛnɜrdʒi/,The energy was clearly explained in the report.,প্রতিবেদনে শক্তি বিষয়টি স্পষ্টভাবে ব্যাখ্যা করা হয়েছিল।,Easy,IELTS Band 5-6,noun,Simple,Past Simple
Engage in,ব্যস্ত,,Researchers have studied this engage in for many years.,গবেষকরা বহু বছর ধরে এই ব্যস্ত নিয়ে গবেষণা করেছেন।,Hard,IELTS Band 7-9,noun,Simple,Present Perfect
Engaged,নিযুক্ত,/ɛngˈeɪdʒd/,"Next year, the company will engaged this plan.",আগামী বছর কোম্পানিটি এই পরিকল্পনা নিযুক্ত করবে।,Medium,IELTS Band 6-7,verb,Simple,Future Simple
Enhancements,বৃদ্ধি,/ɛnhˈænsmʌnts/,Every student should understand the enhancements before the exam.,পরীক্ষার আগে প্রতিটি শিক্ষার্থীর বৃদ্ধি সম্পর্কে বোঝা উচিত।,Hard,IELTS Band 7-9,noun,Simple,Present Simple
Enigmatic,বিভ্রান্তিকর,/ɛnɪgmˈætɪk/,"Although it looked enigmatic, the plan actually worked.","যদিও এটি বিভ্রান্তিকর মনে হয়েছিল, পরিকল্পনাটি আসলে কাজ করেছিল।",Hard,IELTS Band 7-9,adjective,Complex,Past Simple
Enjoyable,উপভোগ্য,/ɛndʒˈɔɪʌbʌl/,Most experts consider this method quite enjoyable.,বেশিরভাগ বিশেষজ্ঞ এই পদ্ধতিটিকে বেশ উপভোগ্য মনে করেন।,Hard,IELTS Band 7-9,adjective,Simple,Present Simple
Enquire,জিজ্ঞাসা করা,/ɪnkwˈaɪɜr/,The article discusses the enquire in great detail.,প্রবন্ধটিতে জিজ্ঞাসা করা নিয়ে বিস্তারিত আলোচনা করা হয়েছে।,Medium,IELTS Band 6-7,noun,Simple,Present Simple
Enquiries,অনুসন্ধান,,Scientists are still examining the enquiries closely.,বিজ্ঞানীরা এখনো অনুসন্ধান খুব কাছ থেকে পর্যবেক্ষণ করছেন।,Medium,IELTS Band 6-7,noun,Simple,Present Continuous
Enquiring,খোঁজখবর নেয়া,,The team is enquiringing new ways to solve it.,দলটি এটি সমাধানের নতুন উপায় খোঁজখবর নেয়া করছে।,Medium,IELTS Band 6-7,verb,Simple,Present Continuous
Enrolment,তালিকাভুক্তি,,It is enrolment to prepare well before the test.,পরীক্ষার আগে ভালোভাবে প্রস্তুতি নেওয়া তালিকাভুক্তি।,Medium,IELTS Band 6-7,adjective,Simple,Present Simple
ensuring,নিশ্চিত করা,/ɛnʃˈʊrɪŋ/,"Because they ensuringed early, the project succeeded.","যেহেতু তারা আগেই নিশ্চিত করেছিল, প্রকল্পটি সফল হয়েছিল।",Medium,IELTS Band 6-7,verb,Complex,Past Simple
Entailed,প্রয়োজন/চাহিদা,/ɪntˈeɪld/,They entailed this issue every single day.,তারা প্রতিদিন এই বিষয়টি প্রয়োজন/চাহিদা করে।,Medium,IELTS Band 6-7,verb,Simple,Present Simple
entails,ফলস্বরূপ ঘটা,/ɪntˈeɪlz/,The entails will play a major role in the final decision.,চূড়ান্ত সিদ্ধান্তে ফলস্বরূপ ঘটা বড় ভূমিকা রাখবে।,Medium,IELTS Band 6-7,noun,Simple,Future Simple
Enthusiastically,উৎসাহের সাথে,/ɪnθuziˈæstɪkli/,The plan was enthusiastically rejected by the committee.,পরিকল্পনাটি কমিটি উৎসাহের সাথে প্রত্যাখ্যান করেছিল।,Hard,IELTS Band 7-9,adverb,Simple,Past Simple
enthusiasts,উৎসাহী,/ɛnθˈuziæsts/,The article discusses the enthusiasts in great detail.,প্রবন্ধটিতে উৎসাহী নিয়ে বিস্তারিত আলোচনা করা হয়েছে।,Hard,IELTS Band 7-9,noun,Simple,Present Simple
Entire,সম্পূর্ণ,/ɪntˈaɪɜr/,Scientists are still examining the entire closely.,বিজ্ঞানীরা এখনো সম্পূর্ণ খুব কাছ থেকে পর্যবেক্ষণ করছেন।,Medium,IELTS Band 6-7,noun,Simple,Present Continuous
Entities,সত্তা,/ˈɛntɪtiz/,The entities was clearly explained in the report.,প্রতিবেদনে সত্তা বিষয়টি স্পষ্টভাবে ব্যাখ্যা করা হয়েছিল।,Medium,IELTS Band 6-7,noun,Simple,Past Simple
Entrenched,পরিখা দিয়ে সুরক্ষিত করা/ নিবিষ্ট,/ɛntrˈɛntʃt/,"Because they entrencheded early, the project succeeded.","যেহেতু তারা আগেই পরিখা দিয়ে সুরক্ষিত করা/ নিবিষ্ট করেছিল, প্রকল্পটি সফল হয়েছিল।",Hard,IELTS Band 7-9,verb,Complex,Past Simple
Entrenching,পরিখা দ্বারা সুরক্ষিত করা,/ɛntrˈɛntʃɪŋ/,They entrenching this issue every single day.,তারা প্রতিদিন এই বিষয়টি পরিখা দ্বারা সুরক্ষিত করে।,Hard,IELTS Band 7-9,verb,Simple,Present Simple
entry test,প্রবেশ/ভর্তি পরীক্ষা,,Every student should understand the entry test before the exam.,পরীক্ষার আগে প্রতিটি শিক্ষার্থীর প্রবেশ/ভর্তি পরীক্ষা সম্পর্কে বোঝা উচিত।,Hard,IELTS Band 7-9,noun,Simple,Present Simple
Envious,ঈর্ষান্বিত,/ˈɛnviʌs/,The result was extremely envious.,ফলাফলটি অত্যন্ত ঈর্ষান্বিত ছিল।,Medium,IELTS Band 6-7,adjective,Simple,Past Simple
Envisage,কল্পনা করা,/ɛnvˈɪzɪdʒ/,"Because of the envisage, the whole plan had to change.",কল্পনা করা-এর কারণে পুরো পরিকল্পনা বদলাতে হয়েছিল।,Hard,IELTS Band 7-9,noun,Complex,Past Simple
Envisages,বিবেচনা করা,/ɛnvˈɪzɪdʒɪz/,The article discusses the envisages in great detail.,প্রবন্ধটিতে বিবেচনা করা নিয়ে বিস্তারিত আলোচনা করা হয়েছে।,Hard,IELTS Band 7-9,noun,Simple,Present Simple
Episodes,কাহিনী,/ˈɛpʌsoʊdz/,Scientists are still examining the episodes closely.,বিজ্ঞানীরা এখনো কাহিনী খুব কাছ থেকে পর্যবেক্ষণ করছেন।,Hard,IELTS Band 7-9,noun,Simple,Present Continuous
epitome,উপাখ্যান/ সংক্ষিপ্তসার,/ɪpˈɪtʌmi/,The epitome was clearly explained in the report.,প্রতিবেদনে উপাখ্যান/ সংক্ষিপ্তসার বিষয়টি স্পষ্টভাবে ব্যাখ্যা করা হয়েছিল।,Hard,IELTS Band 7-9,noun,Simple,Past Simple
Eqquipped,সজ্জিত,,They eqquipped this issue every single day.,তারা প্রতিদিন এই বিষয়টি সজ্জিত করে।,Medium,IELTS Band 6-7,verb,Simple,Present Simple
Equal,সমান,/ˈikwʌl/,The result was extremely equal.,ফলাফলটি অত্যন্ত সমান ছিল।,Easy,IELTS Band 5-6,adjective,Simple,Past Simple
equipped,সজ্জিত,/ɪkwˈɪpt/,Experts have equippeded this issue for decades.,বিশেষজ্ঞরা কয়েক দশক ধরে এই বিষয়টি সজ্জিত করে আসছেন।,Medium,IELTS Band 6-7,verb,Simple,Present Perfect
eradicated,নির্মূল,/ɪrˈædʌkeɪtɪd/,"If we act now, we can eradicated this matter.",এখন পদক্ষেপ নিলে আমরা বিষয়টি নির্মূল করতে পারবো।,Hard,IELTS Band 7-9,verb,Complex,Present Simple
Eradication,উচ্ছেদ,/ɪrædʌkˈeɪʃʌn/,"Because of the eradication, the whole plan had to change.",উচ্ছেদ-এর কারণে পুরো পরিকল্পনা বদলাতে হয়েছিল।,Hard,IELTS Band 7-9,noun,Complex,Past Simple
Erode,ক্ষয়,/ɪrˈoʊd/,The article discusses the erode in great detail.,প্রবন্ধটিতে ক্ষয় নিয়ে বিস্তারিত আলোচনা করা হয়েছে।,Medium,IELTS Band 6-7,noun,Simple,Present Simple
Erosion,ক্ষয়,/ɪrˈoʊʒʌn/,Scientists are still examining the erosion closely.,বিজ্ঞানীরা এখনো ক্ষয় খুব কাছ থেকে পর্যবেক্ষণ করছেন।,Medium,IELTS Band 6-7,noun,Simple,Present Continuous
Erratic,অনিশ্চিত,/ɪrˈætɪk/,The result was extremely erratic.,ফলাফলটি অত্যন্ত অনিশ্চিত ছিল।,Medium,IELTS Band 6-7,adjective,Simple,Past Simple
Eruption,অগ্যুতৎপাত,/irˈʌpʃʌn/,Researchers have studied this eruption for many years.,গবেষকরা বহু বছর ধরে এই অগ্যুতৎপাত নিয়ে গবেষণা করেছেন।,Medium,IELTS Band 6-7,noun,Simple,Present Perfect
Escapism,পলায়ন করা,/ɪskˈeɪpɪzʌm/,"Although the escapism seemed minor, it changed everything.","যদিও পলায়ন করা বিষয়টি সামান্য মনে হয়েছিল, এটি সবকিছু বদলে দিয়েছিল।",Medium,IELTS Band 6-7,noun,Complex,Past Simple
Essence,সারমর্ম,/ˈɛsʌns/,Every student should understand the essence before the exam.,পরীক্ষার আগে প্রতিটি শিক্ষার্থীর সারমর্ম সম্পর্কে বোঝা উচিত।,Medium,IELTS Band 6-7,noun,Simple,Present Simple
Esteem,সম্মান,/ʌstˈim/,The esteem will play a major role in the final decision.,চূড়ান্ত সিদ্ধান্তে সম্মান বড় ভূমিকা রাখবে।,Easy,IELTS Band 5-6,noun,Simple,Future Simple
Estimates,হিসাব,/ˈɛstʌmʌts/,"Because of the estimates, the whole plan had to change.",হিসাব-এর কারণে পুরো পরিকল্পনা বদলাতে হয়েছিল।,Hard,IELTS Band 7-9,noun,Complex,Past Simple
estimating,আনুমান /বরাদ্দ করা,/ˈɛstʌmeɪtɪŋ/,"Because they estimatinged early, the project succeeded.","যেহেতু তারা আগেই আনুমান /বরাদ্দ করেছিল, প্রকল্পটি সফল হয়েছিল।",Hard,IELTS Band 7-9,verb,Complex,Past Simple
Estrangement,বিচ্ছেদ,/ɪstrˈeɪndʒmʌnt/,It is estrangement to prepare well before the test.,পরীক্ষার আগে ভালোভাবে প্রস্তুতি নেওয়া বিচ্ছেদ।,Hard,IELTS Band 7-9,adjective,Simple,Present Simple
Eternity,অনন্ত কাল,/ɪtˈɜrnʌti/,The eternity was clearly explained in the report.,প্রতিবেদনে অনন্ত কাল বিষয়টি স্পষ্টভাবে ব্যাখ্যা করা হয়েছিল।,Medium,IELTS Band 6-7,noun,Simple,Past Simple
Ethical,নৈতিক,/ˈɛθɪkʌl/,Most experts consider this method quite ethical.,বেশিরভাগ বিশেষজ্ঞ এই পদ্ধতিটিকে বেশ নৈতিক মনে করেন।,Medium,IELTS Band 6-7,adjective,Simple,Present Simple
ethics,নীতি,/ˈɛθɪks/,"Although the ethics seemed minor, it changed everything.","যদিও নীতি বিষয়টি সামান্য মনে হয়েছিল, এটি সবকিছু বদলে দিয়েছিল।",Easy,IELTS Band 5-6,noun,Complex,Past Simple
Etiquette,শিষ্টাচার,/ˈɛtʌkʌt/,Every student should understand the etiquette before the exam.,পরীক্ষার আগে প্রতিটি শিক্ষার্থীর শিষ্টাচার সম্পর্কে বোঝা উচিত।,Hard,IELTS Band 7-9,noun,Simple,Present Simple
Evaporate,বাম্পীভূত করা,/ɪvˈæpɜreɪt/,"Next year, the company will evaporate this plan.",আগামী বছর কোম্পানিটি এই পরিকল্পনা বাম্পীভূত করবে।,Hard,IELTS Band 7-9,verb,Simple,Future Simple
Evaporation,বাম্পীভবন,/ɪvæpɜrˈeɪʃʌn/,"Because of the evaporation, the whole plan had to change.",বাম্পীভবন-এর কারণে পুরো পরিকল্পনা বদলাতে হয়েছিল।,Hard,IELTS Band 7-9,noun,Complex,Past Simple
Eventual,শেষ,/ʌvˈɛntʃuʌl/,"Although it looked eventual, the plan actually worked.","যদিও এটি শেষ মনে হয়েছিল, পরিকল্পনাটি আসলে কাজ করেছিল।",Medium,IELTS Band 6-7,adjective,Complex,Past Simple
Evolutionary,বিবর্তনমূলক -,/ɛvʌlˈuʃʌnɛri/,Most experts consider this method quite evolutionary.,বেশিরভাগ বিশেষজ্ঞ এই পদ্ধতিটিকে বেশ বিবর্তনমূলক - মনে করেন।,Hard,IELTS Band 7-9,adjective,Simple,Present Simple
Exactly,ঠিক,/ɪgzˈæktli/,She answered the question exactly.,সে ঠিক প্রশ্নের উত্তর দিয়েছিল।,Medium,IELTS Band 6-7,adverb,Simple,Past Simple
Exaggeration,অতিরঞ্জিত,/ɪgzædʒɜrˈeɪʃʌn/,Researchers have studied this exaggeration for many years.,গবেষকরা বহু বছর ধরে এই অতিরঞ্জিত নিয়ে গবেষণা করেছেন।,Hard,IELTS Band 7-9,noun,Simple,Present Perfect
excavate,খনন করা,/ˈɛkskʌveɪt/,The team is excavating new ways to solve it.,দলটি এটি সমাধানের নতুন উপায় খনন করছে।,Hard,IELTS Band 7-9,verb,Simple,Present Continuous
Excavation,খনন,/ɛkskʌvˈeɪʃʌn/,Every student should understand the excavation before the exam.,পরীক্ষার আগে প্রতিটি শিক্ষার্থীর খনন সম্পর্কে বোঝা উচিত।,Hard,IELTS Band 7-9,noun,Simple,Present Simple
excavations,খনন,/ɛkskʌvˈeɪʃʌnz/,The excavations will play a major role in the final decision.,চূড়ান্ত সিদ্ধান্তে খনন বড় ভূমিকা রাখবে।,Hard,IELTS Band 7-9,noun,Simple,Future Simple
Excessively,অতিমাত্রায়,/ɪksˈɛsɪvli/,The plan was excessively rejected by the committee.,পরিকল্পনাটি কমিটি অতিমাত্রায় প্রত্যাখ্যান করেছিল।,Hard,IELTS Band 7-9,adverb,Simple,Past Simple
excited,উদ্দীপিত,/ɪksˈaɪtʌd/,She exciteded the problem before anyone noticed.,কেউ লক্ষ্য করার আগেই সে সমস্যাটি উদ্দীপিত করেছিল।,Medium,IELTS Band 6-7,verb,Simple,Past Simple
excitement,উত্তেজনা,/ɪksˈaɪtmʌnt/,"Because the situation was so excitement, everyone took notice.",পরিস্থিতিটি এতটাই উত্তেজনা ছিল যে সবাই লক্ষ্য করেছিল।,Hard,IELTS Band 7-9,adjective,Complex,Past Simple
Excreted,নিষ্কাশিত,/ɪkskrˈitɪd/,"If we act now, we can excreted this matter.",এখন পদক্ষেপ নিলে আমরা বিষয়টি নিষ্কাশিত করতে পারবো।,Medium,IELTS Band 6-7,verb,Complex,Present Simple
Excursions,ভ্রমণ,/ɪkskˈɜrʒʌnz/,Researchers have studied this excursions for many years.,গবেষকরা বহু বছর ধরে এই ভ্রমণ নিয়ে গবেষণা করেছেন।,Hard,IELTS Band 7-9,noun,Simple,Present Perfect
Execution,মৃত্যুদন্ড,/ɛksʌkjˈuʃʌn/,"Although the execution seemed minor, it changed everything.","যদিও মৃত্যুদন্ড বিষয়টি সামান্য মনে হয়েছিল, এটি সবকিছু বদলে দিয়েছিল।",Hard,IELTS Band 7-9,noun,Complex,Past Simple
Executive,নির্বাহী,/ɪgzˈɛkjʌtɪv/,Most experts consider this method quite executive.,বেশিরভাগ বিশেষজ্ঞ এই পদ্ধতিটিকে বেশ নির্বাহী মনে করেন।,Hard,IELTS Band 7-9,adjective,Simple,Present Simple
Exemption,অব্যাহতি,/ɪgzˈɛmpʃʌn/,The exemption will play a major role in the final decision.,চূড়ান্ত সিদ্ধান্তে অব্যাহতি বড় ভূমিকা রাখবে।,Medium,IELTS Band 6-7,noun,Simple,Future Simple
Exert,জাহির করা,/ɪgzˈɜrt/,"Because of the exert, the whole plan had to change.",জাহির করা-এর কারণে পুরো পরিকল্পনা বদলাতে হয়েছিল।,Easy,IELTS Band 5-6,noun,Complex,Past Simple
Exertion,চেষ্টা,/ɪgzˈɜrʃʌn/,The article discusses the exertion in great detail.,প্রবন্ধটিতে চেষ্টা নিয়ে বিস্তারিত আলোচনা করা হয়েছে।,Medium,IELTS Band 6-7,noun,Simple,Present Simple
Exhaust,ক্ষয় করা/ররান্ত করা,/ɪgzˈɔst/,Scientists are still examining the exhaust closely.,বিজ্ঞানীরা এখনো ক্ষয় করা/ররান্ত করা খুব কাছ থেকে পর্যবেক্ষণ করছেন।,Medium,IELTS Band 6-7,noun,Simple,Present Continuous
Exhaustion,ক্লান্তি,/ɪgzˈɔstʃʌn/,The exhaustion was clearly explained in the report.,প্রতিবেদনে ক্লান্তি বিষয়টি স্পষ্টভাবে ব্যাখ্যা করা হয়েছিল।,Hard,IELTS Band 7-9,noun,Simple,Past Simple
Exhilarating,আনন্দদায়ক,/ɪgzˈɪlɜreɪtɪŋ/,"Next year, the company will exhilarating this plan.",আগামী বছর কোম্পানিটি এই পরিকল্পনা আনন্দদায়ক করবে।,Hard,IELTS Band 7-9,verb,Simple,Future Simple
Exiled,নির্বাসিত,/ˈɛgzaɪld/,"Because they exileded early, the project succeeded.","যেহেতু তারা আগেই নির্বাসিত করেছিল, প্রকল্পটি সফল হয়েছিল।",Medium,IELTS Band 6-7,verb,Complex,Past Simple
Existing,বিদ্যমান,/ɪgzˈɪstɪŋ/,They existing this issue every single day.,তারা প্রতিদিন এই বিষয়টি বিদ্যমান করে।,Medium,IELTS Band 6-7,verb,Simple,Present Simple
Expanding,সম্প্রসারণ করা,/ɪkspˈændɪŋ/,She expandinged the problem before anyone noticed.,কেউ লক্ষ্য করার আগেই সে সমস্যাটি সম্প্রসারণ করেছিল।,Medium,IELTS Band 6-7,verb,Simple,Past Simple
Expectancy,প্রত্যাশা,/ɪkspˈɛktʌnsi/,"Because of the expectancy, the whole plan had to change.",প্রত্যাশা-এর কারণে পুরো পরিকল্পনা বদলাতে হয়েছিল।,Hard,IELTS Band 7-9,noun,Complex,Past Simple
Expectation,প্রত্যাশা,/ɛkspɛktˈeɪʃʌn/,The article discusses the expectation in great detail.,প্রবন্ধটিতে প্রত্যাশা নিয়ে বিস্তারিত আলোচনা করা হয়েছে।,Hard,IELTS Band 7-9,noun,Simple,Present Simple
Expensive,ব্যয়বহুল,/ɪkspˈɛnsɪv/,Most experts consider this method quite expensive.,বেশিরভাগ বিশেষজ্ঞ এই পদ্ধতিটিকে বেশ ব্যয়বহুল মনে করেন।,Hard,IELTS Band 7-9,adjective,Simple,Present Simple
Experimental,পরীক্ষামূলক,/ɪkspɛrɪmˈɛntʌl/,The area has become increasingly experimental in recent years.,সাম্প্রতিক বছরগুলোতে এলাকাটি ক্রমশ পরীক্ষামূলক হয়ে উঠেছে।,Hard,IELTS Band 7-9,adjective,Simple,Present Perfect
experimented,গবেষণা/ পরীক্ষা করা,/ɪkspˈɛrʌmʌntʌd/,"Because they experimenteded early, the project succeeded.","যেহেতু তারা আগেই গবেষণা/ পরীক্ষা করেছিল, প্রকল্পটি সফল হয়েছিল।",Hard,IELTS Band 7-9,verb,Complex,Past Simple
Experiments,পরীক্ষা,/ɪkspˈɛrʌmʌnts/,"Although the experiments seemed minor, it changed everything.","যদিও পরীক্ষা বিষয়টি সামান্য মনে হয়েছিল, এটি সবকিছু বদলে দিয়েছিল।",Hard,IELTS Band 7-9,noun,Complex,Past Simple
Explicitly,স্পষ্টভাবে,/ɪksplˈɪsʌtli/,"Because she worked explicitly, she finished on time.",সে স্পষ্টভাবে কাজ করেছিল বলে সময়মতো শেষ করতে পেরেছিল।,Hard,IELTS Band 7-9,adverb,Complex,Past Simple
Explode,বিস্ফোরিত করা,/ɪksplˈoʊd/,The explode will play a major role in the final decision.,চূড়ান্ত সিদ্ধান্তে বিস্ফোরিত করা বড় ভূমিকা রাখবে।,Medium,IELTS Band 6-7,noun,Simple,Future Simple
Explorations,অন্বেষণ,/ɛksplɜrˈeɪʃʌnz/,"Because of the explorations, the whole plan had to change.",অন্বেষণ-এর কারণে পুরো পরিকল্পনা বদলাতে হয়েছিল।,Hard,IELTS Band 7-9,noun,Complex,Past Simple
Explorer,অনুসন্ধানকারী,/ɪksplˈɔrɜr/,The article discusses the explorer in great detail.,প্রবন্ধটিতে অনুসন্ধানকারী নিয়ে বিস্তারিত আলোচনা করা হয়েছে।,Medium,IELTS Band 6-7,noun,Simple,Present Simple
Explosion,বিস্ফোরণ,/ɪksplˈoʊʒʌn/,Scientists are still examining the explosion closely.,বিজ্ঞানীরা এখনো বিস্ফোরণ খুব কাছ থেকে পর্যবেক্ষণ করছেন।,Medium,IELTS Band 6-7,noun,Simple,Present Continuous
Expose,প্রকাশ করা,/ɪkspˈoʊz/,The expose was clearly explained in the report.,প্রতিবেদনে প্রকাশ করা বিষয়টি স্পষ্টভাবে ব্যাখ্যা করা হয়েছিল।,Medium,IELTS Band 6-7,noun,Simple,Past Simple
Expound,ব্যাখ্যা করা,/ɪkspˈaʊnd/,Researchers have studied this expound for many years.,গবেষকরা বহু বছর ধরে এই ব্যাখ্যা করা নিয়ে গবেষণা করেছেন।,Medium,IELTS Band 6-7,noun,Simple,Present Perfect
Expressed,প্রকাশ করা,/ɪksprˈɛst/,She expresseded the problem before anyone noticed.,কেউ লক্ষ্য করার আগেই সে সমস্যাটি প্রকাশ করেছিল।,Medium,IELTS Band 6-7,verb,Simple,Past Simple
Expressive,অভিব্যক্তিপূর্ণ,/ɪksprˈɛsɪv/,Most experts consider this method quite expressive.,বেশিরভাগ বিশেষজ্ঞ এই পদ্ধতিটিকে বেশ অভিব্যক্তিপূর্ণ মনে করেন।,Hard,IELTS Band 7-9,adjective,Simple,Present Simple
Extant,বিদ্যমান,/ˈɛkstʌnt/,The area has become increasingly extant in recent years.,সাম্প্রতিক বছরগুলোতে এলাকাটি ক্রমশ বিদ্যমান হয়ে উঠেছে।,Easy,IELTS Band 5-6,adjective,Simple,Present Perfect
extended,সম্প্রসারিত,/ɪkstˈɛndʌd/,The team is extendeding new ways to solve it.,দলটি এটি সমাধানের নতুন উপায় সম্প্রসারিত করছে।,Medium,IELTS Band 6-7,verb,Simple,Present Continuous
Extinctions,বিলুপ্তি,/ɪkstˈɪŋkʃʌnz/,The article discusses the extinctions in great detail.,প্রবন্ধটিতে বিলুপ্তি নিয়ে বিস্তারিত আলোচনা করা হয়েছে।,Hard,IELTS Band 7-9,noun,Simple,Present Simple
Extraction,নিষ্কাশন,/ɛkstrˈækʃʌn/,Scientists are still examining the extraction closely.,বিজ্ঞানীরা এখনো নিষ্কাশন খুব কাছ থেকে পর্যবেক্ষণ করছেন।,Hard,IELTS Band 7-9,noun,Simple,Present Continuous
Extravagance,অপচয়,/ɛkstrˈævʌgʌns/,The extravagance was clearly explained in the report.,প্রতিবেদনে অপচয় বিষয়টি স্পষ্টভাবে ব্যাখ্যা করা হয়েছিল।,Hard,IELTS Band 7-9,noun,Simple,Past Simple
Extreme,চরম,/ɛkstrˈim/,Researchers have studied this extreme for many years.,গবেষকরা বহু বছর ধরে এই চরম নিয়ে গবেষণা করেছেন।,Medium,IELTS Band 6-7,noun,Simple,Present Perfect
Extrinsic,বহিমমুঁখী,/ɛkstrˈɪnsɪk/,The area has become increasingly extrinsic in recent years.,সাম্প্রতিক বছরগুলোতে এলাকাটি ক্রমশ বহিমমুঁখী হয়ে উঠেছে।,Medium,IELTS Band 6-7,adjective,Simple,Present Perfect
eye-catching,নজরকাড়া/আকর্ষণীয়,,"If we act now, we can eye-catching this matter.",এখন পদক্ষেপ নিলে আমরা বিষয়টি নজরকাড়া/আকর্ষণীয় করতে পারবো।,Hard,IELTS Band 7-9,verb,Complex,Present Simple
Fabulous,অবিশ্বাস্য,/fˈæbjʌlʌs/,The result was extremely fabulous.,ফলাফলটি অত্যন্ত অবিশ্বাস্য ছিল।,Medium,IELTS Band 6-7,adjective,Simple,Past Simple
Facial,সম্মুখভাগ,/fˈeɪʃʌl/,It is facial to prepare well before the test.,পরীক্ষার আগে ভালোভাবে প্রস্তুতি নেওয়া সম্মুখভাগ।,Easy,IELTS Band 5-6,adjective,Simple,Present Simple
facilitated,সুবিধাজনক/ সহজতর করা,/fʌsˈɪlʌteɪtɪd/,"Because they facilitateded early, the project succeeded.","যেহেতু তারা আগেই সুবিধাজনক/ সহজতর করেছিল, প্রকল্পটি সফল হয়েছিল।",Hard,IELTS Band 7-9,verb,Complex,Past Simple
Facing,সম্মুখ,/fˈeɪsɪŋ/,They facing this issue every single day.,তারা প্রতিদিন এই বিষয়টি সম্মুখ করে।,Easy,IELTS Band 5-6,verb,Simple,Present Simple
Fairy-tale,রূপকথা,,The fairy-tale was clearly explained in the report.,প্রতিবেদনে রূপকথা বিষয়টি স্পষ্টভাবে ব্যাখ্যা করা হয়েছিল।,Hard,IELTS Band 7-9,noun,Simple,Past Simple
Faithful,বিশ্বস্ত,/fˈeɪθfʌl/,"Because the situation was so faithful, everyone took notice.",পরিস্থিতিটি এতটাই বিশ্বস্ত ছিল যে সবাই লক্ষ্য করেছিল।,Medium,IELTS Band 6-7,adjective,Complex,Past Simple
Faithfully,বিশ্বস্তভাবে,/fˈeɪθfʌli/,He faithfully explains difficult topics in class.,সে ক্লাসে কঠিন বিষয়গুলো বিশ্বস্তভাবে ব্যাখ্যা করে।,Hard,IELTS Band 7-9,adverb,Simple,Present Simple
fakes,করা,/fˈeɪks/,Every student should understand the fakes before the exam.,পরীক্ষার আগে প্রতিটি শিক্ষার্থীর করা সম্পর্কে বোঝা উচিত।,Easy,IELTS Band 5-6,noun,Simple,Present Simple
Fallacy,ভুল ধারণা,/fˈælʌsi/,The fallacy will play a major role in the final decision.,চূড়ান্ত সিদ্ধান্তে ভুল ধারণা বড় ভূমিকা রাখবে।,Medium,IELTS Band 6-7,noun,Simple,Future Simple
Familiar,পরিচিত,/fʌmˈɪljɜr/,"Because of the familiar, the whole plan had to change.",পরিচিত-এর কারণে পুরো পরিকল্পনা বদলাতে হয়েছিল।,Medium,IELTS Band 6-7,noun,Complex,Past Simple
Famous,বিখ্যাত,/fˈeɪmʌs/,The area has become increasingly famous in recent years.,সাম্প্রতিক বছরগুলোতে এলাকাটি ক্রমশ বিখ্যাত হয়ে উঠেছে।,Easy,IELTS Band 5-6,adjective,Simple,Present Perfect
Fanned,উত্তেজক/জ্বলন্ত,/fˈænd/,She fanneded the problem before anyone noticed.,কেউ লক্ষ্য করার আগেই সে সমস্যাটি উত্তেজক/জ্বলন্ত করেছিল।,Easy,IELTS Band 5-6,verb,Simple,Past Simple
Farmhouse,খামারবাড়ি,/fˈɑrmhaʊs/,The farmhouse was clearly explained in the report.,প্রতিবেদনে খামারবাড়ি বিষয়টি স্পষ্টভাবে ব্যাখ্যা করা হয়েছিল।,Medium,IELTS Band 6-7,noun,Simple,Past Simple
Faulty,ত্রুটিপূর্ণ,/fˈɔlti/,Researchers have studied this faulty for many years.,গবেষকরা বহু বছর ধরে এই ত্রুটিপূর্ণ নিয়ে গবেষণা করেছেন।,Easy,IELTS Band 5-6,noun,Simple,Present Perfect
Favour,অনুগ্রহ,/fˈeɪvɜr/,"Although the favour seemed minor, it changed everything.","যদিও অনুগ্রহ বিষয়টি সামান্য মনে হয়েছিল, এটি সবকিছু বদলে দিয়েছিল।",Easy,IELTS Band 5-6,noun,Complex,Past Simple
Feasibility,সম্ভাব্যতা,/fizʌbˈɪlʌti/,Every student should understand the feasibility before the exam.,পরীক্ষার আগে প্রতিটি শিক্ষার্থীর সম্ভাব্যতা সম্পর্কে বোঝা উচিত।,Hard,IELTS Band 7-9,noun,Simple,Present Simple
Feasible,সম্ভব,/fˈizʌbʌl/,The area has become increasingly feasible in recent years.,সাম্প্রতিক বছরগুলোতে এলাকাটি ক্রমশ সম্ভব হয়ে উঠেছে।,Medium,IELTS Band 6-7,adjective,Simple,Present Perfect
Feature,বৈশিষ্ট্য,/fˈitʃɜr/,"Because of the feature, the whole plan had to change.",বৈশিষ্ট্য-এর কারণে পুরো পরিকল্পনা বদলাতে হয়েছিল।,Medium,IELTS Band 6-7,noun,Complex,Past Simple
featured,উপস্থাপন করা,/fˈitʃɜrd/,She featureded the problem before anyone noticed.,কেউ লক্ষ্য করার আগেই সে সমস্যাটি উপস্থাপন করেছিল।,Medium,IELTS Band 6-7,verb,Simple,Past Simple
Feed,গবাদি পশুর খাবার,/fˈid/,Experts have feeded this issue for decades.,বিশেষজ্ঞরা কয়েক দশক ধরে এই বিষয়টি গবাদি পশুর খাবার করে আসছেন।,Easy,IELTS Band 5-6,verb,Simple,Present Perfect
Feminine,নারীত্পূর্ণ,/fˈɛmʌnʌn/,The feminine was clearly explained in the report.,প্রতিবেদনে নারীত্পূর্ণ বিষয়টি স্পষ্টভাবে ব্যাখ্যা করা হয়েছিল।,Hard,IELTS Band 7-9,noun,Simple,Past Simple
Fence,বেড়া,/fˈɛns/,Researchers have studied this fence for many years.,গবেষকরা বহু বছর ধরে এই বেড়া নিয়ে গবেষণা করেছেন।,Easy,IELTS Band 5-6,noun,Simple,Present Perfect
Fertile,উর্বর,/fˈɜrtʌl/,"Although the fertile seemed minor, it changed everything.","যদিও উর্বর বিষয়টি সামান্য মনে হয়েছিল, এটি সবকিছু বদলে দিয়েছিল।",Medium,IELTS Band 6-7,noun,Complex,Past Simple
Fertilized,উর্বর করা,/fˈɜrtʌlaɪzd/,"Because they fertilizeded early, the project succeeded.","যেহেতু তারা আগেই উর্বর করেছিল, প্রকল্পটি সফল হয়েছিল।",Hard,IELTS Band 7-9,verb,Complex,Past Simple
Feud,বিবাদ,/fjˈud/,The feud will play a major role in the final decision.,চূড়ান্ত সিদ্ধান্তে বিবাদ বড় ভূমিকা রাখবে।,Easy,IELTS Band 5-6,noun,Simple,Future Simple
Fiction,কল্পনা,/fˈɪkʃʌn/,"Because of the fiction, the whole plan had to change.",কল্পনা-এর কারণে পুরো পরিকল্পনা বদলাতে হয়েছিল।,Medium,IELTS Band 6-7,noun,Complex,Past Simple
Fictional,কাল্পনিক,/fˈɪkʃʌnʌl/,"Although it looked fictional, the plan actually worked.","যদিও এটি কাল্পনিক মনে হয়েছিল, পরিকল্পনাটি আসলে কাজ করেছিল।",Medium,IELTS Band 6-7,adjective,Complex,Past Simple
Fiduciary,জিম্মাদার,/fʌdˈuʃiɛri/,Most experts consider this method quite fiduciary.,বেশিরভাগ বিশেষজ্ঞ এই পদ্ধতিটিকে বেশ জিম্মাদার মনে করেন।,Medium,IELTS Band 6-7,adjective,Simple,Present Simple
Filthy,নোংরা,/fˈɪlθi/,The filthy was clearly explained in the report.,প্রতিবেদনে নোংরা বিষয়টি স্পষ্টভাবে ব্যাখ্যা করা হয়েছিল।,Easy,IELTS Band 5-6,noun,Simple,Past Simple
Financial,আর্থিক,/fʌnˈænʃʌl/,"Because the situation was so financial, everyone took notice.",পরিস্থিতিটি এতটাই আর্থিক ছিল যে সবাই লক্ষ্য করেছিল।,Medium,IELTS Band 6-7,adjective,Complex,Past Simple
Finding,খোঁজা,/fˈaɪndɪŋ/,"Because they findinged early, the project succeeded.","যেহেতু তারা আগেই খোঁজা করেছিল, প্রকল্পটি সফল হয়েছিল।",Medium,IELTS Band 6-7,verb,Complex,Past Simple
Firm,প্রতিষ্ঠান,/fˈɜrm/,Every student should understand the firm before the exam.,পরীক্ষার আগে প্রতিটি শিক্ষার্থীর প্রতিষ্ঠান সম্পর্কে বোঝা উচিত।,Easy,IELTS Band 5-6,noun,Simple,Present Simple
Flat rate,সমতল হার,,She flat rated the problem before anyone noticed.,কেউ লক্ষ্য করার আগেই সে সমস্যাটি সমতল হার করেছিল।,Medium,IELTS Band 6-7,verb,Simple,Past Simple
Flautist,বাঁশিবাদক,,"Because of the flautist, the whole plan had to change.",বাঁশিবাদক-এর কারণে পুরো পরিকল্পনা বদলাতে হয়েছিল।,Medium,IELTS Band 6-7,noun,Complex,Past Simple
Flavor,স্বাদ,/flˈeɪvɜr/,The article discusses the flavor in great detail.,প্রবন্ধটিতে স্বাদ নিয়ে বিস্তারিত আলোচনা করা হয়েছে।,Easy,IELTS Band 5-6,noun,Simple,Present Simple
Flee,ভাগা,/flˈi/,Scientists are still examining the flee closely.,বিজ্ঞানীরা এখনো ভাগা খুব কাছ থেকে পর্যবেক্ষণ করছেন।,Easy,IELTS Band 5-6,noun,Simple,Present Continuous
Flexibility,নমনীয়তা,/flɛksʌbˈɪlʌti/,The flexibility was clearly explained in the report.,প্রতিবেদনে নমনীয়তা বিষয়টি স্পষ্টভাবে ব্যাখ্যা করা হয়েছিল।,Hard,IELTS Band 7-9,noun,Simple,Past Simple
Floating,ভাসমান,/flˈoʊtɪŋ/,"Because they floatinged early, the project succeeded.","যেহেতু তারা আগেই ভাসমান করেছিল, প্রকল্পটি সফল হয়েছিল।",Medium,IELTS Band 6-7,verb,Complex,Past Simple
Flock,সমষ্টি,/flˈɑk/,"Although the flock seemed minor, it changed everything.","যদিও সমষ্টি বিষয়টি সামান্য মনে হয়েছিল, এটি সবকিছু বদলে দিয়েছিল।",Easy,IELTS Band 5-6,noun,Complex,Past Simple
Flown,উড়ে গেছে,/flˈoʊn/,Every student should understand the flown before the exam.,পরীক্ষার আগে প্রতিটি শিক্ষার্থীর উড়ে গেছে সম্পর্কে বোঝা উচিত।,Easy,IELTS Band 5-6,noun,Simple,Present Simple
Fluid,তরল,/flˈuʌd/,The fluid will play a major role in the final decision.,চূড়ান্ত সিদ্ধান্তে তরল বড় ভূমিকা রাখবে।,Easy,IELTS Band 5-6,noun,Simple,Future Simple
Foliage,বৃক্ষ পত্রাবলী,/fˈoʊlɪdʒ/,"Because of the foliage, the whole plan had to change.",বৃক্ষ পত্রাবলী-এর কারণে পুরো পরিকল্পনা বদলাতে হয়েছিল।,Medium,IELTS Band 6-7,noun,Complex,Past Simple
Foodstuffs,আহার সামগ্রী,/fˈudstʌfs/,The article discusses the foodstuffs in great detail.,প্রবন্ধটিতে আহার সামগ্রী নিয়ে বিস্তারিত আলোচনা করা হয়েছে।,Hard,IELTS Band 7-9,noun,Simple,Present Simple
Fool,বোকা বানানো,/fˈul/,Scientists are still examining the fool closely.,বিজ্ঞানীরা এখনো বোকা বানানো খুব কাছ থেকে পর্যবেক্ষণ করছেন।,Easy,IELTS Band 5-6,noun,Simple,Present Continuous
Foolproof,অব্যর্থ,/fˈulpruf/,The foolproof was clearly explained in the report.,প্রতিবেদনে অব্যর্থ বিষয়টি স্পষ্টভাবে ব্যাখ্যা করা হয়েছিল।,Medium,IELTS Band 6-7,noun,Simple,Past Simple
Footwear,জুতো,/fˈʊtwɛr/,Researchers have studied this footwear for many years.,গবেষকরা বহু বছর ধরে এই জুতো নিয়ে গবেষণা করেছেন।,Medium,IELTS Band 6-7,noun,Simple,Present Perfect
foraging,লুণ্ঠন করা,/fˈɔrɪdʒɪŋ/,She foraginged the problem before anyone noticed.,কেউ লক্ষ্য করার আগেই সে সমস্যাটি লুণ্ঠন করেছিল।,Medium,IELTS Band 6-7,verb,Simple,Past Simple
Forbidden,নিষিদ্ধ,/fˈɔrbɪdʌn/,Experts have forbiddened this issue for decades.,বিশেষজ্ঞরা কয়েক দশক ধরে এই বিষয়টি নিষিদ্ধ করে আসছেন।,Medium,IELTS Band 6-7,verb,Simple,Present Perfect
Forecast,ভবিষ্যদ্বাণী করা,/fˈɔrkæst/,The forecast will play a major role in the final decision.,চূড়ান্ত সিদ্ধান্তে ভবিষ্যদ্বাণী করা বড় ভূমিকা রাখবে।,Medium,IELTS Band 6-7,noun,Simple,Future Simple
Forefather,পূর্বপুরুষ,/fˈɔrfɑðɜr/,"Because of the forefather, the whole plan had to change.",পূর্বপুরুষ-এর কারণে পুরো পরিকল্পনা বদলাতে হয়েছিল।,Hard,IELTS Band 7-9,noun,Complex,Past Simple
Foreseeable,পূর্বানুমেয়,/fɔrsˈiʌbʌl/,"Although it looked foreseeable, the plan actually worked.","যদিও এটি পূর্বানুমেয় মনে হয়েছিল, পরিকল্পনাটি আসলে কাজ করেছিল।",Hard,IELTS Band 7-9,adjective,Complex,Past Simple
Foul,নোংরা,/fˈaʊl/,Scientists are still examining the foul closely.,বিজ্ঞানীরা এখনো নোংরা খুব কাছ থেকে পর্যবেক্ষণ করছেন।,Easy,IELTS Band 5-6,noun,Simple,Present Continuous
Fountain,ফোয়ারা,/fˈaʊntʌn/,The fountain was clearly explained in the report.,প্রতিবেদনে ফোয়ারা বিষয়টি স্পষ্টভাবে ব্যাখ্যা করা হয়েছিল।,Medium,IELTS Band 6-7,noun,Simple,Past Simple
Fraction,ভগ্নাংশ,/frˈækʃʌn/,Researchers have studied this fraction for many years.,গবেষকরা বহু বছর ধরে এই ভগ্নাংশ নিয়ে গবেষণা করেছেন।,Medium,IELTS Band 6-7,noun,Simple,Present Perfect
Fragment,টুকরা,/frˈægmʌnt/,The result was extremely fragment.,ফলাফলটি অত্যন্ত টুকরা ছিল।,Medium,IELTS Band 6-7,adjective,Simple,Past Simple
fragments,খণ্ড,/frˈægmʌnts/,Every student should understand the fragments before the exam.,পরীক্ষার আগে প্রতিটি শিক্ষার্থীর খণ্ড সম্পর্কে বোঝা উচিত।,Medium,IELTS Band 6-7,noun,Simple,Present Simple
Frame,কাঠামো,/frˈeɪm/,The frame will play a major role in the final decision.,চূড়ান্ত সিদ্ধান্তে কাঠামো বড় ভূমিকা রাখবে।,Easy,IELTS Band 5-6,noun,Simple,Future Simple
Fraternal,ভ্রাত্প্রতিম,/frʌtˈɜrnʌl/,Most experts consider this method quite fraternal.,বেশিরভাগ বিশেষজ্ঞ এই পদ্ধতিটিকে বেশ ভ্রাত্প্রতিম মনে করেন।,Medium,IELTS Band 6-7,adjective,Simple,Present Simple
Freely,স্বাধীনভাবে,/frˈili/,He freely explains difficult topics in class.,সে ক্লাসে কঠিন বিষয়গুলো স্বাধীনভাবে ব্যাখ্যা করে।,Easy,IELTS Band 5-6,adverb,Simple,Present Simple
Frenetic,ধর্মান্ধ,/frʌnˈɛtɪk/,"Because the situation was so frenetic, everyone took notice.",পরিস্থিতিটি এতটাই ধর্মান্ধ ছিল যে সবাই লক্ষ্য করেছিল।,Medium,IELTS Band 6-7,adjective,Complex,Past Simple
Frequency,ফ্রিকোয়েলি,/frˈikwʌnsi/,The frequency was clearly explained in the report.,প্রতিবেদনে ফ্রিকোয়েলি বিষয়টি স্পষ্টভাবে ব্যাখ্যা করা হয়েছিল।,Medium,IELTS Band 6-7,noun,Simple,Past Simple
Frequent,ঘন ঘন,/frˈikwʌnt/,It is frequent to prepare well before the test.,পরীক্ষার আগে ভালোভাবে প্রস্তুতি নেওয়া ঘন ঘন।,Medium,IELTS Band 6-7,adjective,Simple,Present Simple
Frequently,ঘন ঘন,/frˈikwʌntli/,He frequently explains difficult topics in class.,সে ক্লাসে কঠিন বিষয়গুলো ঘন ঘন ব্যাখ্যা করে।,Hard,IELTS Band 7-9,adverb,Simple,Present Simple
Frighten,ভয় দেখানো,/frˈaɪtʌn/,The team is frightening new ways to solve it.,দলটি এটি সমাধানের নতুন উপায় ভয় দেখানো করছে।,Medium,IELTS Band 6-7,verb,Simple,Present Continuous
Frosty,তুষার পূর্ণ,/frˈɔsti/,The frosty will play a major role in the final decision.,চূড়ান্ত সিদ্ধান্তে তুষার পূর্ণ বড় ভূমিকা রাখবে।,Easy,IELTS Band 5-6,noun,Simple,Future Simple
Frozen,হিমায়িত,/frˈoʊzʌn/,"Because they frozened early, the project succeeded.","যেহেতু তারা আগেই হিমায়িত করেছিল, প্রকল্পটি সফল হয়েছিল।",Easy,IELTS Band 5-6,verb,Complex,Past Simple
Fruitful,ফলপ্রসূ,/frˈutfʌl/,The result was extremely fruitful.,ফলাফলটি অত্যন্ত ফলপ্রসূ ছিল।,Medium,IELTS Band 6-7,adjective,Simple,Past Simple
Frustrated,হতাশ,/frˈʌstreɪtʌd/,She frustrateded the problem before anyone noticed.,কেউ লক্ষ্য করার আগেই সে সমস্যাটি হতাশ করেছিল।,Hard,IELTS Band 7-9,verb,Simple,Past Simple
Fuel,জ্বালানি,/fjˈuʌl/,The fuel was clearly explained in the report.,প্রতিবেদনে জ্বালানি বিষয়টি স্পষ্টভাবে ব্যাখ্যা করা হয়েছিল।,Easy,IELTS Band 5-6,noun,Simple,Past Simple
Fund,তহবিল,/fˈʌnd/,Researchers have studied this fund for many years.,গবেষকরা বহু বছর ধরে এই তহবিল নিয়ে গবেষণা করেছেন।,Easy,IELTS Band 5-6,noun,Simple,Present Perfect
Furnace,চুল্লি,/fˈɜrnʌs/,"Although the furnace seemed minor, it changed everything.","যদিও চুল্লি বিষয়টি সামান্য মনে হয়েছিল, এটি সবকিছু বদলে দিয়েছিল।",Medium,IELTS Band 6-7,noun,Complex,Past Simple
further,অধিকতর/উপরক্তু,/fˈɜrðɜr/,Every student should understand the further before the exam.,পরীক্ষার আগে প্রতিটি শিক্ষার্থীর অধিকতর/উপরক্তু সম্পর্কে বোঝা উচিত।,Medium,IELTS Band 6-7,noun,Simple,Present Simple
Furthest,সর্বাধিক দূর,/fˈɜrθʌst/,The furthest will play a major role in the final decision.,চূড়ান্ত সিদ্ধান্তে সর্বাধিক দূর বড় ভূমিকা রাখবে।,Medium,IELTS Band 6-7,noun,Simple,Future Simple
Fuss,হৈচৈ,/fˈʌs/,"Because of the fuss, the whole plan had to change.",হৈচৈ-এর কারণে পুরো পরিকল্পনা বদলাতে হয়েছিল।,Easy,IELTS Band 5-6,noun,Complex,Past Simple
Fuzzy,অস্পষ্ট,/fˈʌzi/,The article discusses the fuzzy in great detail.,প্রবন্ধটিতে অস্পষ্ট নিয়ে বিস্তারিত আলোচনা করা হয়েছে।,Easy,IELTS Band 5-6,noun,Simple,Present Simple
Gain,লাভ,/gˈeɪn/,Scientists are still examining the gain closely.,বিজ্ঞানীরা এখনো লাভ খুব কাছ থেকে পর্যবেক্ষণ করছেন।,Easy,IELTS Band 5-6,noun,Simple,Present Continuous
Gallant,সাহসী,/gˈælʌnt/,The area has become increasingly gallant in recent years.,সাম্প্রতিক বছরগুলোতে এলাকাটি ক্রমশ সাহসী হয়ে উঠেছে।,Medium,IELTS Band 6-7,adjective,Simple,Present Perfect
Gamble,জুয়া,/gˈæmbʌl/,Researchers have studied this gamble for many years.,গবেষকরা বহু বছর ধরে এই জুয়া নিয়ে গবেষণা করেছেন।,Easy,IELTS Band 5-6,noun,Simple,Present Perfect
Gardener,মালী,/gˈɑrdʌnɜr/,"Although the gardener seemed minor, it changed everything.","যদিও মালী বিষয়টি সামান্য মনে হয়েছিল, এটি সবকিছু বদলে দিয়েছিল।",Medium,IELTS Band 6-7,noun,Complex,Past Simple
Gauges,মানদণ্ড,/gˈeɪdʒʌz/,Every student should understand the gauges before the exam.,পরীক্ষার আগে প্রতিটি শিক্ষার্থীর মানদণ্ড সম্পর্কে বোঝা উচিত।,Easy,IELTS Band 5-6,noun,Simple,Present Simple
Generate,উৎপন্ন,/dʒˈɛnɜreɪt/,They generate this issue every single day.,তারা প্রতিদিন এই বিষয়টি উৎপন্ন করে।,Hard,IELTS Band 7-9,verb,Simple,Present Simple
generated,উৎপন্ন করা,/dʒˈɛnɜreɪtʌd/,She generateded the problem before anyone noticed.,কেউ লক্ষ্য করার আগেই সে সমস্যাটি উৎপন্ন করেছিল।,Hard,IELTS Band 7-9,verb,Simple,Past Simple
Genes,জিন,/dʒˈinz/,The article discusses the genes in great detail.,প্রবন্ধটিতে জিন নিয়ে বিস্তারিত আলোচনা করা হয়েছে।,Easy,IELTS Band 5-6,noun,Simple,Present Simple
Genetic,প্রজনন শাস্ত্র,/dʒʌnˈɛtɪk/,"Because the situation was so genetic, everyone took notice.",পরিস্থিতিটি এতটাই প্রজনন শাস্ত্র ছিল যে সবাই লক্ষ্য করেছিল।,Medium,IELTS Band 6-7,adjective,Complex,Past Simple
genius,প্রতিভা,/dʒˈinjʌs/,The genius was clearly explained in the report.,প্রতিবেদনে প্রতিভা বিষয়টি স্পষ্টভাবে ব্যাখ্যা করা হয়েছিল।,Easy,IELTS Band 5-6,noun,Simple,Past Simple
Genre,প্রজাতি,/ʒˈɑnrʌ/,Researchers have studied this genre for many years.,গবেষকরা বহু বছর ধরে এই প্রজাতি নিয়ে গবেষণা করেছেন।,Easy,IELTS Band 5-6,noun,Simple,Present Perfect
Gently,ধীরে ধীরে,/dʒˈɛntli/,He gently explains difficult topics in class.,সে ক্লাসে কঠিন বিষয়গুলো ধীরে ধীরে ব্যাখ্যা করে।,Easy,IELTS Band 5-6,adverb,Simple,Present Simple
Genuine,অকৃত্রিম,/dʒˈɛnjʌwʌn/,Every student should understand the genuine before the exam.,পরীক্ষার আগে প্রতিটি শিক্ষার্থীর অকৃত্রিম সম্পর্কে বোঝা উচিত।,Medium,IELTS Band 6-7,noun,Simple,Present Simple
Germ,জীবাণু,/dʒˈɜrm/,The germ will play a major role in the final decision.,চূড়ান্ত সিদ্ধান্তে জীবাণু বড় ভূমিকা রাখবে।,Easy,IELTS Band 5-6,noun,Simple,Future Simple
Germination,অঙ্কুরোদগম,/dʒɜrmʌnˈeɪʃʌn/,"Because of the germination, the whole plan had to change.",অঙ্কুরোদগম-এর কারণে পুরো পরিকল্পনা বদলাতে হয়েছিল।,Hard,IELTS Band 7-9,noun,Complex,Past Simple
Gestures,অঙ্গভজি,/dʒˈɛstʃɜrz/,The article discusses the gestures in great detail.,প্রবন্ধটিতে অঙ্গভজি নিয়ে বিস্তারিত আলোচনা করা হয়েছে।,Medium,IELTS Band 6-7,noun,Simple,Present Simple
Getting out,বাহির হওয়া,,Scientists are still examining the getting out closely.,বিজ্ঞানীরা এখনো বাহির হওয়া খুব কাছ থেকে পর্যবেক্ষণ করছেন।,Hard,IELTS Band 7-9,noun,Simple,Present Continuous
Giant,দানব,/dʒˈaɪʌnt/,"Although it looked giant, the plan actually worked.","যদিও এটি দানব মনে হয়েছিল, পরিকল্পনাটি আসলে কাজ করেছিল।",Easy,IELTS Band 5-6,adjective,Complex,Past Simple
Glacial,তুষার,/glˈeɪʃʌl/,Most experts consider this method quite glacial.,বেশিরভাগ বিশেষজ্ঞ এই পদ্ধতিটিকে বেশ তুষার মনে করেন।,Medium,IELTS Band 6-7,adjective,Simple,Present Simple
Glaciers,হিমবাহ,/glˈeɪʃɜrz/,"Although the glaciers seemed minor, it changed everything.","যদিও হিমবাহ বিষয়টি সামান্য মনে হয়েছিল, এটি সবকিছু বদলে দিয়েছিল।",Medium,IELTS Band 6-7,noun,Complex,Past Simple
Glamorous,আকর্ষণীয়,/glˈæmɜrʌs/,"Because the situation was so glamorous, everyone took notice.",পরিস্থিতিটি এতটাই আকর্ষণীয় ছিল যে সবাই লক্ষ্য করেছিল।,Medium,IELTS Band 6-7,adjective,Complex,Past Simple
Glance,এক ঝলক দেখা,/glˈæns/,The glance will play a major role in the final decision.,চূড়ান্ত সিদ্ধান্তে এক ঝলক দেখা বড় ভূমিকা রাখবে।,Easy,IELTS Band 5-6,noun,Simple,Future Simple
Gleaming,উজ্্বল হওয়া,/glˈimɪŋ/,"If we act now, we can gleaming this matter.",এখন পদক্ষেপ নিলে আমরা বিষয়টি উজ্্বল হওয়া করতে পারবো।,Medium,IELTS Band 6-7,verb,Complex,Present Simple
Glimpse,এক নজরে দেখা,/glˈɪmps/,The article discusses the glimpse in great detail.,প্রবন্ধটিতে এক নজরে দেখা নিয়ে বিস্তারিত আলোচনা করা হয়েছে।,Medium,IELTS Band 6-7,noun,Simple,Present Simple
Glitches,ত্রুটি,/glˈɪtʃɪz/,Scientists are still examining the glitches closely.,বিজ্ঞানীরা এখনো ত্রুটি খুব কাছ থেকে পর্যবেক্ষণ করছেন।,Medium,IELTS Band 6-7,noun,Simple,Present Continuous
Global,বিশ্বব্যাপী,/glˈoʊbʌl/,The area has become increasingly global in recent years.,সাম্প্রতিক বছরগুলোতে এলাকাটি ক্রমশ বিশ্বব্যাপী হয়ে উঠেছে।,Easy,IELTS Band 5-6,adjective,Simple,Present Perfect
glorified,মহিমান্বিত করা,/glˈɔrʌfaɪd/,They glorified this issue every single day.,তারা প্রতিদিন এই বিষয়টি মহিমান্বিত করে।,Medium,IELTS Band 6-7,verb,Simple,Present Simple
Golden age,স্বর্ণযুগ,,"Although the golden age seemed minor, it changed everything.","যদিও স্বর্ণযুগ বিষয়টি সামান্য মনে হয়েছিল, এটি সবকিছু বদলে দিয়েছিল।",Hard,IELTS Band 7-9,noun,Complex,Past Simple
Goods,মাল,/gˈʊdz/,Every student should understand the goods before the exam.,পরীক্ষার আগে প্রতিটি শিক্ষার্থীর মাল সম্পর্কে বোঝা উচিত।,Easy,IELTS Band 5-6,noun,Simple,Present Simple
Graduating,উন্নতি করা,/grˈædʒʌweɪtɪŋ/,"If we act now, we can graduating this matter.",এখন পদক্ষেপ নিলে আমরা বিষয়টি উন্নতি করতে পারবো।,Hard,IELTS Band 7-9,verb,Complex,Present Simple
Grant,অনুদান,/grˈænt/,Most experts consider this method quite grant.,বেশিরভাগ বিশেষজ্ঞ এই পদ্ধতিটিকে বেশ অনুদান মনে করেন।,Easy,IELTS Band 5-6,adjective,Simple,Present Simple
Grasp,উপলব্ধি,/grˈæsp/,The article discusses the grasp in great detail.,প্রবন্ধটিতে উপলব্ধি নিয়ে বিস্তারিত আলোচনা করা হয়েছে।,Easy,IELTS Band 5-6,noun,Simple,Present Simple
Gratitude,কৃতজ্ঞতা,/grˈætʌtud/,Scientists are still examining the gratitude closely.,বিজ্ঞানীরা এখনো কৃতজ্ঞতা খুব কাছ থেকে পর্যবেক্ষণ করছেন।,Hard,IELTS Band 7-9,noun,Simple,Present Continuous
grave,গুরুতর,/grˈeɪv/,The grave was clearly explained in the report.,প্রতিবেদনে গুরুতর বিষয়টি স্পষ্টভাবে ব্যাখ্যা করা হয়েছিল।,Easy,IELTS Band 5-6,noun,Simple,Past Simple
Greetings cards,শুভেচ্ছা কার্ড -,,Researchers have studied this greetings cards for many years.,গবেষকরা বহু বছর ধরে এই শুভেচ্ছা কার্ড - নিয়ে গবেষণা করেছেন।,Hard,IELTS Band 7-9,noun,Simple,Present Perfect
grooved,খাঁজ কাটা,,Experts have grooveded this issue for decades.,বিশেষজ্ঞরা কয়েক দশক ধরে এই বিষয়টি খাঁজ কাটা করে আসছেন।,Medium,IELTS Band 6-7,verb,Simple,Present Perfect
Grounds,মাঠ,/grˈaʊndz/,Every student should understand the grounds before the exam.,পরীক্ষার আগে প্রতিটি শিক্ষার্থীর মাঠ সম্পর্কে বোঝা উচিত।,Medium,IELTS Band 6-7,noun,Simple,Present Simple
Gruesome,ভয়ঙ্কর,/grˈusʌm/,The gruesome will play a major role in the final decision.,চূড়ান্ত সিদ্ধান্তে ভয়ঙ্কর বড় ভূমিকা রাখবে।,Medium,IELTS Band 6-7,noun,Simple,Future Simple
Guidance,নির্দেশনা,/gˈaɪdʌns/,"Because of the guidance, the whole plan had to change.",নির্দেশনা-এর কারণে পুরো পরিকল্পনা বদলাতে হয়েছিল।,Medium,IELTS Band 6-7,noun,Complex,Past Simple
gut,অন্ত্র/সাহস,/gˈʌt/,The article discusses the gut in great detail.,প্রবন্ধটিতে অন্ত্র/সাহস নিয়ে বিস্তারিত আলোচনা করা হয়েছে।,Easy,IELTS Band 5-6,noun,Simple,Present Simple
Habitat,বাসস্থান,/hˈæbʌtæt/,Scientists are still examining the habitat closely.,বিজ্ঞানীরা এখনো বাসস্থান খুব কাছ থেকে পর্যবেক্ষণ করছেন।,Medium,IELTS Band 6-7,noun,Simple,Present Continuous
habitats,বাসস্থান,/hˈæbʌtæts/,The habitats was clearly explained in the report.,প্রতিবেদনে বাসস্থান বিষয়টি স্পষ্টভাবে ব্যাখ্যা করা হয়েছিল।,Medium,IELTS Band 6-7,noun,Simple,Past Simple
hampered,ব্যাহত করা/ গতিরোধ করা,/hˈæmpɜrd/,Experts have hampereded this issue for decades.,বিশেষজ্ঞরা কয়েক দশক ধরে এই বিষয়টি ব্যাহত করা/ গতিরোধ করে আসছেন।,Medium,IELTS Band 6-7,verb,Simple,Present Perfect
Hand-over,হস্তান্তর,,"Although the hand-over seemed minor, it changed everything.","যদিও হস্তান্তর বিষয়টি সামান্য মনে হয়েছিল, এটি সবকিছু বদলে দিয়েছিল।",Medium,IELTS Band 6-7,noun,Complex,Past Simple
Handful,অল্প পরিমাণ,/hˈændfʊl/,"Because the situation was so handful, everyone took notice.",পরিস্থিতিটি এতটাই অল্প পরিমাণ ছিল যে সবাই লক্ষ্য করেছিল।,Medium,IELTS Band 6-7,adjective,Complex,Past Simple
Handicaps,অপূর্ণতা,/hˈændikæps/,The handicaps will play a major role in the final decision.,চূড়ান্ত সিদ্ধান্তে অপূর্ণতা বড় ভূমিকা রাখবে।,Medium,IELTS Band 6-7,noun,Simple,Future Simple
Haphazard,আকস্মিক,/hæphˈæzɜrd/,"Because of the haphazard, the whole plan had to change.",আকস্মিক-এর কারণে পুরো পরিকল্পনা বদলাতে হয়েছিল।,Medium,IELTS Band 6-7,noun,Complex,Past Simple
Harbor,পোতাশ্রয়,/hˈɑrbɜr/,The article discusses the harbor in great detail.,প্রবন্ধটিতে পোতাশ্রয় নিয়ে বিস্তারিত আলোচনা করা হয়েছে।,Easy,IELTS Band 5-6,noun,Simple,Present Simple
hardships,কষ্ট/ অসচ্ছলতা,/hˈɑrdʃɪps/,Scientists are still examining the hardships closely.,বিজ্ঞানীরা এখনো কষ্ট/ অসচ্ছলতা খুব কাছ থেকে পর্যবেক্ষণ করছেন।,Medium,IELTS Band 6-7,noun,Simple,Present Continuous
Harmless,নিরীহ,/hˈɑrmlʌs/,The area has become increasingly harmless in recent years.,সাম্প্রতিক বছরগুলোতে এলাকাটি ক্রমশ নিরীহ হয়ে উঠেছে।,Medium,IELTS Band 6-7,adjective,Simple,Present Perfect
Harness,জুড়া,/hˈɑrnʌs/,Researchers have studied this harness for many years.,গবেষকরা বহু বছর ধরে এই জুড়া নিয়ে গবেষণা করেছেন।,Medium,IELTS Band 6-7,noun,Simple,Present Perfect
Harvested,শস্য সংগ্রহ করা,/hˈɑrvʌstɪd/,The team is harvesteding new ways to solve it.,দলটি এটি সমাধানের নতুন উপায় শস্য সংগ্রহ করছে।,Medium,IELTS Band 6-7,verb,Simple,Present Continuous
Hated,ঘৃণিত,/hˈeɪtʌd/,"Next year, the company will hated this plan.",আগামী বছর কোম্পানিটি এই পরিকল্পনা ঘৃণিত করবে।,Easy,IELTS Band 5-6,verb,Simple,Future Simple
Haulage,মাল বহনের ভাড়া,/hˈɔlʌdʒ/,The haulage will play a major role in the final decision.,চূড়ান্ত সিদ্ধান্তে মাল বহনের ভাড়া বড় ভূমিকা রাখবে।,Medium,IELTS Band 6-7,noun,Simple,Future Simple
Hauled,টান,/hˈɔld/,They hauled this issue every single day.,তারা প্রতিদিন এই বিষয়টি টান করে।,Easy,IELTS Band 5-6,verb,Simple,Present Simple
Hazard,বিপত্তি,/hˈæzɜrd/,The article discusses the hazard in great detail.,প্রবন্ধটিতে বিপত্তি নিয়ে বিস্তারিত আলোচনা করা হয়েছে।,Easy,IELTS Band 5-6,noun,Simple,Present Simple
Healing,নিরাময়,/hˈilɪŋ/,Experts have healinged this issue for decades.,বিশেষজ্ঞরা কয়েক দশক ধরে এই বিষয়টি নিরাময় করে আসছেন।,Medium,IELTS Band 6-7,verb,Simple,Present Perfect
Healthier,স্বাস্থ্যকর,/hˈɛlθiɜr/,The healthier was clearly explained in the report.,প্রতিবেদনে স্বাস্থ্যকর বিষয়টি স্পষ্টভাবে ব্যাখ্যা করা হয়েছিল।,Medium,IELTS Band 6-7,noun,Simple,Past Simple
heavy-duty,শক্তিশালী/দীর্ঘমেয়াদি,,Researchers have studied this heavy-duty for many years.,গবেষকরা বহু বছর ধরে এই শক্তিশালী/দীর্ঘমেয়াদি নিয়ে গবেষণা করেছেন।,Hard,IELTS Band 7-9,noun,Simple,Present Perfect
Heredity,উত্তরাধিকার সূত্রে প্রাপ্ত,/hɜrˈɛdʌti/,"Although the heredity seemed minor, it changed everything.","যদিও উত্তরাধিকার সূত্রে প্রাপ্ত বিষয়টি সামান্য মনে হয়েছিল, এটি সবকিছু বদলে দিয়েছিল।",Medium,IELTS Band 6-7,noun,Complex,Past Simple
Hidden,লুকানো,/hˈɪdʌn/,"Because they hiddened early, the project succeeded.","যেহেতু তারা আগেই লুকানো করেছিল, প্রকল্পটি সফল হয়েছিল।",Easy,IELTS Band 5-6,verb,Complex,Past Simple
Hierarchies,ক্রমোচ্চ শ্রেণিবিভাগ,/hˈaɪrɑrkiz/,The hierarchies will play a major role in the final decision.,চূড়ান্ত সিদ্ধান্তে ক্রমোচ্চ শ্রেণিবিভাগ বড় ভূমিকা রাখবে।,Hard,IELTS Band 7-9,noun,Simple,Future Simple
Hierarchy,অনুক্রম,/hˈaɪɜrɑrki/,"Because of the hierarchy, the whole plan had to change.",অনুক্রম-এর কারণে পুরো পরিকল্পনা বদলাতে হয়েছিল।,Medium,IELTS Band 6-7,noun,Complex,Past Simple
Highlight,গুরুত্ব আরোপ করা,/hˈaɪlaɪt/,The article discusses the highlight in great detail.,প্রবন্ধটিতে গুরুত্ব আরোপ করা নিয়ে বিস্তারিত আলোচনা করা হয়েছে।,Medium,IELTS Band 6-7,noun,Simple,Present Simple
Highly,অত্যন্ত,/hˈaɪli/,"Because she worked highly, she finished on time.",সে অত্যন্ত কাজ করেছিল বলে সময়মতো শেষ করতে পেরেছিল।,Easy,IELTS Band 5-6,adverb,Complex,Past Simple
hike,রি র হাঁটা,/hˈaɪk/,The hike was clearly explained in the report.,প্রতিবেদনে রি র হাঁটা বিষয়টি স্পষ্টভাবে ব্যাখ্যা করা হয়েছিল।,Easy,IELTS Band 5-6,noun,Simple,Past Simple
Hiking,দীর্ঘ পদচারণা করার কার্যকলাপ,/hˈaɪkɪŋ/,"Next year, the company will hiking this plan.",আগামী বছর কোম্পানিটি এই পরিকল্পনা দীর্ঘ পদচারণা করার কার্যকলাপ করবে।,Easy,IELTS Band 5-6,verb,Simple,Future Simple
Hillside,পর্বতের ঢালু গাত্র,/hˈɪlsaɪd/,"Although the hillside seemed minor, it changed everything.","যদিও পর্বতের ঢালু গাত্র বিষয়টি সামান্য মনে হয়েছিল, এটি সবকিছু বদলে দিয়েছিল।",Medium,IELTS Band 6-7,noun,Complex,Past Simple
Holes,গর্ত,/hˈoʊlz/,Every student should understand the holes before the exam.,পরীক্ষার আগে প্রতিটি শিক্ষার্থীর গর্ত সম্পর্কে বোঝা উচিত।,Easy,IELTS Band 5-6,noun,Simple,Present Simple
hooked,আসক্ত,/hˈʊkt/,She hookeded the problem before anyone noticed.,কেউ লক্ষ্য করার আগেই সে সমস্যাটি আসক্ত করেছিল।,Easy,IELTS Band 5-6,verb,Simple,Past Simple
Horizon,দিগন্ত,/hɜrˈaɪzʌn/,"Because of the horizon, the whole plan had to change.",দিগন্ত-এর কারণে পুরো পরিকল্পনা বদলাতে হয়েছিল।,Medium,IELTS Band 6-7,noun,Complex,Past Simple
Horizontal,অনুভূমিক,/hɔrʌzˈɑntʌl/,"Although it looked horizontal, the plan actually worked.","যদিও এটি অনুভূমিক মনে হয়েছিল, পরিকল্পনাটি আসলে কাজ করেছিল।",Hard,IELTS Band 7-9,adjective,Complex,Past Simple
horizontals,অনুভূমিক,,Scientists are still examining the horizontals closely.,বিজ্ঞানীরা এখনো অনুভূমিক খুব কাছ থেকে পর্যবেক্ষণ করছেন।,Hard,IELTS Band 7-9,noun,Simple,Present Continuous
hostage,জিম্মি/ প্রতিভূ,/hˈɑstɪdʒ/,The hostage was clearly explained in the report.,প্রতিবেদনে জিম্মি/ প্রতিভূ বিষয়টি স্পষ্টভাবে ব্যাখ্যা করা হয়েছিল।,Medium,IELTS Band 6-7,noun,Simple,Past Simple
Hugely,অত্যন্ত,/hjˈudʒli/,The plan was hugely rejected by the committee.,পরিকল্পনাটি কমিটি অত্যন্ত প্রত্যাখ্যান করেছিল।,Easy,IELTS Band 5-6,adverb,Simple,Past Simple
Humanistic,মনুষ্য সংক্রান্ত,/hjumʌnˈɪstɪk/,The result was extremely humanistic.,ফলাফলটি অত্যন্ত মনুষ্য সংক্রান্ত ছিল।,Hard,IELTS Band 7-9,adjective,Simple,Past Simple
Humanity,মানবতা/মনুষ্যজাতি,/hjumˈænɪti/,Every student should understand the humanity before the exam.,পরীক্ষার আগে প্রতিটি শিক্ষার্থীর মানবতা/মনুষ্যজাতি সম্পর্কে বোঝা উচিত।,Medium,IELTS Band 6-7,noun,Simple,Present Simple
Humour,মেজাজ,/hjˈumɜr/,The humour will play a major role in the final decision.,চূড়ান্ত সিদ্ধান্তে মেজাজ বড় ভূমিকা রাখবে।,Easy,IELTS Band 5-6,noun,Simple,Future Simple
Humpback,কুজো,/hˈʌmpbæk/,"Because of the humpback, the whole plan had to change.",কুজো-এর কারণে পুরো পরিকল্পনা বদলাতে হয়েছিল।,Medium,IELTS Band 6-7,noun,Complex,Past Simple
Hunch,দলা/পিপ্,/hˈʌntʃ/,The article discusses the hunch in great detail.,প্রবন্ধটিতে দলা/পিপ্ নিয়ে বিস্তারিত আলোচনা করা হয়েছে।,Easy,IELTS Band 5-6,noun,Simple,Present Simple
Hurdle,বাধা,/hˈɜrdʌl/,Scientists are still examining the hurdle closely.,বিজ্ঞানীরা এখনো বাধা খুব কাছ থেকে পর্যবেক্ষণ করছেন।,Easy,IELTS Band 5-6,noun,Simple,Present Continuous
Hybrid,হাইব্রিড,/hˈaɪbrʌd/,The hybrid was clearly explained in the report.,প্রতিবেদনে হাইব্রিড বিষয়টি স্পষ্টভাবে ব্যাখ্যা করা হয়েছিল।,Easy,IELTS Band 5-6,noun,Simple,Past Simple
Hydraulic,জলবাহী,/haɪdrˈɔlɪk/,It is hydraulic to prepare well before the test.,পরীক্ষার আগে ভালোভাবে প্রস্তুতি নেওয়া জলবাহী।,Medium,IELTS Band 6-7,adjective,Simple,Present Simple
hydrothermal,হাইদ্রোথার্মাল,/haɪdroʊθˈɜrmʌl/,"Although it looked hydrothermal, the plan actually worked.","যদিও এটি হাইদ্রোথার্মাল মনে হয়েছিল, পরিকল্পনাটি আসলে কাজ করেছিল।",Hard,IELTS Band 7-9,adjective,Complex,Past Simple
Identical,অভিন্ন,/aɪdˈɛntɪkʌl/,Most experts consider this method quite identical.,বেশিরভাগ বিশেষজ্ঞ এই পদ্ধতিটিকে বেশ অভিন্ন মনে করেন।,Hard,IELTS Band 7-9,adjective,Simple,Present Simple
Identification,শনাক্তকরণ,/aɪdɛntʌfʌkˈeɪʃʌn/,The identification will play a major role in the final decision.,চূড়ান্ত সিদ্ধান্তে শনাক্তকরণ বড় ভূমিকা রাখবে।,Hard,IELTS Band 7-9,noun,Simple,Future Simple
Ignore,উপেক্ষা করা,/ɪgnˈɔr/,"Because of the ignore, the whole plan had to change.",উপেক্ষা করা-এর কারণে পুরো পরিকল্পনা বদলাতে হয়েছিল।,Medium,IELTS Band 6-7,noun,Complex,Past Simple
Illegally,অবৈধভাবে,/ɪlˈigʌli/,He illegally explains difficult topics in class.,সে ক্লাসে কঠিন বিষয়গুলো অবৈধভাবে ব্যাখ্যা করে।,Medium,IELTS Band 6-7,adverb,Simple,Present Simple
Imaginative,কল্পনাপ্রবণ,/ɪmˈædʒʌnʌtɪv/,It is imaginative to prepare well before the test.,পরীক্ষার আগে ভালোভাবে প্রস্তুতি নেওয়া কল্পনাপ্রবণ।,Hard,IELTS Band 7-9,adjective,Simple,Present Simple
Imaginatively,কল্পনাপ্রসূত,/ɪmˈædʒʌnʌtɪvli/,She answered the question imaginatively.,সে কল্পনাপ্রসূত প্রশ্নের উত্তর দিয়েছিল।,Hard,IELTS Band 7-9,adverb,Simple,Past Simple
Imitations,অনুকরণ,/ɪmɪtˈeɪʃʌnz/,Researchers have studied this imitations for many years.,গবেষকরা বহু বছর ধরে এই অনুকরণ নিয়ে গবেষণা করেছেন।,Hard,IELTS Band 7-9,noun,Simple,Present Perfect
Immediate,তাৎক্ষণিক,/ɪmˈidiʌt/,Experts have immediated this issue for decades.,বিশেষজ্ঞরা কয়েক দশক ধরে এই বিষয়টি তাৎক্ষণিক করে আসছেন।,Hard,IELTS Band 7-9,verb,Simple,Present Perfect
Immediately,অবিলম্ষে,/ɪmˈidiʌtli/,"Because she worked immediately, she finished on time.",সে অবিলম্ষে কাজ করেছিল বলে সময়মতো শেষ করতে পেরেছিল।,Hard,IELTS Band 7-9,adverb,Complex,Past Simple
Immensely,ব্যাপকভাবে,/ɪmˈɛnsli/,She answered the question immensely.,সে ব্যাপকভাবে প্রশ্নের উত্তর দিয়েছিল।,Medium,IELTS Band 6-7,adverb,Simple,Past Simple
Immortal,অমর,/ɪmˈɔrtʌl/,It is immortal to prepare well before the test.,পরীক্ষার আগে ভালোভাবে প্রস্তুতি নেওয়া অমর।,Medium,IELTS Band 6-7,adjective,Simple,Present Simple
Impediments,প্রতিবন্ধক,/ɪmpˈɛdʌmʌnts/,The article discusses the impediments in great detail.,প্রবন্ধটিতে প্রতিবন্ধক নিয়ে বিস্তারিত আলোচনা করা হয়েছে।,Hard,IELTS Band 7-9,noun,Simple,Present Simple
impenetrable,দুর্ভেদ্য,/ɪmpˈɛnʌtrʌbʌl/,Most experts consider this method quite impenetrable.,বেশিরভাগ বিশেষজ্ঞ এই পদ্ধতিটিকে বেশ দুর্ভেদ্য মনে করেন।,Hard,IELTS Band 7-9,adjective,Simple,Present Simple
Implementation,বাস্তবায়ন,/ɪmplʌmɛntˈeɪʃʌn/,The implementation was clearly explained in the report.,প্রতিবেদনে বাস্তবায়ন বিষয়টি স্পষ্টভাবে ব্যাখ্যা করা হয়েছিল।,Hard,IELTS Band 7-9,noun,Simple,Past Simple
Implication,অর্থপ্রকাশ/ইিত/দ্যোতনা,/ɪmplʌkˈeɪʃʌn/,Researchers have studied this implication for many years.,গবেষকরা বহু বছর ধরে এই অর্থপ্রকাশ/ইিত/দ্যোতনা নিয়ে গবেষণা করেছেন।,Hard,IELTS Band 7-9,noun,Simple,Present Perfect
Implies,অর্থপ্রকাশ করা,/ɪmplˈaɪz/,"Although the implies seemed minor, it changed everything.","যদিও অর্থপ্রকাশ করা বিষয়টি সামান্য মনে হয়েছিল, এটি সবকিছু বদলে দিয়েছিল।",Medium,IELTS Band 6-7,noun,Complex,Past Simple
Imply,বোঝানো,/ɪmplˈaɪ/,"Because she worked imply, she finished on time.",সে বোঝানো কাজ করেছিল বলে সময়মতো শেষ করতে পেরেছিল।,Easy,IELTS Band 5-6,adverb,Complex,Past Simple
Imposed,আরোপিত,/ɪmpˈoʊzd/,"Next year, the company will imposed this plan.",আগামী বছর কোম্পানিটি এই পরিকল্পনা আরোপিত করবে।,Medium,IELTS Band 6-7,verb,Simple,Future Simple
Impossible,অসম্ভব,/ɪmpˈɑsʌbʌl/,Most experts consider this method quite impossible.,বেশিরভাগ বিশেষজ্ঞ এই পদ্ধতিটিকে বেশ অসম্ভব মনে করেন।,Hard,IELTS Band 7-9,adjective,Simple,Present Simple
Impression,ছাপ,/ɪmprˈɛʃʌn/,The article discusses the impression in great detail.,প্রবন্ধটিতে ছাপ নিয়ে বিস্তারিত আলোচনা করা হয়েছে।,Hard,IELTS Band 7-9,noun,Simple,Present Simple
Impressionist,প্রতীতিবাদী,/ɪmprˈɛʃʌnʌst/,Scientists are still examining the impressionist closely.,বিজ্ঞানীরা এখনো প্রতীতিবাদী খুব কাছ থেকে পর্যবেক্ষণ করছেন।,Hard,IELTS Band 7-9,noun,Simple,Present Continuous
Impressively,আকর্ষণীয়,/ɪmprˈɛsɪvli/,She answered the question impressively.,সে আকর্ষণীয় প্রশ্নের উত্তর দিয়েছিল।,Hard,IELTS Band 7-9,adverb,Simple,Past Simple
impulses,আবেগ/প্রেরণা,/ˈɪmpʌlsɪz/,Researchers have studied this impulses for many years.,গবেষকরা বহু বছর ধরে এই আবেগ/প্রেরণা নিয়ে গবেষণা করেছেন।,Medium,IELTS Band 6-7,noun,Simple,Present Perfect
In-depth,গভীরভাবে,/ɪndˈɛpθ/,"Although the in-depth seemed minor, it changed everything.","যদিও গভীরভাবে বিষয়টি সামান্য মনে হয়েছিল, এটি সবকিছু বদলে দিয়েছিল।",Medium,IELTS Band 6-7,noun,Complex,Past Simple
Inability,অক্ষমতা,/ɪnʌbˈɪlɪti/,Every student should understand the inability before the exam.,পরীক্ষার আগে প্রতিটি শিক্ষার্থীর অক্ষমতা সম্পর্কে বোঝা উচিত।,Hard,IELTS Band 7-9,noun,Simple,Present Simple
Inaccurate,বেঠিক,/ɪnˈækjɜrʌt/,"Because they inaccurated early, the project succeeded.","যেহেতু তারা আগেই বেঠিক করেছিল, প্রকল্পটি সফল হয়েছিল।",Hard,IELTS Band 7-9,verb,Complex,Past Simple
Inactivated,নিক্রিয়,/ɪnˈæktɪveɪtɪd/,They inactivated this issue every single day.,তারা প্রতিদিন এই বিষয়টি নিক্রিয় করে।,Hard,IELTS Band 7-9,verb,Simple,Present Simple
Inadequacy,অভাব,/ɪnˈædɪkwʌsi/,The article discusses the inadequacy in great detail.,প্রবন্ধটিতে অভাব নিয়ে বিস্তারিত আলোচনা করা হয়েছে।,Hard,IELTS Band 7-9,noun,Simple,Present Simple
inadvertently,অসাবধানতাবশত,/ɪnʌdvˈɜrtʌntli/,"Because she worked inadvertently, she finished on time.",সে অসাবধানতাবশত কাজ করেছিল বলে সময়মতো শেষ করতে পেরেছিল।,Hard,IELTS Band 7-9,adverb,Complex,Past Simple
Inadvisable,অযৌক্তিক,/ɪnʌdvˈaɪzʌbʌl/,"Although it looked inadvisable, the plan actually worked.","যদিও এটি অযৌক্তিক মনে হয়েছিল, পরিকল্পনাটি আসলে কাজ করেছিল।",Hard,IELTS Band 7-9,adjective,Complex,Past Simple
Inappropriate,অনুপযুক্ত,/ɪnʌprˈoʊpriɪt/,The team is inappropriating new ways to solve it.,দলটি এটি সমাধানের নতুন উপায় অনুপযুক্ত করছে।,Hard,IELTS Band 7-9,verb,Simple,Present Continuous
Inaugurated,উদ্বোধন,/ɪnˈɔgɜreɪtɪd/,"Next year, the company will inaugurated this plan.",আগামী বছর কোম্পানিটি এই পরিকল্পনা উদ্বোধন করবে।,Hard,IELTS Band 7-9,verb,Simple,Future Simple
Incentive,প্রেরণা,/ɪnsˈɛntɪv/,"Because the situation was so incentive, everyone took notice.",পরিস্থিতিটি এতটাই প্রেরণা ছিল যে সবাই লক্ষ্য করেছিল।,Hard,IELTS Band 7-9,adjective,Complex,Past Simple
Incidentally,ঘটনাক্রমে,/ɪnsɪdˈɛntʌli/,She answered the question incidentally.,সে ঘটনাক্রমে প্রশ্নের উত্তর দিয়েছিল।,Hard,IELTS Band 7-9,adverb,Simple,Past Simple
Include GIS,করা,,"Because of the include gis, the whole plan had to change.",করা-এর কারণে পুরো পরিকল্পনা বদলাতে হয়েছিল।,Hard,IELTS Band 7-9,noun,Complex,Past Simple
Income,আয়,/ˈɪnkʌm/,The article discusses the income in great detail.,প্রবন্ধটিতে আয় নিয়ে বিস্তারিত আলোচনা করা হয়েছে।,Medium,IELTS Band 6-7,noun,Simple,Present Simple
Incompetent,অযোগ্য,/ɪnkˈɑmpʌtʌnt/,Most experts consider this method quite incompetent.,বেশিরভাগ বিশেষজ্ঞ এই পদ্ধতিটিকে বেশ অযোগ্য মনে করেন।,Hard,IELTS Band 7-9,adjective,Simple,Present Simple
Incongruity,অসমতা,/ɪŋkɔŋrˈuɪti/,The incongruity was clearly explained in the report.,প্রতিবেদনে অসমতা বিষয়টি স্পষ্টভাবে ব্যাখ্যা করা হয়েছিল।,Hard,IELTS Band 7-9,noun,Simple,Past Simple
Incubation feel,তা দেওয়া,,Researchers have studied this incubation feel for many years.,গবেষকরা বহু বছর ধরে এই তা দেওয়া নিয়ে গবেষণা করেছেন।,Hard,IELTS Band 7-9,noun,Simple,Present Perfect
Indefinitely,অনির্দিষ্টকালের জন্য,/ɪndˈɛfʌnʌtli/,He indefinitely explains difficult topics in class.,সে ক্লাসে কঠিন বিষয়গুলো অনির্দিষ্টকালের জন্য ব্যাখ্যা করে।,Hard,IELTS Band 7-9,adverb,Simple,Present Simple
Indicating,সূচক,/ˈɪndʌkeɪtɪŋ/,They indicating this issue every single day.,তারা প্রতিদিন এই বিষয়টি সূচক করে।,Hard,IELTS Band 7-9,verb,Simple,Present Simple
Induce,প্ররোচিত করা,/ɪndˈus/,The induce will play a major role in the final decision.,চূড়ান্ত সিদ্ধান্তে প্ররোচিত করা বড় ভূমিকা রাখবে।,Medium,IELTS Band 6-7,noun,Simple,Future Simple
Indulgent,প্রশ্রয়দাতা,/ɪndˈʌldʒʌnt/,Most experts consider this method quite indulgent.,বেশিরভাগ বিশেষজ্ঞ এই পদ্ধতিটিকে বেশ প্রশ্রয়দাতা মনে করেন।,Medium,IELTS Band 6-7,adjective,Simple,Present Simple
Ineffective,অকার্যকর,/ɪnɪfˈɛktɪv/,The area has become increasingly ineffective in recent years.,সাম্প্রতিক বছরগুলোতে এলাকাটি ক্রমশ অকার্যকর হয়ে উঠেছে।,Hard,IELTS Band 7-9,adjective,Simple,Present Perfect
Infant,শিশু,/ˈɪnfʌnt/,"Because the situation was so infant, everyone took notice.",পরিস্থিতিটি এতটাই শিশু ছিল যে সবাই লক্ষ্য করেছিল।,Easy,IELTS Band 5-6,adjective,Complex,Past Simple
Inferred,অনুমিত,/ɪnfˈɜrd/,"Next year, the company will inferred this plan.",আগামী বছর কোম্পানিটি এই পরিকল্পনা অনুমিত করবে।,Medium,IELTS Band 6-7,verb,Simple,Future Simple
inflicted,প্ররোচিত,/ɪnflˈɪktɪd/,"Because they inflicteded early, the project succeeded.","যেহেতু তারা আগেই প্ররোচিত করেছিল, প্রকল্পটি সফল হয়েছিল।",Medium,IELTS Band 6-7,verb,Complex,Past Simple
Influxes,প্রবাহ,,"Although the influxes seemed minor, it changed everything.","যদিও প্রবাহ বিষয়টি সামান্য মনে হয়েছিল, এটি সবকিছু বদলে দিয়েছিল।",Medium,IELTS Band 6-7,noun,Complex,Past Simple
Inform,অবহিত করা,/ɪnfˈɔrm/,Every student should understand the inform before the exam.,পরীক্ষার আগে প্রতিটি শিক্ষার্থীর অবহিত করা সম্পর্কে বোঝা উচিত।,Easy,IELTS Band 5-6,noun,Simple,Present Simple
Informed,অবহিত,/ɪnfˈɔrmd/,Experts have informeded this issue for decades.,বিশেষজ্ঞরা কয়েক দশক ধরে এই বিষয়টি অবহিত করে আসছেন।,Medium,IELTS Band 6-7,verb,Simple,Present Perfect
Infrequent,বিরল,/ɪnfrˈikwʌnt/,"Because the situation was so infrequent, everyone took notice.",পরিস্থিতিটি এতটাই বিরল ছিল যে সবাই লক্ষ্য করেছিল।,Hard,IELTS Band 7-9,adjective,Complex,Past Simple
Ingenious,মেধাবী,/ɪndʒˈinjʌs/,The result was extremely ingenious.,ফলাফলটি অত্যন্ত মেধাবী ছিল।,Medium,IELTS Band 6-7,adjective,Simple,Past Simple
Inhabitants,বাসিন্দা,/ɪnhˈæbʌtʌnts/,Scientists are still examining the inhabitants closely.,বিজ্ঞানীরা এখনো বাসিন্দা খুব কাছ থেকে পর্যবেক্ষণ করছেন।,Hard,IELTS Band 7-9,noun,Simple,Present Continuous
Inhabited,বসবাস করা,/ɪnhˈæbʌtʌd/,"Because they inhabiteded early, the project succeeded.","যেহেতু তারা আগেই বসবাস করেছিল, প্রকল্পটি সফল হয়েছিল।",Hard,IELTS Band 7-9,verb,Complex,Past Simple
Initiated,প্রবর্তিত,/ɪnˈɪʃieɪtʌd/,They initiated this issue every single day.,তারা প্রতিদিন এই বিষয়টি প্রবর্তিত করে।,Hard,IELTS Band 7-9,verb,Simple,Present Simple
Injure,আঘাত করা,/ˈɪndʒɜr/,"Although the injure seemed minor, it changed everything.","যদিও আঘাত করা বিষয়টি সামান্য মনে হয়েছিল, এটি সবকিছু বদলে দিয়েছিল।",Medium,IELTS Band 6-7,noun,Complex,Past Simple
Inland,অন্তর্দেশীয়,/ˈɪnlænd/,Every student should understand the inland before the exam.,পরীক্ষার আগে প্রতিটি শিক্ষার্থীর অন্তর্দেশীয় সম্পর্কে বোঝা উচিত।,Easy,IELTS Band 5-6,noun,Simple,Present Simple
Inner,ভিতরের,/ˈɪnɜr/,The inner will play a major role in the final decision.,চূড়ান্ত সিদ্ধান্তে ভিতরের বড় ভূমিকা রাখবে।,Easy,IELTS Band 5-6,noun,Simple,Future Simple
Innovative,উদ্ভাবনী,/ˈɪnʌveɪtɪv/,It is innovative to prepare well before the test.,পরীক্ষার আগে ভালোভাবে প্রস্তুতি নেওয়া উদ্ভাবনী।,Hard,IELTS Band 7-9,adjective,Simple,Present Simple
Inquiry,অনুসন্ধান,/ɪnkwˈaɪri/,The article discusses the inquiry in great detail.,প্রবন্ধটিতে অনুসন্ধান নিয়ে বিস্তারিত আলোচনা করা হয়েছে।,Medium,IELTS Band 6-7,noun,Simple,Present Simple
Inscribed,খোদাই করা,/ɪnskrˈaɪbd/,"Because they inscribeded early, the project succeeded.","যেহেতু তারা আগেই খোদাই করেছিল, প্রকল্পটি সফল হয়েছিল।",Medium,IELTS Band 6-7,verb,Complex,Past Simple
inscriptions,লিপি,/ɪnskrˈɪpʃʌnz/,The inscriptions was clearly explained in the report.,প্রতিবেদনে লিপি বিষয়টি স্পষ্টভাবে ব্যাখ্যা করা হয়েছিল।,Hard,IELTS Band 7-9,noun,Simple,Past Simple
Insect,পোকা,/ˈɪnsɛkt/,Researchers have studied this insect for many years.,গবেষকরা বহু বছর ধরে এই পোকা নিয়ে গবেষণা করেছেন।,Easy,IELTS Band 5-6,noun,Simple,Present Perfect
Insert,সন্নিবেশ,/ɪnsˈɜrt/,"Although the insert seemed minor, it changed everything.","যদিও সন্নিবেশ বিষয়টি সামান্য মনে হয়েছিল, এটি সবকিছু বদলে দিয়েছিল।",Easy,IELTS Band 5-6,noun,Complex,Past Simple
Inserted,সনিবেশিত,/ɪnsˈɜrtʌd/,"If we act now, we can inserted this matter.",এখন পদক্ষেপ নিলে আমরা বিষয়টি সনিবেশিত করতে পারবো।,Medium,IELTS Band 6-7,verb,Complex,Present Simple
Inside,ভিতরে,/ɪnsˈaɪd/,The inside will play a major role in the final decision.,চূড়ান্ত সিদ্ধান্তে ভিতরে বড় ভূমিকা রাখবে।,Medium,IELTS Band 6-7,noun,Simple,Future Simple
Insight,অন্তদষ্টি,/ˈɪnsaɪt/,"Because of the insight, the whole plan had to change.",অন্তদষ্টি-এর কারণে পুরো পরিকল্পনা বদলাতে হয়েছিল।,Medium,IELTS Band 6-7,noun,Complex,Past Simple
Inspect,পরিদর্শন করা,/ɪnspˈɛkt/,The article discusses the inspect in great detail.,প্রবন্ধটিতে পরিদর্শন করা নিয়ে বিস্তারিত আলোচনা করা হয়েছে।,Medium,IELTS Band 6-7,noun,Simple,Present Simple
Inspection,পরিদর্শন,/ɪnspˈɛkʃʌn/,Scientists are still examining the inspection closely.,বিজ্ঞানীরা এখনো পরিদর্শন খুব কাছ থেকে পর্যবেক্ষণ করছেন।,Hard,IELTS Band 7-9,noun,Simple,Present Continuous
Inspire,অনুপ্রাণিত করা,/ɪnspˈaɪr/,The inspire was clearly explained in the report.,প্রতিবেদনে অনুপ্রাণিত করা বিষয়টি স্পষ্টভাবে ব্যাখ্যা করা হয়েছিল।,Medium,IELTS Band 6-7,noun,Simple,Past Simple
Instances,উপলক্ষ,/ˈɪnstʌnsʌz/,Researchers have studied this instances for many years.,গবেষকরা বহু বছর ধরে এই উপলক্ষ নিয়ে গবেষণা করেছেন।,Medium,IELTS Band 6-7,noun,Simple,Present Perfect
Instinct,প্রবৃত্তি,/ˈɪnstɪŋkt/,"Although the instinct seemed minor, it changed everything.","যদিও প্রবৃত্তি বিষয়টি সামান্য মনে হয়েছিল, এটি সবকিছু বদলে দিয়েছিল।",Medium,IELTS Band 6-7,noun,Complex,Past Simple
Instinctive,স্বভাবজাত,/ɪnstˈɪŋktɪv/,Most experts consider this method quite instinctive.,বেশিরভাগ বিশেষজ্ঞ এই পদ্ধতিটিকে বেশ স্বভাবজাত মনে করেন।,Hard,IELTS Band 7-9,adjective,Simple,Present Simple
Instructions,নির্দেশনা,/ɪnstrˈʌkʃʌnz/,The instructions will play a major role in the final decision.,চূড়ান্ত সিদ্ধান্তে নির্দেশনা বড় ভূমিকা রাখবে।,Hard,IELTS Band 7-9,noun,Simple,Future Simple
Instruments,যন্ত্র,/ˈɪnstrʌmʌnts/,"Because of the instruments, the whole plan had to change.",যন্ত্র-এর কারণে পুরো পরিকল্পনা বদলাতে হয়েছিল।,Hard,IELTS Band 7-9,noun,Complex,Past Simple
Insufficient,অপর্যাপ্ত,/ɪnsʌfˈɪʃʌnt/,The result was extremely insufficient.,ফলাফলটি অত্যন্ত অপর্যাপ্ত ছিল।,Hard,IELTS Band 7-9,adjective,Simple,Past Simple
Insular,দ্বীপবাসী,/ˈɪnsʌlɜr/,Scientists are still examining the insular closely.,বিজ্ঞানীরা এখনো দ্বীপবাসী খুব কাছ থেকে পর্যবেক্ষণ করছেন।,Medium,IELTS Band 6-7,noun,Simple,Present Continuous
Insulation,অন্তরক,/ɪnsʌlˈeɪʃʌn/,The insulation was clearly explained in the report.,প্রতিবেদনে অন্তরক বিষয়টি স্পষ্টভাবে ব্যাখ্যা করা হয়েছিল।,Hard,IELTS Band 7-9,noun,Simple,Past Simple
Insulting,অপমানজনক,/ɪnsˈʌltɪŋ/,"If we act now, we can insulting this matter.",এখন পদক্ষেপ নিলে আমরা বিষয়টি অপমানজনক করতে পারবো।,Medium,IELTS Band 6-7,verb,Complex,Present Simple
Integrate,সম্পূর্ণ করা,/ˈɪntʌgreɪt/,The team is integrating new ways to solve it.,দলটি এটি সমাধানের নতুন উপায় সম্পূর্ণ করছে।,Hard,IELTS Band 7-9,verb,Simple,Present Continuous
intellect,বুদ্ধিবৃত্তি,/ˈɪntʌlɛkt/,Every student should understand the intellect before the exam.,পরীক্ষার আগে প্রতিটি শিক্ষার্থীর বুদ্ধিবৃত্তি সম্পর্কে বোঝা উচিত।,Medium,IELTS Band 6-7,noun,Simple,Present Simple
Intelligible,বোধগম্য,/ɪntˈɛlʌdʒʌbʌl/,The result was extremely intelligible.,ফলাফলটি অত্যন্ত বোধগম্য ছিল।,Hard,IELTS Band 7-9,adjective,Simple,Past Simple
Intend,উদ্দেশ্য,/ɪntˈɛnd/,"Because of the intend, the whole plan had to change.",উদ্দেশ্য-এর কারণে পুরো পরিকল্পনা বদলাতে হয়েছিল।,Easy,IELTS Band 5-6,noun,Complex,Past Simple
Intensity,তীব্রতা,/ɪntˈɛnsʌti/,The article discusses the intensity in great detail.,প্রবন্ধটিতে তীব্রতা নিয়ে বিস্তারিত আলোচনা করা হয়েছে।,Medium,IELTS Band 6-7,noun,Simple,Present Simple
Interaction,মিথক্রিয়া,/ɪntɜrˈækʃʌn/,Scientists are still examining the interaction closely.,বিজ্ঞানীরা এখনো মিথক্রিয়া খুব কাছ থেকে পর্যবেক্ষণ করছেন।,Hard,IELTS Band 7-9,noun,Simple,Present Continuous
Interfere,হস্তক্ষেপ করা,/ɪntɜrfˈɪr/,The interfere was clearly explained in the report.,প্রতিবেদনে হস্তক্ষেপ করা বিষয়টি স্পষ্টভাবে ব্যাখ্যা করা হয়েছিল।,Hard,IELTS Band 7-9,noun,Simple,Past Simple
Interminable,অন্তর্বর্তী,/ɪntˈɜrmʌnʌbʌl/,"Because the situation was so interminable, everyone took notice.",পরিস্থিতিটি এতটাই অন্তর্বর্তী ছিল যে সবাই লক্ষ্য করেছিল।,Hard,IELTS Band 7-9,adjective,Complex,Past Simple
Interpret,ব্যাখ্যা করা,/ɪntˈɜrprʌt/,"Although the interpret seemed minor, it changed everything.","যদিও ব্যাখ্যা করা বিষয়টি সামান্য মনে হয়েছিল, এটি সবকিছু বদলে দিয়েছিল।",Medium,IELTS Band 6-7,noun,Complex,Past Simple
Intervals,বিরতি,/ˈɪntɜrvʌlz/,Every student should understand the intervals before the exam.,পরীক্ষার আগে প্রতিটি শিক্ষার্থীর বিরতি সম্পর্কে বোঝা উচিত।,Medium,IELTS Band 6-7,noun,Simple,Present Simple
Interventions,হস্তক্ষেপ,/ɪntɜrvˈɛnʃʌnz/,The interventions will play a major role in the final decision.,চূড়ান্ত সিদ্ধান্তে হস্তক্ষেপ বড় ভূমিকা রাখবে।,Hard,IELTS Band 7-9,noun,Simple,Future Simple
Intimate,অন্তরঙ্গ,/ˈɪntʌmʌt/,She intimated the problem before anyone noticed.,কেউ লক্ষ্য করার আগেই সে সমস্যাটি অন্তরঙ্গ করেছিল।,Hard,IELTS Band 7-9,verb,Simple,Past Simple
Intriguing,কৌতুহলী,/ɪntrˈigɪŋ/,Experts have intriguinged this issue for decades.,বিশেষজ্ঞরা কয়েক দশক ধরে এই বিষয়টি কৌতুহলী করে আসছেন।,Hard,IELTS Band 7-9,verb,Simple,Present Perfect
Intrinsic,সহজাত,/ɪntrˈɪnsɪk/,"Because the situation was so intrinsic, everyone took notice.",পরিস্থিতিটি এতটাই সহজাত ছিল যে সবাই লক্ষ্য করেছিল।,Medium,IELTS Band 6-7,adjective,Complex,Past Simple
Intuitive,স্বজ্তাত,/ɪntˈuʌtɪv/,The result was extremely intuitive.,ফলাফলটি অত্যন্ত স্বজ্তাত ছিল।,Hard,IELTS Band 7-9,adjective,Simple,Past Simple
Invader,আক্রমণকারী,/ɪnvˈeɪdɜr/,Researchers have studied this invader for many years.,গবেষকরা বহু বছর ধরে এই আক্রমণকারী নিয়ে গবেষণা করেছেন।,Medium,IELTS Band 6-7,noun,Simple,Present Perfect
Invariably,সর্বদা,/ɪnvˈɛriʌbli/,He invariably explains difficult topics in class.,সে ক্লাসে কঠিন বিষয়গুলো সর্বদা ব্যাখ্যা করে।,Hard,IELTS Band 7-9,adverb,Simple,Present Simple
Invasion,আক্রমণ,/ɪnvˈeɪʒʌn/,Every student should understand the invasion before the exam.,পরীক্ষার আগে প্রতিটি শিক্ষার্থীর আক্রমণ সম্পর্কে বোঝা উচিত।,Medium,IELTS Band 6-7,noun,Simple,Present Simple
Invention,উদ্ভাবন,/ɪnvˈɛnʃʌn/,The invention will play a major role in the final decision.,চূড়ান্ত সিদ্ধান্তে উদ্ভাবন বড় ভূমিকা রাখবে।,Medium,IELTS Band 6-7,noun,Simple,Future Simple
Investigator,তদন্তকারী,/ɪnvˈɛstʌgeɪtɜr/,"Because of the investigator, the whole plan had to change.",তদন্তকারী-এর কারণে পুরো পরিকল্পনা বদলাতে হয়েছিল।,Hard,IELTS Band 7-9,noun,Complex,Past Simple
Investment,বিনিয়োগ,/ɪnvˈɛstmʌnt/,The result was extremely investment.,ফলাফলটি অত্যন্ত বিনিয়োগ ছিল।,Hard,IELTS Band 7-9,adjective,Simple,Past Simple
Invisible,অদৃশ্য,/ɪnvˈɪzʌbʌl/,It is invisible to prepare well before the test.,পরীক্ষার আগে ভালোভাবে প্রস্তুতি নেওয়া অদৃশ্য।,Hard,IELTS Band 7-9,adjective,Simple,Present Simple
Invoice,চালান,/ˈɪnvɔɪs/,The invoice was clearly explained in the report.,প্রতিবেদনে চালান বিষয়টি স্পষ্টভাবে ব্যাখ্যা করা হয়েছিল।,Medium,IELTS Band 6-7,noun,Simple,Past Simple
Involved,জড়িত,/ɪnvˈɑlvd/,"Because they involveded early, the project succeeded.","যেহেতু তারা আগেই জড়িত করেছিল, প্রকল্পটি সফল হয়েছিল।",Medium,IELTS Band 6-7,verb,Complex,Past Simple
Involvement,সম্পৃক্ততা,/ɪnvˈɑlvmʌnt/,The area has become increasingly involvement in recent years.,সাম্প্রতিক বছরগুলোতে এলাকাটি ক্রমশ সম্পৃক্ততা হয়ে উঠেছে।,Hard,IELTS Band 7-9,adjective,Simple,Present Perfect
Involves,জড়িত করা,/ɪnvˈɑlvz/,Every student should understand the involves before the exam.,পরীক্ষার আগে প্রতিটি শিক্ষার্থীর জড়িত করা সম্পর্কে বোঝা উচিত।,Medium,IELTS Band 6-7,noun,Simple,Present Simple
Inward,ভেতরের দিকে,/ˈɪnwɜrd/,The inward will play a major role in the final decision.,চূড়ান্ত সিদ্ধান্তে ভেতরের দিকে বড় ভূমিকা রাখবে।,Easy,IELTS Band 5-6,noun,Simple,Future Simple
Ironically,বিদ্রপাত্মকভাবে,/aɪrˈɑnɪkli/,The plan was ironically rejected by the committee.,পরিকল্পনাটি কমিটি বিদ্রপাত্মকভাবে প্রত্যাখ্যান করেছিল।,Hard,IELTS Band 7-9,adverb,Simple,Past Simple
Irresistible,অপ্রতিরোধ্য,/ɪrɪzˈɪstʌbʌl/,"Although it looked irresistible, the plan actually worked.","যদিও এটি অপ্রতিরোধ্য মনে হয়েছিল, পরিকল্পনাটি আসলে কাজ করেছিল।",Hard,IELTS Band 7-9,adjective,Complex,Past Simple
Irresponsible,দায়িত্বহীন,/ɪrʌspˈɑnsʌbʌl/,Most experts consider this method quite irresponsible.,বেশিরভাগ বিশেষজ্ঞ এই পদ্ধতিটিকে বেশ দায়িত্বহীন মনে করেন।,Hard,IELTS Band 7-9,adjective,Simple,Present Simple
Irritate,বিরক্ত করা,/ˈɪrɪteɪt/,"Because they irritated early, the project succeeded.","যেহেতু তারা আগেই বিরক্ত করেছিল, প্রকল্পটি সফল হয়েছিল।",Hard,IELTS Band 7-9,verb,Complex,Past Simple
Irritated,বিরক্ত,/ˈɪrʌteɪtʌd/,They irritated this issue every single day.,তারা প্রতিদিন এই বিষয়টি বিরক্ত করে।,Hard,IELTS Band 7-9,verb,Simple,Present Simple
Isolate,বিছিন,/ˈaɪsʌleɪt/,She isolated the problem before anyone noticed.,কেউ লক্ষ্য করার আগেই সে সমস্যাটি বিছিন করেছিল।,Hard,IELTS Band 7-9,verb,Simple,Past Simple
Isolated,ভিন্ন,/ˈaɪsʌleɪtʌd/,Experts have isolateded this issue for decades.,বিশেষজ্ঞরা কয়েক দশক ধরে এই বিষয়টি ভিন্ন করে আসছেন।,Hard,IELTS Band 7-9,verb,Simple,Present Perfect
Issues,বিষয়,/ˈɪʃuz/,The issues will play a major role in the final decision.,চূড়ান্ত সিদ্ধান্তে বিষয় বড় ভূমিকা রাখবে।,Easy,IELTS Band 5-6,noun,Simple,Future Simple
Judicious,বিচক্ষণ,/dʒudˈɪʃʌs/,Most experts consider this method quite judicious.,বেশিরভাগ বিশেষজ্ঞ এই পদ্ধতিটিকে বেশ বিচক্ষণ মনে করেন।,Medium,IELTS Band 6-7,adjective,Simple,Present Simple
Junction,সংযোগস্থল,/dʒˈʌŋkʃʌn/,The article discusses the junction in great detail.,প্রবন্ধটিতে সংযোগস্থল নিয়ে বিস্তারিত আলোচনা করা হয়েছে।,Medium,IELTS Band 6-7,noun,Simple,Present Simple
Jurisdictions,আইনগত অধিকার,/dʒʊrɪsdˈɪkʃʌnz/,Scientists are still examining the jurisdictions closely.,বিজ্ঞানীরা এখনো আইনগত অধিকার খুব কাছ থেকে পর্যবেক্ষণ করছেন।,Hard,IELTS Band 7-9,noun,Simple,Present Continuous
Justify,ন্যায্যতা প্রমাণ করা,/dʒˈʌstʌfaɪ/,They justify this issue every single day.,তারা প্রতিদিন এই বিষয়টি ন্যায্যতা প্রমাণ করে।,Medium,IELTS Band 6-7,verb,Simple,Present Simple
keep plugging away,পরিশ্রম করা,,Researchers have studied this keep plugging away for many years.,গবেষকরা বহু বছর ধরে এই পরিশ্রম করা নিয়ে গবেষণা করেছেন।,Hard,IELTS Band 7-9,noun,Simple,Present Perfect
knack,কৌশল,/nˈæk/,"Although the knack seemed minor, it changed everything.","যদিও কৌশল বিষয়টি সামান্য মনে হয়েছিল, এটি সবকিছু বদলে দিয়েছিল।",Easy,IELTS Band 5-6,noun,Complex,Past Simple
Knowledgeable,জ্ঞানী,/nˈɑlʌdʒʌbʌl/,Most experts consider this method quite knowledgeable.,বেশিরভাগ বিশেষজ্ঞ এই পদ্ধতিটিকে বেশ জ্ঞানী মনে করেন।,Hard,IELTS Band 7-9,adjective,Simple,Present Simple
Labor,শ্রম,/lˈeɪbɜr/,The labor will play a major role in the final decision.,চূড়ান্ত সিদ্ধান্তে শ্রম বড় ভূমিকা রাখবে।,Easy,IELTS Band 5-6,noun,Simple,Future Simple
laboratory,পরীক্ষাগার,/lˈæbrʌtɔri/,"Because the situation was so laboratory, everyone took notice.",পরিস্থিতিটি এতটাই পরীক্ষাগার ছিল যে সবাই লক্ষ্য করেছিল।,Hard,IELTS Band 7-9,adjective,Complex,Past Simple
Laboriously,শ্রমসাধ্য,/lʌbˈɔriʌsli/,He laboriously explains difficult topics in class.,সে ক্লাসে কঠিন বিষয়গুলো শ্রমসাধ্য ব্যাখ্যা করে।,Hard,IELTS Band 7-9,adverb,Simple,Present Simple
laden,বোঝাই-করা,/lˈeɪdʌn/,They laden this issue every single day.,তারা প্রতিদিন এই বিষয়টি বোঝাই- করে।,Easy,IELTS Band 5-6,verb,Simple,Present Simple
Landscape,প্রাকৃতিক দৃশ্য,/lˈændskeɪp/,The landscape was clearly explained in the report.,প্রতিবেদনে প্রাকৃতিক দৃশ্য বিষয়টি স্পষ্টভাবে ব্যাখ্যা করা হয়েছিল।,Medium,IELTS Band 6-7,noun,Simple,Past Simple
landscapes,প্রাকৃতিক ভূদৃশ্য,/lˈændskeɪps/,Researchers have studied this landscapes for many years.,গবেষকরা বহু বছর ধরে এই প্রাকৃতিক ভূদৃশ্য নিয়ে গবেষণা করেছেন।,Hard,IELTS Band 7-9,noun,Simple,Present Perfect
Largely,মূলত,/lˈɑrdʒli/,He largely explains difficult topics in class.,সে ক্লাসে কঠিন বিষয়গুলো মূলত ব্যাখ্যা করে।,Medium,IELTS Band 6-7,adverb,Simple,Present Simple
Lateness,বিলম্ব,/lˈeɪtnʌs/,Every student should understand the lateness before the exam.,পরীক্ষার আগে প্রতিটি শিক্ষার্থীর বিলম্ব সম্পর্কে বোঝা উচিত।,Medium,IELTS Band 6-7,noun,Simple,Present Simple
Latitudes,প্রসার,/lˈætʌtudz/,The latitudes will play a major role in the final decision.,চূড়ান্ত সিদ্ধান্তে প্রসার বড় ভূমিকা রাখবে।,Hard,IELTS Band 7-9,noun,Simple,Future Simple
Lay,রাখা,/lˈeɪ/,"Because of the lay, the whole plan had to change.",রাখা-এর কারণে পুরো পরিকল্পনা বদলাতে হয়েছিল।,Easy,IELTS Band 5-6,noun,Complex,Past Simple
layers,স্তর,/lˈeɪɜrz/,The article discusses the layers in great detail.,প্রবন্ধটিতে স্তর নিয়ে বিস্তারিত আলোচনা করা হয়েছে।,Easy,IELTS Band 5-6,noun,Simple,Present Simple
Lead,নেতৃত্ব,/lˈɛd/,Scientists are still examining the lead closely.,বিজ্ঞানীরা এখনো নেতৃত্ব খুব কাছ থেকে পর্যবেক্ষণ করছেন।,Easy,IELTS Band 5-6,noun,Simple,Present Continuous
Leadership,নেতৃত্ব,/lˈidɜrʃɪp/,The leadership was clearly explained in the report.,প্রতিবেদনে নেতৃত্ব বিষয়টি স্পষ্টভাবে ব্যাখ্যা করা হয়েছিল।,Hard,IELTS Band 7-9,noun,Simple,Past Simple
Leading,নেতৃস্থ নীয়,/lˈidɪŋ/,"If we act now, we can leading this matter.",এখন পদক্ষেপ নিলে আমরা বিষয়টি নেতৃস্থ নীয় করতে পারবো।,Medium,IELTS Band 6-7,verb,Complex,Present Simple
Leafing,পত্র বাহির হওয়া,/lˈifɪŋ/,The team is leafinging new ways to solve it.,দলটি এটি সমাধানের নতুন উপায় পত্র বাহির হওয়া করছে।,Medium,IELTS Band 6-7,verb,Simple,Present Continuous
Leaflet,প্রচারপত্র,/lˈiflʌt/,Every student should understand the leaflet before the exam.,পরীক্ষার আগে প্রতিটি শিক্ষার্থীর প্রচারপত্র সম্পর্কে বোঝা উচিত।,Medium,IELTS Band 6-7,noun,Simple,Present Simple
Least,সর্বনিম্ন,/lˈist/,The least will play a major role in the final decision.,চূড়ান্ত সিদ্ধান্তে সর্বনিম্ন বড় ভূমিকা রাখবে।,Easy,IELTS Band 5-6,noun,Simple,Future Simple
Ledges,ধাপ,/lˈɛdʒɪz/,"Because of the ledges, the whole plan had to change.",ধাপ-এর কারণে পুরো পরিকল্পনা বদলাতে হয়েছিল।,Easy,IELTS Band 5-6,noun,Complex,Past Simple
Legacy,উত্তরাধিকার,/lˈɛgʌsi/,The article discusses the legacy in great detail.,প্রবন্ধটিতে উত্তরাধিকার নিয়ে বিস্তারিত আলোচনা করা হয়েছে।,Easy,IELTS Band 5-6,noun,Simple,Present Simple
Legal,আইনগত,/lˈigʌl/,"Because the situation was so legal, everyone took notice.",পরিস্থিতিটি এতটাই আইনগত ছিল যে সবাই লক্ষ্য করেছিল।,Easy,IELTS Band 5-6,adjective,Complex,Past Simple
Legend,কিংবদন্তি/উপকথা,/lˈɛdʒʌnd/,The legend was clearly explained in the report.,প্রতিবেদনে কিংবদন্তি/উপকথা বিষয়টি স্পষ্টভাবে ব্যাখ্যা করা হয়েছিল।,Easy,IELTS Band 5-6,noun,Simple,Past Simple
Legendary,কাল্পনিক,/lˈɛdʒʌndɛri/,It is legendary to prepare well before the test.,পরীক্ষার আগে ভালোভাবে প্রস্তুতি নেওয়া কাল্পনিক।,Medium,IELTS Band 6-7,adjective,Simple,Present Simple
Legislation,আইন,/lɛdʒʌslˈeɪʃʌn/,"Although the legislation seemed minor, it changed everything.","যদিও আইন বিষয়টি সামান্য মনে হয়েছিল, এটি সবকিছু বদলে দিয়েছিল।",Hard,IELTS Band 7-9,noun,Complex,Past Simple
Legitimate,আইন সংগত,/lʌdʒˈɪtʌmʌt/,"Because they legitimated early, the project succeeded.","যেহেতু তারা আগেই আইন সংগত করেছিল, প্রকল্পটি সফল হয়েছিল।",Hard,IELTS Band 7-9,verb,Complex,Past Simple
Lethal,প্রাণঘাতী,/lˈiθʌl/,The area has become increasingly lethal in recent years.,সাম্প্রতিক বছরগুলোতে এলাকাটি ক্রমশ প্রাণঘাতী হয়ে উঠেছে।,Easy,IELTS Band 5-6,adjective,Simple,Present Perfect
Liability,দায়ভার,/laɪʌbˈɪlɪti/,"Because of the liability, the whole plan had to change.",দায়ভার-এর কারণে পুরো পরিকল্পনা বদলাতে হয়েছিল।,Medium,IELTS Band 6-7,noun,Complex,Past Simple
Liaise,যোগাযোগ করা,,Experts have liaised this issue for decades.,বিশেষজ্ঞরা কয়েক দশক ধরে এই বিষয়টি যোগাযোগ করে আসছেন।,Easy,IELTS Band 5-6,verb,Simple,Present Perfect
liberal,উদার,/lˈɪbɜrʌl/,It is liberal to prepare well before the test.,পরীক্ষার আগে ভালোভাবে প্রস্তুতি নেওয়া উদার।,Medium,IELTS Band 6-7,adjective,Simple,Present Simple
License,লাইসেস,/lˈaɪsʌns/,The license was clearly explained in the report.,প্রতিবেদনে লাইসেস বিষয়টি স্পষ্টভাবে ব্যাখ্যা করা হয়েছিল।,Medium,IELTS Band 6-7,noun,Simple,Past Simple
Lid,ঢাকনা,/lˈɪd/,Researchers have studied this lid for many years.,গবেষকরা বহু বছর ধরে এই ঢাকনা নিয়ে গবেষণা করেছেন।,Easy,IELTS Band 5-6,noun,Simple,Present Perfect
lifecycle,জীবনচক্র,/lˈaɪfsaɪkʌl/,"Although the lifecycle seemed minor, it changed everything.","যদিও জীবনচক্র বিষয়টি সামান্য মনে হয়েছিল, এটি সবকিছু বদলে দিয়েছিল।",Medium,IELTS Band 6-7,noun,Complex,Past Simple
lifesaving,জীবন রক্ষাকারী,/lˈaɪfseɪvɪŋ/,They lifesaving this issue every single day.,তারা প্রতিদিন এই বিষয়টি জীবন রক্ষাকারী করে।,Hard,IELTS Band 7-9,verb,Simple,Present Simple
Limb,দেহের অঙ্গ,/lˈɪm/,The limb will play a major role in the final decision.,চূড়ান্ত সিদ্ধান্তে দেহের অঙ্গ বড় ভূমিকা রাখবে।,Easy,IELTS Band 5-6,noun,Simple,Future Simple
Literal,আক্ষরিক,/lˈɪtɜrʌl/,It is literal to prepare well before the test.,পরীক্ষার আগে ভালোভাবে প্রস্তুতি নেওয়া আক্ষরিক।,Medium,IELTS Band 6-7,adjective,Simple,Present Simple
Literature,সাহিত্য,/lˈɪtɜrʌtʃɜr/,The article discusses the literature in great detail.,প্রবন্ধটিতে সাহিত্য নিয়ে বিস্তারিত আলোচনা করা হয়েছে।,Hard,IELTS Band 7-9,noun,Simple,Present Simple
Located,অবস্থিত,/lˈoʊkeɪtʌd/,The team is locateding new ways to solve it.,দলটি এটি সমাধানের নতুন উপায় অবস্থিত করছে।,Medium,IELTS Band 6-7,verb,Simple,Present Continuous
Locks,কেশ/তালা,/lˈɑks/,The locks was clearly explained in the report.,প্রতিবেদনে কেশ/তালা বিষয়টি স্পষ্টভাবে ব্যাখ্যা করা হয়েছিল।,Easy,IELTS Band 5-6,noun,Simple,Past Simple
Lonesome,একাকী,/lˈoʊnsʌm/,Researchers have studied this lonesome for many years.,গবেষকরা বহু বছর ধরে এই একাকী নিয়ে গবেষণা করেছেন।,Hard,IELTS Band 7-9,noun,Simple,Present Perfect
Look at,তাকানো,,"Although the look at seemed minor, it changed everything.","যদিও তাকানো বিষয়টি সামান্য মনে হয়েছিল, এটি সবকিছু বদলে দিয়েছিল।",Medium,IELTS Band 6-7,noun,Complex,Past Simple
looms,কখনো ভীতি উদ্রেককারী,/lˈumz/,Every student should understand the looms before the exam.,পরীক্ষার আগে প্রতিটি শিক্ষার্থীর কখনো ভীতি উদ্রেককারী সম্পর্কে বোঝা উচিত।,Easy,IELTS Band 5-6,noun,Simple,Present Simple
Loosely,শিথিলভাবে,/lˈusli/,She answered the question loosely.,সে শিথিলভাবে প্রশ্নের উত্তর দিয়েছিল।,Medium,IELTS Band 6-7,adverb,Simple,Past Simple
Louder,প্রবল শব্দ,/lˈaʊdɜr/,"Because of the louder, the whole plan had to change.",প্রবল শব্দ-এর কারণে পুরো পরিকল্পনা বদলাতে হয়েছিল।,Easy,IELTS Band 5-6,noun,Complex,Past Simple
Lowering,খর্ব করা,/lˈoʊɜrɪŋ/,The team is loweringing new ways to solve it.,দলটি এটি সমাধানের নতুন উপায় খর্ব করছে।,Medium,IELTS Band 6-7,verb,Simple,Present Continuous
Lucid,স্বচ্ছ,/lˈusʌd/,Scientists are still examining the lucid closely.,বিজ্ঞানীরা এখনো স্বচ্ছ খুব কাছ থেকে পর্যবেক্ষণ করছেন।,Easy,IELTS Band 5-6,noun,Simple,Present Continuous
Luxurious,বিলাসী,/lʌgʒˈɜriʌs/,The result was extremely luxurious.,ফলাফলটি অত্যন্ত বিলাসী ছিল।,Medium,IELTS Band 6-7,adjective,Simple,Past Simple
Magnificently,মহিমান্বিতভাবে,/mægnˈɪfʌsʌntli/,The plan was magnificently rejected by the committee.,পরিকল্পনাটি কমিটি মহিমান্বিতভাবে প্রত্যাখ্যান করেছিল।,Hard,IELTS Band 7-9,adverb,Simple,Past Simple
Magnitude,মাত্রা,/mˈægnʌtud/,"Although the magnitude seemed minor, it changed everything.","যদিও মাত্রা বিষয়টি সামান্য মনে হয়েছিল, এটি সবকিছু বদলে দিয়েছিল।",Hard,IELTS Band 7-9,noun,Complex,Past Simple
Mainly,প্রধানত,/mˈeɪnli/,"Because she worked mainly, she finished on time.",সে প্রধানত কাজ করেছিল বলে সময়মতো শেষ করতে পেরেছিল।,Easy,IELTS Band 5-6,adverb,Complex,Past Simple
Major,প্রধান,/mˈeɪdʒɜr/,The major will play a major role in the final decision.,চূড়ান্ত সিদ্ধান্তে প্রধান বড় ভূমিকা রাখবে।,Easy,IELTS Band 5-6,noun,Simple,Future Simple
Mammals,স্তন্যপায়ী প্রাণী,/mˈæmʌlz/,"Because of the mammals, the whole plan had to change.",স্তন্যপায়ী প্রাণী-এর কারণে পুরো পরিকল্পনা বদলাতে হয়েছিল।,Medium,IELTS Band 6-7,noun,Complex,Past Simple
Mammoth,বিশাল,/mˈæmʌθ/,The article discusses the mammoth in great detail.,প্রবন্ধটিতে বিশাল নিয়ে বিস্তারিত আলোচনা করা হয়েছে।,Medium,IELTS Band 6-7,noun,Simple,Present Simple
Manageable,পরিচালনযোগ্য,/mˈænɪdʒʌbʌl/,It is manageable to prepare well before the test.,পরীক্ষার আগে ভালোভাবে প্রস্তুতি নেওয়া পরিচালনযোগ্য।,Hard,IELTS Band 7-9,adjective,Simple,Present Simple
Manifold,বিবিধ,/mˈænʌfoʊld/,The manifold was clearly explained in the report.,প্রতিবেদনে বিবিধ বিষয়টি স্পষ্টভাবে ব্যাখ্যা করা হয়েছিল।,Medium,IELTS Band 6-7,noun,Simple,Past Simple
Manner,পদ্ধতি,/mˈænɜr/,Researchers have studied this manner for many years.,গবেষকরা বহু বছর ধরে এই পদ্ধতি নিয়ে গবেষণা করেছেন।,Easy,IELTS Band 5-6,noun,Simple,Present Perfect
Mansion,প্রাসাদ,/mˈænʃʌn/,"Although the mansion seemed minor, it changed everything.","যদিও প্রাসাদ বিষয়টি সামান্য মনে হয়েছিল, এটি সবকিছু বদলে দিয়েছিল।",Medium,IELTS Band 6-7,noun,Complex,Past Simple
Manufacture,তৈরি,/mænjʌfˈæktʃɜr/,Every student should understand the manufacture before the exam.,পরীক্ষার আগে প্রতিটি শিক্ষার্থীর তৈরি সম্পর্কে বোঝা উচিত।,Hard,IELTS Band 7-9,noun,Simple,Present Simple
Manufacturing,উৎপাদন,/mænjʌfˈæktʃɜrɪŋ/,The team is manufacturinging new ways to solve it.,দলটি এটি সমাধানের নতুন উপায় উৎপাদন করছে।,Hard,IELTS Band 7-9,verb,Simple,Present Continuous
marginalisation,প্রান্তিকীকরণ,,"Because of the marginalisation, the whole plan had to change.",প্রান্তিকীকরণ-এর কারণে পুরো পরিকল্পনা বদলাতে হয়েছিল।,Hard,IELTS Band 7-9,noun,Complex,Past Simple
Mass,ভর,/mˈæs/,The article discusses the mass in great detail.,প্রবন্ধটিতে ভর নিয়ে বিস্তারিত আলোচনা করা হয়েছে।,Easy,IELTS Band 5-6,noun,Simple,Present Simple
Mastered,আয়ত্ত করা,/mˈæstɜrd/,They mastered this issue every single day.,তারা প্রতিদিন এই বিষয়টি আয়ত্ত করে।,Medium,IELTS Band 6-7,verb,Simple,Present Simple
maximisation,সর্বাধিকীকরণ,,The maximisation was clearly explained in the report.,প্রতিবেদনে সর্বাধিকীকরণ বিষয়টি স্পষ্টভাবে ব্যাখ্যা করা হয়েছিল।,Hard,IELTS Band 7-9,noun,Simple,Past Simple
Measure,পরিমাপ করা,/mˈɛʒɜr/,Researchers have studied this measure for many years.,গবেষকরা বহু বছর ধরে এই পরিমাপ করা নিয়ে গবেষণা করেছেন।,Medium,IELTS Band 6-7,noun,Simple,Present Perfect
Measurement,মাপা,/mˈɛʒɜrmʌnt/,The result was extremely measurement.,ফলাফলটি অত্যন্ত মাপা ছিল।,Hard,IELTS Band 7-9,adjective,Simple,Past Simple
Mechanical,যান্ত্রিক,/mʌkˈænɪkʌl/,It is mechanical to prepare well before the test.,পরীক্ষার আগে ভালোভাবে প্রস্তুতি নেওয়া যান্ত্রিক।,Hard,IELTS Band 7-9,adjective,Simple,Present Simple
Mechanism,পদ্ধাতি,/mˈɛkʌnɪzʌm/,The mechanism will play a major role in the final decision.,চূড়ান্ত সিদ্ধান্তে পদ্ধাতি বড় ভূমিকা রাখবে।,Medium,IELTS Band 6-7,noun,Simple,Future Simple
Medieval,মধ্যযুগীয়,/mɪdˈivʌl/,Most experts consider this method quite medieval.,বেশিরভাগ বিশেষজ্ঞ এই পদ্ধতিটিকে বেশ মধ্যযুগীয় মনে করেন।,Medium,IELTS Band 6-7,adjective,Simple,Present Simple
Mediterranean,ভূমধ্যসাগরীয়,/mɛdʌtɜrˈeɪniʌn/,The article discusses the mediterranean in great detail.,প্রবন্ধটিতে ভূমধ্যসাগরীয় নিয়ে বিস্তারিত আলোচনা করা হয়েছে।,Hard,IELTS Band 7-9,noun,Simple,Present Simple
Megafires,বিজলি,,Scientists are still examining the megafires closely.,বিজ্ঞানীরা এখনো বিজলি খুব কাছ থেকে পর্যবেক্ষণ করছেন।,Hard,IELTS Band 7-9,noun,Simple,Present Continuous
Melting,তরলীকরণ,/mˈɛltɪŋ/,Experts have meltinged this issue for decades.,বিশেষজ্ঞরা কয়েক দশক ধরে এই বিষয়টি তরলীকরণ করে আসছেন।,Medium,IELTS Band 6-7,verb,Simple,Present Perfect
Mention,উল্লেখ করা,/mˈɛnʃʌn/,Researchers have studied this mention for many years.,গবেষকরা বহু বছর ধরে এই উল্লেখ করা নিয়ে গবেষণা করেছেন।,Medium,IELTS Band 6-7,noun,Simple,Present Perfect
Merger,একত্রীকরণ,/mˈɜrdʒɜr/,"Although the merger seemed minor, it changed everything.","যদিও একত্রীকরণ বিষয়টি সামান্য মনে হয়েছিল, এটি সবকিছু বদলে দিয়েছিল।",Easy,IELTS Band 5-6,noun,Complex,Past Simple
Metabolism,বিপাক,/mʌtˈæbʌlɪzʌm/,Every student should understand the metabolism before the exam.,পরীক্ষার আগে প্রতিটি শিক্ষার্থীর বিপাক সম্পর্কে বোঝা উচিত।,Hard,IELTS Band 7-9,noun,Simple,Present Simple
Methane,গন্ধহীন গ্যাস,/mˈɛθeɪn/,The methane will play a major role in the final decision.,চূড়ান্ত সিদ্ধান্তে গন্ধহীন গ্যাস বড় ভূমিকা রাখবে।,Medium,IELTS Band 6-7,noun,Simple,Future Simple
Method,পদ্ধতি,/mˈɛθʌd/,"Because of the method, the whole plan had to change.",পদ্ধতি-এর কারণে পুরো পরিকল্পনা বদলাতে হয়েছিল।,Easy,IELTS Band 5-6,noun,Complex,Past Simple
microbe,জীবাণু,/mˈaɪkroʊb/,The article discusses the microbe in great detail.,প্রবন্ধটিতে জীবাণু নিয়ে বিস্তারিত আলোচনা করা হয়েছে।,Medium,IELTS Band 6-7,noun,Simple,Present Simple
Microbes,জীবাণু,/mˈaɪkroʊbz/,Scientists are still examining the microbes closely.,বিজ্ঞানীরা এখনো জীবাণু খুব কাছ থেকে পর্যবেক্ষণ করছেন।,Medium,IELTS Band 6-7,noun,Simple,Present Continuous
Microorganism,অণুজীব,/maɪkroʊˈɔrgʌnɪzʌm/,The microorganism was clearly explained in the report.,প্রতিবেদনে অণুজীব বিষয়টি স্পষ্টভাবে ব্যাখ্যা করা হয়েছিল।,Hard,IELTS Band 7-9,noun,Simple,Past Simple
Microscopic,আগুবীক্ষণিক,/maɪkrʌskˈɑpɪk/,Most experts consider this method quite microscopic.,বেশিরভাগ বিশেষজ্ঞ এই পদ্ধতিটিকে বেশ আগুবীক্ষণিক মনে করেন।,Hard,IELTS Band 7-9,adjective,Simple,Present Simple
Middlemen,মধ্যস্থৃতাকারী,/mˈɪdʌlmɛn/,"Next year, the company will middlemen this plan.",আগামী বছর কোম্পানিটি এই পরিকল্পনা মধ্যস্থৃতাকারী করবে।,Medium,IELTS Band 6-7,verb,Simple,Future Simple
migration,দেশান্তরে গমন,/maɪgrˈeɪʃʌn/,Every student should understand the migration before the exam.,পরীক্ষার আগে প্রতিটি শিক্ষার্থীর দেশান্তরে গমন সম্পর্কে বোঝা উচিত।,Medium,IELTS Band 6-7,noun,Simple,Present Simple
Migratory,পরিযায়ী,/mˈaɪgrʌtɔri/,The result was extremely migratory.,ফলাফলটি অত্যন্ত পরিযায়ী ছিল।,Medium,IELTS Band 6-7,adjective,Simple,Past Simple
Milder,মৃদু,/mˈaɪldɜr/,"Because of the milder, the whole plan had to change.",মৃদু-এর কারণে পুরো পরিকল্পনা বদলাতে হয়েছিল।,Easy,IELTS Band 5-6,noun,Complex,Past Simple
Mildly,শান্তভাবে,/mˈaɪldli/,He mildly explains difficult topics in class.,সে ক্লাসে কঠিন বিষয়গুলো শান্তভাবে ব্যাখ্যা করে।,Easy,IELTS Band 5-6,adverb,Simple,Present Simple
Mimic,অনুকারী,/mˈɪmɪk/,Most experts consider this method quite mimic.,বেশিরভাগ বিশেষজ্ঞ এই পদ্ধতিটিকে বেশ অনুকারী মনে করেন।,Easy,IELTS Band 5-6,adjective,Simple,Present Simple
Mindful of,সচেতন,,The mindful of was clearly explained in the report.,প্রতিবেদনে সচেতন বিষয়টি স্পষ্টভাবে ব্যাখ্যা করা হয়েছিল।,Hard,IELTS Band 7-9,noun,Simple,Past Simple
Mindset,মানসিকতা,/mˈaɪndsɛt/,Researchers have studied this mindset for many years.,গবেষকরা বহু বছর ধরে এই মানসিকতা নিয়ে গবেষণা করেছেন।,Medium,IELTS Band 6-7,noun,Simple,Present Perfect
mineral,খনিজ,/mˈɪnɜrʌl/,The result was extremely mineral.,ফলাফলটি অত্যন্ত খনিজ ছিল।,Medium,IELTS Band 6-7,adjective,Simple,Past Simple
Minimal,অল্পতম,/mˈɪnʌmʌl/,It is minimal to prepare well before the test.,পরীক্ষার আগে ভালোভাবে প্রস্তুতি নেওয়া অল্পতম।,Medium,IELTS Band 6-7,adjective,Simple,Present Simple
Minority,সংখ্যালঘু,/maɪnˈɔrʌti/,The minority will play a major role in the final decision.,চূড়ান্ত সিদ্ধান্তে সংখ্যালঘু বড় ভূমিকা রাখবে।,Medium,IELTS Band 6-7,noun,Simple,Future Simple
Miscellaneous,বিবিধ,/mɪsʌlˈeɪniʌs/,Most experts consider this method quite miscellaneous.,বেশিরভাগ বিশেষজ্ঞ এই পদ্ধতিটিকে বেশ বিবিধ মনে করেন।,Hard,IELTS Band 7-9,adjective,Simple,Present Simple
Misguided,ভুলভাবে চালিত,/mɪsgˈaɪdɪd/,"If we act now, we can misguided this matter.",এখন পদক্ষেপ নিলে আমরা বিষয়টি ভুলভাবে চালিত করতে পারবো।,Medium,IELTS Band 6-7,verb,Complex,Present Simple
Misinformation,ভুল তথ্য,/mɪsɪnfɜrmˈeɪʃʌn/,Scientists are still examining the misinformation closely.,বিজ্ঞানীরা এখনো ভুল তথ্য খুব কাছ থেকে পর্যবেক্ষণ করছেন।,Hard,IELTS Band 7-9,noun,Simple,Present Continuous
misperceptions,ভুল ধারণা,/mɪspɜrsˈɛpʃʌnz/,The misperceptions was clearly explained in the report.,প্রতিবেদনে ভুল ধারণা বিষয়টি স্পষ্টভাবে ব্যাখ্যা করা হয়েছিল।,Hard,IELTS Band 7-9,noun,Simple,Past Simple
Misplaced,ভুল স্থানে রাখা,/mɪsplˈeɪst/,"Because they misplaceded early, the project succeeded.","যেহেতু তারা আগেই ভুল স্থানে রাখা করেছিল, প্রকল্পটি সফল হয়েছিল।",Medium,IELTS Band 6-7,verb,Complex,Past Simple
Mixed,মিশ্রিত,/mˈɪkst/,They mixed this issue every single day.,তারা প্রতিদিন এই বিষয়টি মিশ্রিত করে।,Easy,IELTS Band 5-6,verb,Simple,Present Simple
modern,আধুনিক,/mˈɑdɜrn/,Every student should understand the modern before the exam.,পরীক্ষার আগে প্রতিটি শিক্ষার্থীর আধুনিক সম্পর্কে বোঝা উচিত।,Easy,IELTS Band 5-6,noun,Simple,Present Simple
Modest,বিনয়ী,/mˈɑdʌst/,The modest will play a major role in the final decision.,চূড়ান্ত সিদ্ধান্তে বিনয়ী বড় ভূমিকা রাখবে।,Easy,IELTS Band 5-6,noun,Simple,Future Simple
Molecular,আণবিক,/mʌlˈɛkjʌlɜr/,"Because of the molecular, the whole plan had to change.",আণবিক-এর কারণে পুরো পরিকল্পনা বদলাতে হয়েছিল।,Hard,IELTS Band 7-9,noun,Complex,Past Simple
Molecule,অনু,/mˈɑlʌkjul/,The article discusses the molecule in great detail.,প্রবন্ধটিতে অনু নিয়ে বিস্তারিত আলোচনা করা হয়েছে।,Hard,IELTS Band 7-9,noun,Simple,Present Simple
Monk,সন্ন্যাসী,/mˈʌŋk/,Scientists are still examining the monk closely.,বিজ্ঞানীরা এখনো সন্ন্যাসী খুব কাছ থেকে পর্যবেক্ষণ করছেন।,Easy,IELTS Band 5-6,noun,Simple,Present Continuous
Monstrosity,অঙ্গবিকৃতি,/mɑnstrˈɑsʌti/,The monstrosity was clearly explained in the report.,প্রতিবেদনে অঙ্গবিকৃতি বিষয়টি স্পষ্টভাবে ব্যাখ্যা করা হয়েছিল।,Hard,IELTS Band 7-9,noun,Simple,Past Simple
Motivate,অনুপ্রাণিত করুন,/mˈoʊtʌveɪt/,They motivate this issue every single day.,তারা প্রতিদিন এই বিষয়টি অনুপ্রাণিত করুন করে।,Hard,IELTS Band 7-9,verb,Simple,Present Simple
Motivations,অনুপ্রেরণা,/moʊtʌvˈeɪʃʌnz/,"Although the motivations seemed minor, it changed everything.","যদিও অনুপ্রেরণা বিষয়টি সামান্য মনে হয়েছিল, এটি সবকিছু বদলে দিয়েছিল।",Hard,IELTS Band 7-9,noun,Complex,Past Simple
Motive,উদ্দেশ্য,/mˈoʊtɪv/,"Because the situation was so motive, everyone took notice.",পরিস্থিতিটি এতটাই উদ্দেশ্য ছিল যে সবাই লক্ষ্য করেছিল।,Medium,IELTS Band 6-7,adjective,Complex,Past Simple
motives,উদ্দেশ্য/অভিপ্রায়,/mˈoʊtɪvz/,The motives will play a major role in the final decision.,চূড়ান্ত সিদ্ধান্তে উদ্দেশ্য/অভিপ্রায় বড় ভূমিকা রাখবে।,Medium,IELTS Band 6-7,noun,Simple,Future Simple
Motto,নীতিবাক্য,/mˈɑtoʊ/,"Because of the motto, the whole plan had to change.",নীতিবাক্য-এর কারণে পুরো পরিকল্পনা বদলাতে হয়েছিল।,Easy,IELTS Band 5-6,noun,Complex,Past Simple
moulded,ঢালাই/চটকান,,"Next year, the company will moulded this plan.",আগামী বছর কোম্পানিটি এই পরিকল্পনা ঢালাই/চটকান করবে।,Medium,IELTS Band 6-7,verb,Simple,Future Simple
Mounds,ছোট পাহাড়,/mˈaʊndz/,Scientists are still examining the mounds closely.,বিজ্ঞানীরা এখনো ছোট পাহাড় খুব কাছ থেকে পর্যবেক্ষণ করছেন।,Easy,IELTS Band 5-6,noun,Simple,Present Continuous
Mountaineer,পর্বতারোই,/mˈaʊntɪnɪr/,The mountaineer was clearly explained in the report.,প্রতিবেদনে পর্বতারোই বিষয়টি স্পষ্টভাবে ব্যাখ্যা করা হয়েছিল।,Hard,IELTS Band 7-9,noun,Simple,Past Simple
mountainous,পাহাড়ী,/mˈaʊntʌnʌs/,"Because the situation was so mountainous, everyone took notice.",পরিস্থিতিটি এতটাই পাহাড়ী ছিল যে সবাই লক্ষ্য করেছিল।,Hard,IELTS Band 7-9,adjective,Complex,Past Simple
Mud,কাদা,/mˈʌd/,"Although the mud seemed minor, it changed everything.","যদিও কাদা বিষয়টি সামান্য মনে হয়েছিল, এটি সবকিছু বদলে দিয়েছিল।",Easy,IELTS Band 5-6,noun,Complex,Past Simple
Mulberry,তন্ত গাছ,/mˈʌlbɛri/,Every student should understand the mulberry before the exam.,পরীক্ষার আগে প্রতিটি শিক্ষার্থীর তন্ত গাছ সম্পর্কে বোঝা উচিত।,Medium,IELTS Band 6-7,noun,Simple,Present Simple
Multiplication,সংখ্যা বৃদ্ধি/পূরণ,/mʌltʌplʌkˈeɪʃʌn/,The multiplication will play a major role in the final decision.,চূড়ান্ত সিদ্ধান্তে সংখ্যা বৃদ্ধি/পূরণ বড় ভূমিকা রাখবে।,Hard,IELTS Band 7-9,noun,Simple,Future Simple
Municipality,পৌরসভা,/mjunɪsʌpˈælʌti/,"Because of the municipality, the whole plan had to change.",পৌরসভা-এর কারণে পুরো পরিকল্পনা বদলাতে হয়েছিল।,Hard,IELTS Band 7-9,noun,Complex,Past Simple
Mustard,সর্ষের দানা,/mˈʌstɜrd/,The article discusses the mustard in great detail.,প্রবন্ধটিতে সর্ষের দানা নিয়ে বিস্তারিত আলোচনা করা হয়েছে।,Medium,IELTS Band 6-7,noun,Simple,Present Simple
Mutation,পরিবর্তন,/mjutˈeɪʃʌn/,Scientists are still examining the mutation closely.,বিজ্ঞানীরা এখনো পরিবর্তন খুব কাছ থেকে পর্যবেক্ষণ করছেন।,Medium,IELTS Band 6-7,noun,Simple,Present Continuous
Mysterious,রহস্যময়,/mɪstˈɪriʌs/,The result was extremely mysterious.,ফলাফলটি অত্যন্ত রহস্যময় ছিল।,Hard,IELTS Band 7-9,adjective,Simple,Past Simple
Mythology,পৌরাণিক,/mʌθˈɑlʌdʒi/,Researchers have studied this mythology for many years.,গবেষকরা বহু বছর ধরে এই পৌরাণিক নিয়ে গবেষণা করেছেন।,Medium,IELTS Band 6-7,noun,Simple,Present Perfect
Naked,নগ্ন,/nˈeɪkʌd/,"If we act now, we can naked this matter.",এখন পদক্ষেপ নিলে আমরা বিষয়টি নগ্ন করতে পারবো।,Easy,IELTS Band 5-6,verb,Complex,Present Simple
Narratives,কাহিনী,/nˈærʌtɪvz/,Every student should understand the narratives before the exam.,পরীক্ষার আগে প্রতিটি শিক্ষার্থীর কাহিনী সম্পর্কে বোঝা উচিত।,Hard,IELTS Band 7-9,noun,Simple,Present Simple
Narrow,সংকীর্ণ,/nˈɛroʊ/,The narrow will play a major role in the final decision.,চূড়ান্ত সিদ্ধান্তে সংকীর্ণ বড় ভূমিকা রাখবে।,Easy,IELTS Band 5-6,noun,Simple,Future Simple
Nasty,বেদনাদায়ক,/nˈæsti/,"Because of the nasty, the whole plan had to change.",বেদনাদায়ক-এর কারণে পুরো পরিকল্পনা বদলাতে হয়েছিল।,Easy,IELTS Band 5-6,noun,Complex,Past Simple
Naturally,স্বাভাবিকভাবে,/nˈætʃɜrʌli/,He naturally explains difficult topics in class.,সে ক্লাসে কঠিন বিষয়গুলো স্বাভাবিকভাবে ব্যাখ্যা করে।,Medium,IELTS Band 6-7,adverb,Simple,Present Simple
Navigability,নাব্যতা,,Scientists are still examining the navigability closely.,বিজ্ঞানীরা এখনো নাব্যতা খুব কাছ থেকে পর্যবেক্ষণ করছেন।,Hard,IELTS Band 7-9,noun,Simple,Present Continuous
Navigable,নৌযানযোগ্য,/nˈævʌgʌbʌl/,"Although it looked navigable, the plan actually worked.","যদিও এটি নৌযানযোগ্য মনে হয়েছিল, পরিকল্পনাটি আসলে কাজ করেছিল।",Hard,IELTS Band 7-9,adjective,Complex,Past Simple
Neatly,সুন্দরভাবে,/nˈitli/,The plan was neatly rejected by the committee.,পরিকল্পনাটি কমিটি সুন্দরভাবে প্রত্যাখ্যান করেছিল।,Easy,IELTS Band 5-6,adverb,Simple,Past Simple
Necessity,প্রয়োজন,/nʌsˈɛsʌti/,"Although the necessity seemed minor, it changed everything.","যদিও প্রয়োজন বিষয়টি সামান্য মনে হয়েছিল, এটি সবকিছু বদলে দিয়েছিল।",Medium,IELTS Band 6-7,noun,Complex,Past Simple
Negative,নেতিবাচক,/nˈɛgʌtɪv/,"Because the situation was so negative, everyone took notice.",পরিস্থিতিটি এতটাই নেতিবাচক ছিল যে সবাই লক্ষ্য করেছিল।,Hard,IELTS Band 7-9,adjective,Complex,Past Simple
Negligent,অবহেলাকারী,/nˈɛglʌdʒʌnt/,The result was extremely negligent.,ফলাফলটি অত্যন্ত অবহেলাকারী ছিল।,Medium,IELTS Band 6-7,adjective,Simple,Past Simple
neonatal,নবজাতক,/nioʊnˈeɪtʌl/,It is neonatal to prepare well before the test.,পরীক্ষার আগে ভালোভাবে প্রস্তুতি নেওয়া নবজাতক।,Medium,IELTS Band 6-7,adjective,Simple,Present Simple
Nest,পাখির বাসা,/nˈɛst/,The article discusses the nest in great detail.,প্রবন্ধটিতে পাখির বাসা নিয়ে বিস্তারিত আলোচনা করা হয়েছে।,Easy,IELTS Band 5-6,noun,Simple,Present Simple
neural pathways,স্নায়বিক পথ,,Scientists are still examining the neural pathways closely.,বিজ্ঞানীরা এখনো স্নায়বিক পথ খুব কাছ থেকে পর্যবেক্ষণ করছেন।,Hard,IELTS Band 7-9,noun,Simple,Present Continuous
Neutral,নিরপেক্ষ,/nˈutrʌl/,The area has become increasingly neutral in recent years.,সাম্প্রতিক বছরগুলোতে এলাকাটি ক্রমশ নিরপেক্ষ হয়ে উঠেছে।,Medium,IELTS Band 6-7,adjective,Simple,Present Perfect
Newcomer,নতুন আগমনকারী,/nˈukʌmɜr/,Researchers have studied this newcomer for many years.,গবেষকরা বহু বছর ধরে এই নতুন আগমনকারী নিয়ে গবেষণা করেছেন।,Medium,IELTS Band 6-7,noun,Simple,Present Perfect
Niche,কুলু্গি/উপযুক্ত,/nˈɪtʃ/,"Although the niche seemed minor, it changed everything.","যদিও কুলু্গি/উপযুক্ত বিষয়টি সামান্য মনে হয়েছিল, এটি সবকিছু বদলে দিয়েছিল।",Easy,IELTS Band 5-6,noun,Complex,Past Simple
Nightmare,দুঃস্বপ্ন,/nˈaɪtmɛr/,Every student should understand the nightmare before the exam.,পরীক্ষার আগে প্রতিটি শিক্ষার্থীর দুঃস্বপ্ন সম্পর্কে বোঝা উচিত।,Medium,IELTS Band 6-7,noun,Simple,Present Simple
Nocturnal,নিশাচর,/nɑktˈɜrnʌl/,"Although it looked nocturnal, the plan actually worked.","যদিও এটি নিশাচর মনে হয়েছিল, পরিকল্পনাটি আসলে কাজ করেছিল।",Medium,IELTS Band 6-7,adjective,Complex,Past Simple
Noise,কোলাহল,/nˈɔɪz/,She noised the problem before anyone noticed.,কেউ লক্ষ্য করার আগেই সে সমস্যাটি কোলাহল করেছিল।,Easy,IELTS Band 5-6,verb,Simple,Past Simple
northernmost,সবচেয়ে উত্তরের,/nˈɔrðɜrnmoʊst/,The article discusses the northernmost in great detail.,প্রবন্ধটিতে সবচেয়ে উত্তরের নিয়ে বিস্তারিত আলোচনা করা হয়েছে।,Hard,IELTS Band 7-9,noun,Simple,Present Simple
Notably,লক্ষণীয়ভাবে,/nˈoʊtʌbli/,"Because she worked notably, she finished on time.",সে লক্ষণীয়ভাবে কাজ করেছিল বলে সময়মতো শেষ করতে পেরেছিল।,Medium,IELTS Band 6-7,adverb,Complex,Past Simple
Noticeable,লক্ষণীয়,/nˈoʊtʌsʌbʌl/,The result was extremely noticeable.,ফলাফলটি অত্যন্ত লক্ষণীয় ছিল।,Hard,IELTS Band 7-9,adjective,Simple,Past Simple
Nourish,লালনপালন করা,/nˈɜrɪʃ/,It is nourish to prepare well before the test.,পরীক্ষার আগে ভালোভাবে প্রস্তুতি নেওয়া লালনপালন করা।,Medium,IELTS Band 6-7,adjective,Simple,Present Simple
Nourishes,লালন পালন করা,/nˈɜrɪʃʌz/,"Although the nourishes seemed minor, it changed everything.","যদিও লালন পালন করা বিষয়টি সামান্য মনে হয়েছিল, এটি সবকিছু বদলে দিয়েছিল।",Medium,IELTS Band 6-7,noun,Complex,Past Simple
novelties,নতুনত্ব,/nˈɑvʌltiz/,Every student should understand the novelties before the exam.,পরীক্ষার আগে প্রতিটি শিক্ষার্থীর নতুনত্ব সম্পর্কে বোঝা উচিত।,Medium,IELTS Band 6-7,noun,Simple,Present Simple
Noxious,ক্ষতিকর,/nˈɑkʃʌs/,The area has become increasingly noxious in recent years.,সাম্প্রতিক বছরগুলোতে এলাকাটি ক্রমশ ক্ষতিকর হয়ে উঠেছে।,Medium,IELTS Band 6-7,adjective,Simple,Present Perfect
Nuance Os PR,তারতম্য,,"Because of the nuance os pr, the whole plan had to change.",তারতম্য-এর কারণে পুরো পরিকল্পনা বদলাতে হয়েছিল।,Hard,IELTS Band 7-9,noun,Complex,Past Simple
Numerical,সংখ্যাসূচক,/numˈɛrʌkʌl/,The result was extremely numerical.,ফলাফলটি অত্যন্ত সংখ্যাসূচক ছিল।,Hard,IELTS Band 7-9,adjective,Simple,Past Simple
Numerous,অনেক,/nˈumɜrʌs/,It is numerous to prepare well before the test.,পরীক্ষার আগে ভালোভাবে প্রস্তুতি নেওয়া অনেক।,Medium,IELTS Band 6-7,adjective,Simple,Present Simple
Nurture,লালন-পালন,/nˈɜrtʃɜr/,The nurture was clearly explained in the report.,প্রতিবেদনে লালন-পালন বিষয়টি স্পষ্টভাবে ব্যাখ্যা করা হয়েছিল।,Medium,IELTS Band 6-7,noun,Simple,Past Simple
Nutritional,পুষ্টিগত,/nutrˈɪʃʌnʌl/,Most experts consider this method quite nutritional.,বেশিরভাগ বিশেষজ্ঞ এই পদ্ধতিটিকে বেশ পুষ্টিগত মনে করেন।,Hard,IELTS Band 7-9,adjective,Simple,Present Simple
Nutritious,পুষ্টিকর,/nutrˈɪʃʌs/,The area has become increasingly nutritious in recent years.,সাম্প্রতিক বছরগুলোতে এলাকাটি ক্রমশ পুষ্টিকর হয়ে উঠেছে।,Hard,IELTS Band 7-9,adjective,Simple,Present Perfect
Objection,আপত্তি,/ʌbdʒˈɛkʃʌn/,Every student should understand the objection before the exam.,পরীক্ষার আগে প্রতিটি শিক্ষার্থীর আপত্তি সম্পর্কে বোঝা উচিত।,Medium,IELTS Band 6-7,noun,Simple,Present Simple
Objective,উদ্দেশ্য,/ʌbdʒˈɛktɪv/,The result was extremely objective.,ফলাফলটি অত্যন্ত উদ্দেশ্য ছিল।,Hard,IELTS Band 7-9,adjective,Simple,Past Simple
Objector,আপত্তিকারী,/ʌbdʒˈɛktɜr/,"Because of the objector, the whole plan had to change.",আপত্তিকারী-এর কারণে পুরো পরিকল্পনা বদলাতে হয়েছিল।,Medium,IELTS Band 6-7,noun,Complex,Past Simple
Obligated,বাধ্য,/ˈɑblʌgeɪtɪd/,The team is obligateding new ways to solve it.,দলটি এটি সমাধানের নতুন উপায় বাধ্য করছে।,Hard,IELTS Band 7-9,verb,Simple,Present Continuous
Obligation,বাধ্যবাধকতা,/ɑblʌgˈeɪʃʌn/,Scientists are still examining the obligation closely.,বিজ্ঞানীরা এখনো বাধ্যবাধকতা খুব কাছ থেকে পর্যবেক্ষণ করছেন।,Hard,IELTS Band 7-9,noun,Simple,Present Continuous
Obligatory,বাধ্যতামূলক,/ʌblˈɪgʌtɔri/,The area has become increasingly obligatory in recent years.,সাম্প্রতিক বছরগুলোতে এলাকাটি ক্রমশ বাধ্যতামূলক হয়ে উঠেছে।,Hard,IELTS Band 7-9,adjective,Simple,Present Perfect
oblige,বাধ্য করা,/ʌblˈaɪdʒ/,Researchers have studied this oblige for many years.,গবেষকরা বহু বছর ধরে এই বাধ্য করা নিয়ে গবেষণা করেছেন।,Medium,IELTS Band 6-7,noun,Simple,Present Perfect
Obscured,অস্পষ্ট,/ʌbskjˈʊrd/,She obscureded the problem before anyone noticed.,কেউ লক্ষ্য করার আগেই সে সমস্যাটি অস্পষ্ট করেছিল।,Medium,IELTS Band 6-7,verb,Simple,Past Simple
Observatory,মানমন্দির,/ʌbzˈɜrvʌtɔri/,It is observatory to prepare well before the test.,পরীক্ষার আগে ভালোভাবে প্রস্তুতি নেওয়া মানমন্দির।,Hard,IELTS Band 7-9,adjective,Simple,Present Simple
Observer,পর্যবেক্ষক,/ʌbzˈɜrvɜr/,The observer will play a major role in the final decision.,চূড়ান্ত সিদ্ধান্তে পর্যবেক্ষক বড় ভূমিকা রাখবে।,Medium,IELTS Band 6-7,noun,Simple,Future Simple
observing,পর্যবেক্ষণ,/ʌbzˈɜrvɪŋ/,The team is observinging new ways to solve it.,দলটি এটি সমাধানের নতুন উপায় পর্যবেক্ষণ করছে।,Medium,IELTS Band 6-7,verb,Simple,Present Continuous
Obsession,ঘোর,/ʌbsˈɛʃʌn/,The article discusses the obsession in great detail.,প্রবন্ধটিতে ঘোর নিয়ে বিস্তারিত আলোচনা করা হয়েছে।,Medium,IELTS Band 6-7,noun,Simple,Present Simple
Obsolete,অপ্রচলিত,/ˈɑbsʌlit/,Scientists are still examining the obsolete closely.,বিজ্ঞানীরা এখনো অপ্রচলিত খুব কাছ থেকে পর্যবেক্ষণ করছেন।,Hard,IELTS Band 7-9,noun,Simple,Present Continuous
Obstacle,বাধা,/ˈɑbstʌkʌl/,The obstacle was clearly explained in the report.,প্রতিবেদনে বাধা বিষয়টি স্পষ্টভাবে ব্যাখ্যা করা হয়েছিল।,Medium,IELTS Band 6-7,noun,Simple,Past Simple
Obtain,অর্জন করা,/ʌbtˈeɪn/,Researchers have studied this obtain for many years.,গবেষকরা বহু বছর ধরে এই অর্জন করা নিয়ে গবেষণা করেছেন।,Easy,IELTS Band 5-6,noun,Simple,Present Perfect
Occasional,মাঝে মাঝো,/ʌkˈeɪʒʌnʌl/,"Although it looked occasional, the plan actually worked.","যদিও এটি মাঝে মাঝো মনে হয়েছিল, পরিকল্পনাটি আসলে কাজ করেছিল।",Hard,IELTS Band 7-9,adjective,Complex,Past Simple
Occupy,দখল করা,/ˈɑkjʌpaɪ/,Every student should understand the occupy before the exam.,পরীক্ষার আগে প্রতিটি শিক্ষার্থীর দখল করা সম্পর্কে বোঝা উচিত।,Easy,IELTS Band 5-6,noun,Simple,Present Simple
Occurrence,ঘটনা,/ʌkˈɜrʌns/,The occurrence will play a major role in the final decision.,চূড়ান্ত সিদ্ধান্তে ঘটনা বড় ভূমিকা রাখবে।,Hard,IELTS Band 7-9,noun,Simple,Future Simple
Oceanographers,সমুদ্রবিজ্ঞানী,,"Because of the oceanographers, the whole plan had to change.",সমুদ্রবিজ্ঞানী-এর কারণে পুরো পরিকল্পনা বদলাতে হয়েছিল।,Hard,IELTS Band 7-9,noun,Complex,Past Simple
off-limits,নাগালের বাইরে,/ɔflˈɪmɪts/,The article discusses the off-limits in great detail.,প্রবন্ধটিতে নাগালের বাইরে নিয়ে বিস্তারিত আলোচনা করা হয়েছে।,Hard,IELTS Band 7-9,noun,Simple,Present Simple
Oldest,প্রবীণতম,/ˈoʊldʌst/,Scientists are still examining the oldest closely.,বিজ্ঞানীরা এখনো প্রবীণতম খুব কাছ থেকে পর্যবেক্ষণ করছেন।,Easy,IELTS Band 5-6,noun,Simple,Present Continuous
Ominous,অমঙ্গল,/ˈɑmʌnʌs/,"Although it looked ominous, the plan actually worked.","যদিও এটি অমঙ্গল মনে হয়েছিল, পরিকল্পনাটি আসলে কাজ করেছিল।",Medium,IELTS Band 6-7,adjective,Complex,Past Simple
On a regular basis,নিয়মিত,,Researchers have studied this on a regular basis for many years.,গবেষকরা বহু বছর ধরে এই নিয়মিত নিয়ে গবেষণা করেছেন।,Hard,IELTS Band 7-9,noun,Simple,Present Perfect
Ongoing,চলমান,/ˈɑngoʊɪŋ/,"If we act now, we can ongoing this matter.",এখন পদক্ষেপ নিলে আমরা বিষয়টি চলমান করতে পারবো।,Medium,IELTS Band 6-7,verb,Complex,Present Simple
Onwards,পরবর্তীতে,/ˈɑnwɜrdz/,Every student should understand the onwards before the exam.,পরীক্ষার আগে প্রতিটি শিক্ষার্থীর পরবর্তীতে সম্পর্কে বোঝা উচিত।,Medium,IELTS Band 6-7,noun,Simple,Present Simple
Operation,অপারেশন,/ɑpɜrˈeɪʃʌn/,The operation will play a major role in the final decision.,চূড়ান্ত সিদ্ধান্তে অপারেশন বড় ভূমিকা রাখবে।,Hard,IELTS Band 7-9,noun,Simple,Future Simple
Opportunities,সুযোগ,/ɑpɜrtˈunʌtiz/,"Because of the opportunities, the whole plan had to change.",সুযোগ-এর কারণে পুরো পরিকল্পনা বদলাতে হয়েছিল।,Hard,IELTS Band 7-9,noun,Complex,Past Simple
Opposition,বিরোধিতা,/ɑpʌzˈɪʃʌn/,The article discusses the opposition in great detail.,প্রবন্ধটিতে বিরোধিতা নিয়ে বিস্তারিত আলোচনা করা হয়েছে।,Hard,IELTS Band 7-9,noun,Simple,Present Simple
Opt,নির্বাচন করা,/ˈɑpt/,Scientists are still examining the opt closely.,বিজ্ঞানীরা এখনো নির্বাচন করা খুব কাছ থেকে পর্যবেক্ষণ করছেন।,Easy,IELTS Band 5-6,noun,Simple,Present Continuous
Organisation,সংগঠন,/ɔrgʌnɪzˈeɪʃʌn/,The organisation was clearly explained in the report.,প্রতিবেদনে সংগঠন বিষয়টি স্পষ্টভাবে ব্যাখ্যা করা হয়েছিল।,Hard,IELTS Band 7-9,noun,Simple,Past Simple
Organizer,সংগঠক,/ˈɔrgʌnaɪzɜr/,Researchers have studied this organizer for many years.,গবেষকরা বহু বছর ধরে এই সংগঠক নিয়ে গবেষণা করেছেন।,Hard,IELTS Band 7-9,noun,Simple,Present Perfect
Ostracism,ধর্মত্যাগ,/ˈɔstrʌsɪzʌm/,"Although the ostracism seemed minor, it changed everything.","যদিও ধর্মত্যাগ বিষয়টি সামান্য মনে হয়েছিল, এটি সবকিছু বদলে দিয়েছিল।",Medium,IELTS Band 6-7,noun,Complex,Past Simple
Outfit,পোশাক,/ˈaʊtfɪt/,Every student should understand the outfit before the exam.,পরীক্ষার আগে প্রতিটি শিক্ষার্থীর পোশাক সম্পর্কে বোঝা উচিত।,Easy,IELTS Band 5-6,noun,Simple,Present Simple
Outlandish,বৈদেশিক,/aʊtlˈændɪʃ/,"Although it looked outlandish, the plan actually worked.","যদিও এটি বৈদেশিক মনে হয়েছিল, পরিকল্পনাটি আসলে কাজ করেছিল।",Hard,IELTS Band 7-9,adjective,Complex,Past Simple
outlived,জীবিত/বেঁচে থাকা,/aʊtlˈɪvd/,They outlived this issue every single day.,তারা প্রতিদিন এই বিষয়টি জীবিত/বেঁচে থাকা করে।,Medium,IELTS Band 6-7,verb,Simple,Present Simple
Outlook,দৃষ্টিভজি,/ˈaʊtlʊk/,The article discusses the outlook in great detail.,প্রবন্ধটিতে দৃষ্টিভজি নিয়ে বিস্তারিত আলোচনা করা হয়েছে।,Medium,IELTS Band 6-7,noun,Simple,Present Simple
Outperform,ছাড়িয়া যাওয়া,/ˈaʊtpɜrfɔrm/,Scientists are still examining the outperform closely.,বিজ্ঞানীরা এখনো ছাড়িয়া যাওয়া খুব কাছ থেকে পর্যবেক্ষণ করছেন।,Hard,IELTS Band 7-9,noun,Simple,Present Continuous
outsource,বাইরে থেকে নেয়া,/aʊtsˈɔrs/,The outsource was clearly explained in the report.,প্রতিবেদনে বাইরে থেকে নেয়া বিষয়টি স্পষ্টভাবে ব্যাখ্যা করা হয়েছিল।,Medium,IELTS Band 6-7,noun,Simple,Past Simple
Overtime,অতিরিক্ত সময়,/ˈoʊvɜrtaɪm/,Researchers have studied this overtime for many years.,গবেষকরা বহু বছর ধরে এই অতিরিক্ত সময় নিয়ে গবেষণা করেছেন।,Hard,IELTS Band 7-9,noun,Simple,Present Perfect
Pacifier,প্রশান্তকারি,/pˈæsʌfaɪɜr/,"Although the pacifier seemed minor, it changed everything.","যদিও প্রশান্তকারি বিষয়টি সামান্য মনে হয়েছিল, এটি সবকিছু বদলে দিয়েছিল।",Medium,IELTS Band 6-7,noun,Complex,Past Simple
Panache,বড়াই করা,/pʌnˈɑʃ/,Every student should understand the panache before the exam.,পরীক্ষার আগে প্রতিটি শিক্ষার্থীর বড়াই করা সম্পর্কে বোঝা উচিত।,Medium,IELTS Band 6-7,noun,Simple,Present Simple
Panicked,আতঙ্কিত,/pˈænɪkt/,They panicked this issue every single day.,তারা প্রতিদিন এই বিষয়টি আতঙ্কিত করে।,Medium,IELTS Band 6-7,verb,Simple,Present Simple
Paper,কাগজ,/pˈeɪpɜr/,"Because of the paper, the whole plan had to change.",কাগজ-এর কারণে পুরো পরিকল্পনা বদলাতে হয়েছিল।,Easy,IELTS Band 5-6,noun,Complex,Past Simple
Participant,অংশগ্রহণকারী,/pɑrtˈɪsʌpʌnt/,The result was extremely participant.,ফলাফলটি অত্যন্ত অংশগ্রহণকারী ছিল।,Hard,IELTS Band 7-9,adjective,Simple,Past Simple
Past,অতীত,/pˈæst/,Scientists are still examining the past closely.,বিজ্ঞানীরা এখনো অতীত খুব কাছ থেকে পর্যবেক্ষণ করছেন।,Easy,IELTS Band 5-6,noun,Simple,Present Continuous
Patches,কোথাও,/pˈætʃʌz/,The patches was clearly explained in the report.,প্রতিবেদনে কোথাও বিষয়টি স্পষ্টভাবে ব্যাখ্যা করা হয়েছিল।,Medium,IELTS Band 6-7,noun,Simple,Past Simple
Path,পথ,/pˈæθ/,Researchers have studied this path for many years.,গবেষকরা বহু বছর ধরে এই পথ নিয়ে গবেষণা করেছেন।,Easy,IELTS Band 5-6,noun,Simple,Present Perfect
pathogenic,রোগ -সৃষ্টিকারী,/pæθʌdʒˈɛnɪk/,The area has become increasingly pathogenic in recent years.,সাম্প্রতিক বছরগুলোতে এলাকাটি ক্রমশ রোগ -সৃষ্টিকারী হয়ে উঠেছে।,Hard,IELTS Band 7-9,adjective,Simple,Present Perfect
patient,ধৈর্যশীল/সহিষুঃ,/pˈeɪʃʌnt/,"Because the situation was so patient, everyone took notice.",পরিস্থিতিটি এতটাই ধৈর্যশীল/সহিষুঃ ছিল যে সবাই লক্ষ্য করেছিল।,Medium,IELTS Band 6-7,adjective,Complex,Past Simple
Patrons,পৃষ্ঠপোষক,/pˈeɪtrʌnz/,The patrons will play a major role in the final decision.,চূড়ান্ত সিদ্ধান্তে পৃষ্ঠপোষক বড় ভূমিকা রাখবে।,Medium,IELTS Band 6-7,noun,Simple,Future Simple
Pattern,নমুনা,/pˈætɜrn/,"Because of the pattern, the whole plan had to change.",নমুনা-এর কারণে পুরো পরিকল্পনা বদলাতে হয়েছিল।,Medium,IELTS Band 6-7,noun,Complex,Past Simple
Pavement,ফুটপাথ,/pˈeɪvmʌnt/,"Although it looked pavement, the plan actually worked.","যদিও এটি ফুটপাথ মনে হয়েছিল, পরিকল্পনাটি আসলে কাজ করেছিল।",Medium,IELTS Band 6-7,adjective,Complex,Past Simple
Peak,শিখর,/pˈik/,Scientists are still examining the peak closely.,বিজ্ঞানীরা এখনো শিখর খুব কাছ থেকে পর্যবেক্ষণ করছেন।,Easy,IELTS Band 5-6,noun,Simple,Present Continuous
Pedestrian,পথচারী -,/pʌdˈɛstriʌn/,The pedestrian was clearly explained in the report.,প্রতিবেদনে পথচারী - বিষয়টি স্পষ্টভাবে ব্যাখ্যা করা হয়েছিল।,Hard,IELTS Band 7-9,noun,Simple,Past Simple
Penetrated,অনুপ্রবিষ্ট,/pˈɛnʌtreɪtɪd/,"Because they penetrateded early, the project succeeded.","যেহেতু তারা আগেই অনুপ্রবিষ্ট করেছিল, প্রকল্পটি সফল হয়েছিল।",Hard,IELTS Band 7-9,verb,Complex,Past Simple
Perceived,অনুভূত,/pɜrsˈivd/,They perceived this issue every single day.,তারা প্রতিদিন এই বিষয়টি অনুভূত করে।,Medium,IELTS Band 6-7,verb,Simple,Present Simple
Perceives,অনুভব করা,/pɜrsˈivz/,Every student should understand the perceives before the exam.,পরীক্ষার আগে প্রতিটি শিক্ষার্থীর অনুভব করা সম্পর্কে বোঝা উচিত।,Medium,IELTS Band 6-7,noun,Simple,Present Simple
Perennial,চিরজীবী,/pɜrˈɛniʌl/,"Although it looked perennial, the plan actually worked.","যদিও এটি চিরজীবী মনে হয়েছিল, পরিকল্পনাটি আসলে কাজ করেছিল।",Medium,IELTS Band 6-7,adjective,Complex,Past Simple
Perform,সধ্চালন,/pɜrfˈɔrm/,"Because of the perform, the whole plan had to change.",সধ্চালন-এর কারণে পুরো পরিকল্পনা বদলাতে হয়েছিল।,Medium,IELTS Band 6-7,noun,Complex,Past Simple
peril,ভয়ানক বিপদ,/pˈɛrʌl/,The article discusses the peril in great detail.,প্রবন্ধটিতে ভয়ানক বিপদ নিয়ে বিস্তারিত আলোচনা করা হয়েছে।,Easy,IELTS Band 5-6,noun,Simple,Present Simple
Peripheral,সীমান্তবর্তী,/pɜrˈɪfɜrʌl/,"Because the situation was so peripheral, everyone took notice.",পরিস্থিতিটি এতটাই সীমান্তবর্তী ছিল যে সবাই লক্ষ্য করেছিল।,Hard,IELTS Band 7-9,adjective,Complex,Past Simple
Perishable,নষ্টযোগ্য,/pˈɛrɪʃʌbʌl/,The result was extremely perishable.,ফলাফলটি অত্যন্ত নষ্টযোগ্য ছিল।,Hard,IELTS Band 7-9,adjective,Simple,Past Simple
Permafrost,ভূগর্ভস্থ চিরহিমায়িত অঞ্চল,,Researchers have studied this permafrost for many years.,গবেষকরা বহু বছর ধরে এই ভূগর্ভস্থ চিরহিমায়িত অঞ্চল নিয়ে গবেষণা করেছেন।,Hard,IELTS Band 7-9,noun,Simple,Present Perfect
Permanently,স্থায়ীভাবে,/pˈɜrmʌnʌntli/,He permanently explains difficult topics in class.,সে ক্লাসে কঠিন বিষয়গুলো স্থায়ীভাবে ব্যাখ্যা করে।,Hard,IELTS Band 7-9,adverb,Simple,Present Simple
Permit,অনুমতি দেওয়া,/pɜrmˈɪt/,Every student should understand the permit before the exam.,পরীক্ষার আগে প্রতিটি শিক্ষার্থীর অনুমতি দেওয়া সম্পর্কে বোঝা উচিত।,Easy,IELTS Band 5-6,noun,Simple,Present Simple
Perplexed,হতবুদ্ধি,/pɜrplˈɛkst/,"If we act now, we can perplexed this matter.",এখন পদক্ষেপ নিলে আমরা বিষয়টি হতবুদ্ধি করতে পারবো।,Medium,IELTS Band 6-7,verb,Complex,Present Simple
persist,স্থায়ী অবস্থায় থাকা,/pɜrsˈɪst/,"Because of the persist, the whole plan had to change.",স্থায়ী অবস্থায় থাকা-এর কারণে পুরো পরিকল্পনা বদলাতে হয়েছিল।,Medium,IELTS Band 6-7,noun,Complex,Past Simple
persistence,অধ্যবসায়,/pɜrsˈɪstʌns/,The article discusses the persistence in great detail.,প্রবন্ধটিতে অধ্যবসায় নিয়ে বিস্তারিত আলোচনা করা হয়েছে।,Hard,IELTS Band 7-9,noun,Simple,Present Simple
Persuaded,প্ররোচক,/pɜrswˈeɪdɪd/,"Because they persuadeded early, the project succeeded.","যেহেতু তারা আগেই প্ররোচক করেছিল, প্রকল্পটি সফল হয়েছিল।",Medium,IELTS Band 6-7,verb,Complex,Past Simple
Persuading,বিশ্বাস করান,/pɜrswˈeɪdɪŋ/,They persuading this issue every single day.,তারা প্রতিদিন এই বিষয়টি বিশ্বাস করান করে।,Hard,IELTS Band 7-9,verb,Simple,Present Simple
Pertinently,প্রাসঙ্গিকভাবে,/pˈɜrtɪnɪntli/,The plan was pertinently rejected by the committee.,পরিকল্পনাটি কমিটি প্রাসঙ্গিকভাবে প্রত্যাখ্যান করেছিল।,Hard,IELTS Band 7-9,adverb,Simple,Past Simple
Phenomenal,অসাধারণ,/fʌnˈɑmʌnʌl/,The area has become increasingly phenomenal in recent years.,সাম্প্রতিক বছরগুলোতে এলাকাটি ক্রমশ অসাধারণ হয়ে উঠেছে।,Hard,IELTS Band 7-9,adjective,Simple,Present Perfect
Phenomenon,ঘটমান বিষয়,/fʌnˈɑmʌnɑn/,Every student should understand the phenomenon before the exam.,পরীক্ষার আগে প্রতিটি শিক্ষার্থীর ঘটমান বিষয় সম্পর্কে বোঝা উচিত।,Hard,IELTS Band 7-9,noun,Simple,Present Simple
Philosophy,দর্শন,/fʌlˈɑsʌfi/,The philosophy will play a major role in the final decision.,চূড়ান্ত সিদ্ধান্তে দর্শন বড় ভূমিকা রাখবে।,Hard,IELTS Band 7-9,noun,Simple,Future Simple
Physiognomy,বাহ্যিক গঠন,,"Because of the physiognomy, the whole plan had to change.",বাহ্যিক গঠন-এর কারণে পুরো পরিকল্পনা বদলাতে হয়েছিল।,Hard,IELTS Band 7-9,noun,Complex,Past Simple
Picturesque,চিত্রসম্মত,/pˈɪktʃɜrʌsk/,The article discusses the picturesque in great detail.,প্রবন্ধটিতে চিত্রসম্মত নিয়ে বিস্তারিত আলোচনা করা হয়েছে।,Hard,IELTS Band 7-9,noun,Simple,Present Simple
picturing,চিত্রিত করা,/pˈɪktʃɜrɪŋ/,They picturing this issue every single day.,তারা প্রতিদিন এই বিষয়টি চিত্রিত করে।,Medium,IELTS Band 6-7,verb,Simple,Present Simple
Pigment,রঁজক পদার্থ,/pˈɪgmʌnt/,The area has become increasingly pigment in recent years.,সাম্প্রতিক বছরগুলোতে এলাকাটি ক্রমশ রঁজক পদার্থ হয়ে উঠেছে।,Medium,IELTS Band 6-7,adjective,Simple,Present Perfect
Pigments,রঞ্জক পদার্থ,/pˈɪgmʌnts/,Researchers have studied this pigments for many years.,গবেষকরা বহু বছর ধরে এই রঞ্জক পদার্থ নিয়ে গবেষণা করেছেন।,Medium,IELTS Band 6-7,noun,Simple,Present Perfect
pirates,জলদস্যু,/pˈaɪrʌts/,"Although the pirates seemed minor, it changed everything.","যদিও জলদস্যু বিষয়টি সামান্য মনে হয়েছিল, এটি সবকিছু বদলে দিয়েছিল।",Medium,IELTS Band 6-7,noun,Complex,Past Simple
Planks,কাঠের তক্তা,/plˈæŋks/,Every student should understand the planks before the exam.,পরীক্ষার আগে প্রতিটি শিক্ষার্থীর কাঠের তক্তা সম্পর্কে বোঝা উচিত।,Easy,IELTS Band 5-6,noun,Simple,Present Simple
Playful,কৌতুকপূর্ণ,/plˈeɪfʌl/,"Although it looked playful, the plan actually worked.","যদিও এটি কৌতুকপূর্ণ মনে হয়েছিল, পরিকল্পনাটি আসলে কাজ করেছিল।",Medium,IELTS Band 6-7,adjective,Complex,Past Simple
Please,পরিতুষ্ট করা/খুশি করা,/plˈiz/,"Because of the please, the whole plan had to change.",পরিতুষ্ট করা/খুশি করা-এর কারণে পুরো পরিকল্পনা বদলাতে হয়েছিল।,Easy,IELTS Band 5-6,noun,Complex,Past Simple
Pleasurable,আনন্দদায়ক,/plˈɛʒɜrʌbʌl/,The area has become increasingly pleasurable in recent years.,সাম্প্রতিক বছরগুলোতে এলাকাটি ক্রমশ আনন্দদায়ক হয়ে উঠেছে।,Hard,IELTS Band 7-9,adjective,Simple,Present Perfect
Ploughing,চাষ করা,,She ploughinged the problem before anyone noticed.,কেউ লক্ষ্য করার আগেই সে সমস্যাটি চাষ করেছিল।,Medium,IELTS Band 6-7,verb,Simple,Past Simple
Pods,খোলস,/pˈɑdz/,The pods was clearly explained in the report.,প্রতিবেদনে খোলস বিষয়টি স্পষ্টভাবে ব্যাখ্যা করা হয়েছিল।,Easy,IELTS Band 5-6,noun,Simple,Past Simple
Point out,খুঁজে বের করা,,Researchers have studied this point out for many years.,গবেষকরা বহু বছর ধরে এই খুঁজে বের করা নিয়ে গবেষণা করেছেন।,Medium,IELTS Band 6-7,noun,Simple,Present Perfect
Poisonous,বিষাক্ত,/pˈɔɪzʌnʌs/,"Although it looked poisonous, the plan actually worked.","যদিও এটি বিষাক্ত মনে হয়েছিল, পরিকল্পনাটি আসলে কাজ করেছিল।",Medium,IELTS Band 6-7,adjective,Complex,Past Simple
Polarised,বিভক্ত করা,,"Next year, the company will polarised this plan.",আগামী বছর কোম্পানিটি এই পরিকল্পনা বিভক্ত করবে।,Hard,IELTS Band 7-9,verb,Simple,Future Simple
Polite,ভদ্র,/pʌlˈaɪt/,The polite will play a major role in the final decision.,চূড়ান্ত সিদ্ধান্তে ভদ্র বড় ভূমিকা রাখবে।,Medium,IELTS Band 6-7,noun,Simple,Future Simple
Politely,ভদ্রভাবে,/pʌlˈaɪtli/,The plan was politely rejected by the committee.,পরিকল্পনাটি কমিটি ভদ্রভাবে প্রত্যাখ্যান করেছিল।,Medium,IELTS Band 6-7,adverb,Simple,Past Simple
Portable,বহনযোগ্য,/pˈɔrtʌbʌl/,The result was extremely portable.,ফলাফলটি অত্যন্ত বহনযোগ্য ছিল।,Medium,IELTS Band 6-7,adjective,Simple,Past Simple
Portray,ভাষায় বর্ণনা করা,/pɔrtrˈeɪ/,Scientists are still examining the portray closely.,বিজ্ঞানীরা এখনো ভাষায় বর্ণনা করা খুব কাছ থেকে পর্যবেক্ষণ করছেন।,Medium,IELTS Band 6-7,noun,Simple,Present Continuous
Possess,অধিকারী,/pʌzˈɛs/,The possess was clearly explained in the report.,প্রতিবেদনে অধিকারী বিষয়টি স্পষ্টভাবে ব্যাখ্যা করা হয়েছিল।,Medium,IELTS Band 6-7,noun,Simple,Past Simple
Possessed,আচ্ছন্ন/আবিষ্ট,/pʌzˈɛst/,The team is possesseding new ways to solve it.,দলটি এটি সমাধানের নতুন উপায় আচ্ছন্ন/আবিষ্ট করছে।,Medium,IELTS Band 6-7,verb,Simple,Present Continuous
Possession,দখল,/pʌzˈɛʃʌn/,"Although the possession seemed minor, it changed everything.","যদিও দখল বিষয়টি সামান্য মনে হয়েছিল, এটি সবকিছু বদলে দিয়েছিল।",Hard,IELTS Band 7-9,noun,Complex,Past Simple
Possible,সম্ভব,/pˈɑsʌbʌl/,"Because the situation was so possible, everyone took notice.",পরিস্থিতিটি এতটাই সম্ভব ছিল যে সবাই লক্ষ্য করেছিল।,Medium,IELTS Band 6-7,adjective,Complex,Past Simple
Posture,ভঙ্গি,/pˈɑstʃɜr/,The posture will play a major role in the final decision.,চূড়ান্ত সিদ্ধান্তে ভঙ্গি বড় ভূমিকা রাখবে।,Medium,IELTS Band 6-7,noun,Simple,Future Simple
potentially,সম্ভাব্য,/pʌtˈɛnʃʌli/,The plan was potentially rejected by the committee.,পরিকল্পনাটি কমিটি সম্ভাব্য প্রত্যাখ্যান করেছিল।,Hard,IELTS Band 7-9,adverb,Simple,Past Simple
Pouch,থলি,/pˈaʊtʃ/,The article discusses the pouch in great detail.,প্রবন্ধটিতে থলি নিয়ে বিস্তারিত আলোচনা করা হয়েছে।,Easy,IELTS Band 5-6,noun,Simple,Present Simple
Pounding,ধাক্কা,/pˈaʊndɪŋ/,"If we act now, we can pounding this matter.",এখন পদক্ষেপ নিলে আমরা বিষয়টি ধাক্কা করতে পারবো।,Medium,IELTS Band 6-7,verb,Complex,Present Simple
Practicable,বাস্তবসম্মত,/prˈæktʌkʌbʌl/,The area has become increasingly practicable in recent years.,সাম্প্রতিক বছরগুলোতে এলাকাটি ক্রমশ বাস্তবসম্মত হয়ে উঠেছে।,Hard,IELTS Band 7-9,adjective,Simple,Present Perfect
Practice,অনুশীলন করা/অভ্যাস,/prˈæktʌs/,Researchers have studied this practice for many years.,গবেষকরা বহু বছর ধরে এই অনুশীলন করা/অভ্যাস নিয়ে গবেষণা করেছেন।,Medium,IELTS Band 6-7,noun,Simple,Present Perfect
Practices,অভ্যাস/চর্চা/প্রথা,/prˈæktʌsʌz/,"Although the practices seemed minor, it changed everything.","যদিও অভ্যাস/চর্চা/প্রথা বিষয়টি সামান্য মনে হয়েছিল, এটি সবকিছু বদলে দিয়েছিল।",Medium,IELTS Band 6-7,noun,Complex,Past Simple
Prairie,বৃক্ষহীন তৃণভূমি,/prˈɛri/,Every student should understand the prairie before the exam.,পরীক্ষার আগে প্রতিটি শিক্ষার্থীর বৃক্ষহীন তৃণভূমি সম্পর্কে বোঝা উচিত।,Medium,IELTS Band 6-7,noun,Simple,Present Simple
Precipitation,বর্ষণ [২7,/prɪsɪpɪtˈeɪʃʌn/,The precipitation will play a major role in the final decision.,চূড়ান্ত সিদ্ধান্তে বর্ষণ [২7 বড় ভূমিকা রাখবে।,Hard,IELTS Band 7-9,noun,Simple,Future Simple
predated,পূর্ববর্তী,/pridˈeɪtɪd/,Experts have predateded this issue for decades.,বিশেষজ্ঞরা কয়েক দশক ধরে এই বিষয়টি পূর্ববর্তী করে আসছেন।,Medium,IELTS Band 6-7,verb,Simple,Present Perfect
Predisposition,প্রবণতা,/pridɪspʌzˈɪʃʌn/,The article discusses the predisposition in great detail.,প্রবন্ধটিতে প্রবণতা নিয়ে বিস্তারিত আলোচনা করা হয়েছে।,Hard,IELTS Band 7-9,noun,Simple,Present Simple
Predominant,প্রধান,/prɪdˈɑmʌnʌnt/,"Because the situation was so predominant, everyone took notice.",পরিস্থিতিটি এতটাই প্রধান ছিল যে সবাই লক্ষ্য করেছিল।,Hard,IELTS Band 7-9,adjective,Complex,Past Simple
Preference,পছন্দ,/prˈɛfɜrʌns/,The preference was clearly explained in the report.,প্রতিবেদনে পছন্দ বিষয়টি স্পষ্টভাবে ব্যাখ্যা করা হয়েছিল।,Hard,IELTS Band 7-9,noun,Simple,Past Simple
preferences,পছন্দসমূহ,/prˈɛfɜrʌnsɪz/,Researchers have studied this preferences for many years.,গবেষকরা বহু বছর ধরে এই পছন্দসমূহ নিয়ে গবেষণা করেছেন।,Hard,IELTS Band 7-9,noun,Simple,Present Perfect
Preferential,অগ্রাধিকারমূলক,/prɛfɜrˈɛnʃʌl/,"Although it looked preferential, the plan actually worked.","যদিও এটি অগ্রাধিকারমূলক মনে হয়েছিল, পরিকল্পনাটি আসলে কাজ করেছিল।",Hard,IELTS Band 7-9,adjective,Complex,Past Simple
Prefers,অধিকতর পছন্দ,/prʌfˈɜrz/,Every student should understand the prefers before the exam.,পরীক্ষার আগে প্রতিটি শিক্ষার্থীর অধিকতর পছন্দ সম্পর্কে বোঝা উচিত।,Medium,IELTS Band 6-7,noun,Simple,Present Simple
Prejudice,তি,/prˈɛdʒʌdɪs/,The prejudice will play a major role in the final decision.,চূড়ান্ত সিদ্ধান্তে তি বড় ভূমিকা রাখবে।,Hard,IELTS Band 7-9,noun,Simple,Future Simple
Prejudices,পক্ষপাত,/prˈɛdʒʌdɪsɪz/,"Because of the prejudices, the whole plan had to change.",পক্ষপাত-এর কারণে পুরো পরিকল্পনা বদলাতে হয়েছিল।,Hard,IELTS Band 7-9,noun,Complex,Past Simple
Premise,প্রতিজ্ঞা/উদাহরণ,/prˈɛmɪs/,The team is premising new ways to solve it.,দলটি এটি সমাধানের নতুন উপায় প্রতিজ্ঞা/উদাহরণ করছে।,Medium,IELTS Band 6-7,verb,Simple,Present Continuous
Prepare,প্রস্তুত করা,/pripˈɛr/,Scientists are still examining the prepare closely.,বিজ্ঞানীরা এখনো প্রস্তুত করা খুব কাছ থেকে পর্যবেক্ষণ করছেন।,Medium,IELTS Band 6-7,noun,Simple,Present Continuous
Preposterous,অযৌক্তিক,/prɪpˈɑstɜrʌs/,"Although it looked preposterous, the plan actually worked.","যদিও এটি অযৌক্তিক মনে হয়েছিল, পরিকল্পনাটি আসলে কাজ করেছিল।",Hard,IELTS Band 7-9,adjective,Complex,Past Simple
Presence,উপস্থিতি,/prˈɛzʌns/,Researchers have studied this presence for many years.,গবেষকরা বহু বছর ধরে এই উপস্থিতি নিয়ে গবেষণা করেছেন।,Medium,IELTS Band 6-7,noun,Simple,Present Perfect
Presentation,উপস্থাপনা,/prɛzʌntˈeɪʃʌn/,"Although the presentation seemed minor, it changed everything.","যদিও উপস্থাপনা বিষয়টি সামান্য মনে হয়েছিল, এটি সবকিছু বদলে দিয়েছিল।",Hard,IELTS Band 7-9,noun,Complex,Past Simple
Presented,উপস্থাপিত,/prizˈɛntɪd/,Experts have presenteded this issue for decades.,বিশেষজ্ঞরা কয়েক দশক ধরে এই বিষয়টি উপস্থাপিত করে আসছেন।,Medium,IELTS Band 6-7,verb,Simple,Present Perfect
Preserving,সংরক্ষিত রাখা,/prʌzˈɜrvɪŋ/,"If we act now, we can preserving this matter.",এখন পদক্ষেপ নিলে আমরা বিষয়টি সংরক্ষিত রাখা করতে পারবো।,Hard,IELTS Band 7-9,verb,Complex,Present Simple
Prestige,প্রতিপত্তি,/prɛstˈiʒ/,"Because of the prestige, the whole plan had to change.",প্রতিপত্তি-এর কারণে পুরো পরিকল্পনা বদলাতে হয়েছিল।,Medium,IELTS Band 6-7,noun,Complex,Past Simple
Presumable,অনুমানযোগ্য,,"Although it looked presumable, the plan actually worked.","যদিও এটি অনুমানযোগ্য মনে হয়েছিল, পরিকল্পনাটি আসলে কাজ করেছিল।",Hard,IELTS Band 7-9,adjective,Complex,Past Simple
Presupposition,অনুমান,/prisʌpʌzˈɪʃʌn/,Scientists are still examining the presupposition closely.,বিজ্ঞানীরা এখনো অনুমান খুব কাছ থেকে পর্যবেক্ষণ করছেন।,Hard,IELTS Band 7-9,noun,Simple,Present Continuous
Pretence,ভান/ভগ্তামি,,The pretence was clearly explained in the report.,প্রতিবেদনে ভান/ভগ্তামি বিষয়টি স্পষ্টভাবে ব্যাখ্যা করা হয়েছিল।,Medium,IELTS Band 6-7,noun,Simple,Past Simple
Pretty,সুন্দর,/prˈɪti/,Researchers have studied this pretty for many years.,গবেষকরা বহু বছর ধরে এই সুন্দর নিয়ে গবেষণা করেছেন।,Easy,IELTS Band 5-6,noun,Simple,Present Perfect
Priests,ধর্মযাজক,/prˈists/,"Although the priests seemed minor, it changed everything.","যদিও ধর্মযাজক বিষয়টি সামান্য মনে হয়েছিল, এটি সবকিছু বদলে দিয়েছিল।",Medium,IELTS Band 6-7,noun,Complex,Past Simple
Primary,প্রাথমিক,/prˈaɪmɛri/,It is primary to prepare well before the test.,পরীক্ষার আগে ভালোভাবে প্রস্তুতি নেওয়া প্রাথমিক।,Medium,IELTS Band 6-7,adjective,Simple,Present Simple
Principal,অধ্যক্ষ,/prˈɪnsʌpʌl/,"Although it looked principal, the plan actually worked.","যদিও এটি অধ্যক্ষ মনে হয়েছিল, পরিকল্পনাটি আসলে কাজ করেছিল।",Medium,IELTS Band 6-7,adjective,Complex,Past Simple
Prior,পূর্বে,/prˈaɪɜr/,"Because of the prior, the whole plan had to change.",পূর্বে-এর কারণে পুরো পরিকল্পনা বদলাতে হয়েছিল।,Easy,IELTS Band 5-6,noun,Complex,Past Simple
Priory,মঠ,/prˈaɪɜri/,The area has become increasingly priory in recent years.,সাম্প্রতিক বছরগুলোতে এলাকাটি ক্রমশ মঠ হয়ে উঠেছে।,Easy,IELTS Band 5-6,adjective,Simple,Present Perfect
Pristine,আদিম,/prˈɪstin/,Scientists are still examining the pristine closely.,বিজ্ঞানীরা এখনো আদিম খুব কাছ থেকে পর্যবেক্ষণ করছেন।,Medium,IELTS Band 6-7,noun,Simple,Present Continuous
Probable,সম্ভাব্য,/prˈɑbʌbʌl/,The result was extremely probable.,ফলাফলটি অত্যন্ত সম্ভাব্য ছিল।,Medium,IELTS Band 6-7,adjective,Simple,Past Simple
Probably,সম্ভবত,/prˈɑbʌbli/,The plan was probably rejected by the committee.,পরিকল্পনাটি কমিটি সম্ভবত প্রত্যাখ্যান করেছিল।,Medium,IELTS Band 6-7,adverb,Simple,Past Simple
Probation,পরীক্ষামূলক সময়,/proʊbˈeɪʃʌn/,"Although the probation seemed minor, it changed everything.","যদিও পরীক্ষামূলক সময় বিষয়টি সামান্য মনে হয়েছিল, এটি সবকিছু বদলে দিয়েছিল।",Medium,IELTS Band 6-7,noun,Complex,Past Simple
Proceed,এগিয়ে যাওয়া,/prʌsˈid/,The team is proceeding new ways to solve it.,দলটি এটি সমাধানের নতুন উপায় এগিয়ে যাওয়া করছে।,Medium,IELTS Band 6-7,verb,Simple,Present Continuous
Procession,মিছিল,/prʌsˈɛʃʌn/,The procession will play a major role in the final decision.,চূড়ান্ত সিদ্ধান্তে মিছিল বড় ভূমিকা রাখবে।,Hard,IELTS Band 7-9,noun,Simple,Future Simple
Proclaim,ঘোষণা,/proʊklˈeɪm/,"Because of the proclaim, the whole plan had to change.",ঘোষণা-এর কারণে পুরো পরিকল্পনা বদলাতে হয়েছিল।,Medium,IELTS Band 6-7,noun,Complex,Past Simple
Prodigious,বিস্ময়কর,/prʌdˈɪdʒʌs/,The result was extremely prodigious.,ফলাফলটি অত্যন্ত বিস্ময়কর ছিল।,Hard,IELTS Band 7-9,adjective,Simple,Past Simple
Production,উৎপাদন,/prʌdˈʌkʃʌn/,Scientists are still examining the production closely.,বিজ্ঞানীরা এখনো উৎপাদন খুব কাছ থেকে পর্যবেক্ষণ করছেন।,Hard,IELTS Band 7-9,noun,Simple,Present Continuous
Profession,পেশা,/prʌfˈɛʃʌn/,The profession was clearly explained in the report.,প্রতিবেদনে পেশা বিষয়টি স্পষ্টভাবে ব্যাখ্যা করা হয়েছিল।,Hard,IELTS Band 7-9,noun,Simple,Past Simple
Profitable,লাভজনক,/prˈɑfʌtʌbʌl/,Most experts consider this method quite profitable.,বেশিরভাগ বিশেষজ্ঞ এই পদ্ধতিটিকে বেশ লাভজনক মনে করেন।,Hard,IELTS Band 7-9,adjective,Simple,Present Simple
Progression,অগ্রগতি,/prʌgrˈɛʃʌn/,"Although the progression seemed minor, it changed everything.","যদিও অগ্রগতি বিষয়টি সামান্য মনে হয়েছিল, এটি সবকিছু বদলে দিয়েছিল।",Hard,IELTS Band 7-9,noun,Complex,Past Simple
Progressive,প্রগতিশীল,/prʌgrˈɛsɪv/,"Because the situation was so progressive, everyone took notice.",পরিস্থিতিটি এতটাই প্রগতিশীল ছিল যে সবাই লক্ষ্য করেছিল।,Hard,IELTS Band 7-9,adjective,Complex,Past Simple
Promising,সম্ভাবনাময়,/prˈɑmʌsɪŋ/,"Because they promisinged early, the project succeeded.","যেহেতু তারা আগেই সম্ভাবনাময় করেছিল, প্রকল্পটি সফল হয়েছিল।",Medium,IELTS Band 6-7,verb,Complex,Past Simple
promoted,উন্নীত,/prʌmˈoʊtɪd/,They promoted this issue every single day.,তারা প্রতিদিন এই বিষয়টি উন্নীত করে।,Medium,IELTS Band 6-7,verb,Simple,Present Simple
Propeller,চালক,/prʌpˈɛlɜr/,The article discusses the propeller in great detail.,প্রবন্ধটিতে চালক নিয়ে বিস্তারিত আলোচনা করা হয়েছে।,Medium,IELTS Band 6-7,noun,Simple,Present Simple
Properly,সঠিকভাবে,/prˈɑpɜrli/,"Because she worked properly, she finished on time.",সে সঠিকভাবে কাজ করেছিল বলে সময়মতো শেষ করতে পেরেছিল।,Medium,IELTS Band 6-7,adverb,Complex,Past Simple
Property,সম্পত্তি,/prˈɑpɜrti/,The property was clearly explained in the report.,প্রতিবেদনে সম্পত্তি বিষয়টি স্পষ্টভাবে ব্যাখ্যা করা হয়েছিল।,Medium,IELTS Band 6-7,noun,Simple,Past Simple
Proponents,প্রবক্তা,/prʌpˈoʊnʌnts/,Researchers have studied this proponents for many years.,গবেষকরা বহু বছর ধরে এই প্রবক্তা নিয়ে গবেষণা করেছেন।,Hard,IELTS Band 7-9,noun,Simple,Present Perfect
Proportional,সমানুপাতিক,/prʌpˈɔrʃʌnʌl/,The result was extremely proportional.,ফলাফলটি অত্যন্ত সমানুপাতিক ছিল।,Hard,IELTS Band 7-9,adjective,Simple,Past Simple
Proposal,প্রস্তাব,/prʌpˈoʊzʌl/,It is proposal to prepare well before the test.,পরীক্ষার আগে ভালোভাবে প্রস্তুতি নেওয়া প্রস্তাব।,Medium,IELTS Band 6-7,adjective,Simple,Present Simple
Protective,প্রতিরক্ষামূলক,/prʌtˈɛktɪv/,"Although it looked protective, the plan actually worked.","যদিও এটি প্রতিরক্ষামূলক মনে হয়েছিল, পরিকল্পনাটি আসলে কাজ করেছিল।",Hard,IELTS Band 7-9,adjective,Complex,Past Simple
prototype,আদিরূপ,/prˈoʊtʌtaɪp/,"Because of the prototype, the whole plan had to change.",আদিরূপ-এর কারণে পুরো পরিকল্পনা বদলাতে হয়েছিল।,Medium,IELTS Band 6-7,noun,Complex,Past Simple
Prove,প্রমাণ,/prˈuv/,The article discusses the prove in great detail.,প্রবন্ধটিতে প্রমাণ নিয়ে বিস্তারিত আলোচনা করা হয়েছে।,Easy,IELTS Band 5-6,noun,Simple,Present Simple
province,প্রদেশ,/prˈɑvʌns/,Scientists are still examining the province closely.,বিজ্ঞানীরা এখনো প্রদেশ খুব কাছ থেকে পর্যবেক্ষণ করছেন।,Medium,IELTS Band 6-7,noun,Simple,Present Continuous
Proving,প্রমাণ করা,/prˈuvɪŋ/,The team is provinging new ways to solve it.,দলটি এটি সমাধানের নতুন উপায় প্রমাণ করছে।,Medium,IELTS Band 6-7,verb,Simple,Present Continuous
Provocative,উত্তেজক,/proʊvˈɑkʌtɪv/,It is provocative to prepare well before the test.,পরীক্ষার আগে ভালোভাবে প্রস্তুতি নেওয়া উত্তেজক।,Hard,IELTS Band 7-9,adjective,Simple,Present Simple
prowled,চুপিসারে শিকারের বা লুঠের,,"Because they prowleded early, the project succeeded.","যেহেতু তারা আগেই চুপিসারে শিকারের বা লুঠের করেছিল, প্রকল্পটি সফল হয়েছিল।",Medium,IELTS Band 6-7,verb,Complex,Past Simple
Pseudo,মিথ্যা/নকল,/sˈudoʊ/,Every student should understand the pseudo before the exam.,পরীক্ষার আগে প্রতিটি শিক্ষার্থীর মিথ্যা/নকল সম্পর্কে বোঝা উচিত।,Easy,IELTS Band 5-6,noun,Simple,Present Simple
Publicity,প্রচার,/pʌblˈɪsʌti/,The publicity will play a major role in the final decision.,চূড়ান্ত সিদ্ধান্তে প্রচার বড় ভূমিকা রাখবে।,Medium,IELTS Band 6-7,noun,Simple,Future Simple
Publicly,প্রকাশ্যে,/pˈʌblɪkli/,The plan was publicly rejected by the committee.,পরিকল্পনাটি কমিটি প্রকাশ্যে প্রত্যাখ্যান করেছিল।,Medium,IELTS Band 6-7,adverb,Simple,Past Simple
Punctually,সময়মতো,,He punctually explains difficult topics in class.,সে ক্লাসে কঠিন বিষয়গুলো সময়মতো ব্যাখ্যা করে।,Hard,IELTS Band 7-9,adverb,Simple,Present Simple
Punishment,শাস্তি,/pˈʌnɪʃmʌnt/,It is punishment to prepare well before the test.,পরীক্ষার আগে ভালোভাবে প্রস্তুতি নেওয়া শাস্তি।,Hard,IELTS Band 7-9,adjective,Simple,Present Simple
Purchase,ক্রয়,/pˈɜrtʃʌs/,The purchase was clearly explained in the report.,প্রতিবেদনে ক্রয় বিষয়টি স্পষ্টভাবে ব্যাখ্যা করা হয়েছিল।,Medium,IELTS Band 6-7,noun,Simple,Past Simple
Purely,সম্পূর্ণভাবে,/pjˈʊrli/,The plan was purely rejected by the committee.,পরিকল্পনাটি কমিটি সম্পূর্ণভাবে প্রত্যাখ্যান করেছিল।,Easy,IELTS Band 5-6,adverb,Simple,Past Simple
Purpose,উদ্দেশ্য,/pˈɜrpʌs/,"Although the purpose seemed minor, it changed everything.","যদিও উদ্দেশ্য বিষয়টি সামান্য মনে হয়েছিল, এটি সবকিছু বদলে দিয়েছিল।",Medium,IELTS Band 6-7,noun,Complex,Past Simple
Pursue,অন্বেষণ করা,/pɜrsˈu/,Every student should understand the pursue before the exam.,পরীক্ষার আগে প্রতিটি শিক্ষার্থীর অন্বেষণ করা সম্পর্কে বোঝা উচিত।,Easy,IELTS Band 5-6,noun,Simple,Present Simple
Puzzle,ধাঁধা,/pˈʌzʌl/,The puzzle will play a major role in the final decision.,চূড়ান্ত সিদ্ধান্তে ধাঁধা বড় ভূমিকা রাখবে।,Easy,IELTS Band 5-6,noun,Simple,Future Simple
Qualification,যোগ্যতা,/kwɑlʌfʌkˈeɪʃʌn/,"Because of the qualification, the whole plan had to change.",যোগ্যতা-এর কারণে পুরো পরিকল্পনা বদলাতে হয়েছিল।,Hard,IELTS Band 7-9,noun,Complex,Past Simple
Quantitative,পরিমাপ সংক্রান্ত,/kwˈɑntɪteɪtɪv/,"Although it looked quantitative, the plan actually worked.","যদিও এটি পরিমাপ সংক্রান্ত মনে হয়েছিল, পরিকল্পনাটি আসলে কাজ করেছিল।",Hard,IELTS Band 7-9,adjective,Complex,Past Simple
quantities,পরিমাণ,/kwˈɑntʌtiz/,Scientists are still examining the quantities closely.,বিজ্ঞানীরা এখনো পরিমাণ খুব কাছ থেকে পর্যবেক্ষণ করছেন।,Hard,IELTS Band 7-9,noun,Simple,Present Continuous
Quenching,বন্ধ করা,/kwˈɛntʃɪŋ/,"Because they quenchinged early, the project succeeded.","যেহেতু তারা আগেই বন্ধ করেছিল, প্রকল্পটি সফল হয়েছিল।",Medium,IELTS Band 6-7,verb,Complex,Past Simple
Questionable,সন্দেহজনক,/kwˈɛstʃʌnʌbʌl/,"Because the situation was so questionable, everyone took notice.",পরিস্থিতিটি এতটাই সন্দেহজনক ছিল যে সবাই লক্ষ্য করেছিল।,Hard,IELTS Band 7-9,adjective,Complex,Past Simple
Queue,সারি,/kjˈu/,"Although the queue seemed minor, it changed everything.","যদিও সারি বিষয়টি সামান্য মনে হয়েছিল, এটি সবকিছু বদলে দিয়েছিল।",Easy,IELTS Band 5-6,noun,Complex,Past Simple
Quite,সম্পূর্ণভাবে,/kwˈaɪt/,Every student should understand the quite before the exam.,পরীক্ষার আগে প্রতিটি শিক্ষার্থীর সম্পূর্ণভাবে সম্পর্কে বোঝা উচিত।,Easy,IELTS Band 5-6,noun,Simple,Present Simple
Radical,মৌলিক,/rˈædʌkʌl/,"Although it looked radical, the plan actually worked.","যদিও এটি মৌলিক মনে হয়েছিল, পরিকল্পনাটি আসলে কাজ করেছিল।",Medium,IELTS Band 6-7,adjective,Complex,Past Simple
rainforest,ঘনবর্ষণ বনাঞ্চল,/rˈaɪnfɔrʌst/,"Because of the rainforest, the whole plan had to change.",ঘনবর্ষণ বনাঞ্চল-এর কারণে পুরো পরিকল্পনা বদলাতে হয়েছিল।,Hard,IELTS Band 7-9,noun,Complex,Past Simple
Raised,উথ্থিত,/rˈeɪzd/,"Next year, the company will raised this plan.",আগামী বছর কোম্পানিটি এই পরিকল্পনা উথ্থিত করবে।,Easy,IELTS Band 5-6,verb,Simple,Future Simple
Ranging,বিন্যস্ত করা,/rˈeɪndʒɪŋ/,"Because they ranginged early, the project succeeded.","যেহেতু তারা আগেই বিন্যস্ত করেছিল, প্রকল্পটি সফল হয়েছিল।",Medium,IELTS Band 6-7,verb,Complex,Past Simple
Rapid,দ্রুত,/rˈæpʌd/,The rapid was clearly explained in the report.,প্রতিবেদনে দ্রুত বিষয়টি স্পষ্টভাবে ব্যাখ্যা করা হয়েছিল।,Easy,IELTS Band 5-6,noun,Simple,Past Simple
React,প্রতিক্রিয়া,/riˈækt/,Researchers have studied this react for many years.,গবেষকরা বহু বছর ধরে এই প্রতিক্রিয়া নিয়ে গবেষণা করেছেন।,Easy,IELTS Band 5-6,noun,Simple,Present Perfect
React to,প্রতিক্রিয়া,,"Although the react to seemed minor, it changed everything.","যদিও প্রতিক্রিয়া বিষয়টি সামান্য মনে হয়েছিল, এটি সবকিছু বদলে দিয়েছিল।",Medium,IELTS Band 6-7,noun,Complex,Past Simple
Reacted,প্রতিক্রিয়া,/riˈæktɪd/,"If we act now, we can reacted this matter.",এখন পদক্ষেপ নিলে আমরা বিষয়টি প্রতিক্রিয়া করতে পারবো।,Medium,IELTS Band 6-7,verb,Complex,Present Simple
Reaction,প্রতিক্রিয়া,/riˈækʃʌn/,The reaction will play a major role in the final decision.,চূড়ান্ত সিদ্ধান্তে প্রতিক্রিয়া বড় ভূমিকা রাখবে।,Medium,IELTS Band 6-7,noun,Simple,Future Simple
readiness,প্রস্তুতি,/rˈɛdinʌs/,"Because of the readiness, the whole plan had to change.",প্রস্তুতি-এর কারণে পুরো পরিকল্পনা বদলাতে হয়েছিল।,Medium,IELTS Band 6-7,noun,Complex,Past Simple
realisable,উপলব্ষিযোগ্য/আয়ত্তসাধ্য,/riʌlˈaɪzʌbʌl/,The result was extremely realisable.,ফলাফলটি অত্যন্ত উপলব্ষিযোগ্য/আয়ত্তসাধ্য ছিল।,Hard,IELTS Band 7-9,adjective,Simple,Past Simple
Realism,বাস্তবতা,/rˈiʌlɪzʌm/,Scientists are still examining the realism closely.,বিজ্ঞানীরা এখনো বাস্তবতা খুব কাছ থেকে পর্যবেক্ষণ করছেন।,Medium,IELTS Band 6-7,noun,Simple,Present Continuous
Rear,পিছনে,/rˈɪr/,The rear was clearly explained in the report.,প্রতিবেদনে পিছনে বিষয়টি স্পষ্টভাবে ব্যাখ্যা করা হয়েছিল।,Easy,IELTS Band 5-6,noun,Simple,Past Simple
Rebuilt,পুনঃনির্মাণ,/ribˈɪlt/,Researchers have studied this rebuilt for many years.,গবেষকরা বহু বছর ধরে এই পুনঃনির্মাণ নিয়ে গবেষণা করেছেন।,Medium,IELTS Band 6-7,noun,Simple,Present Perfect
Recede,পূর্ব অবস্থা থেকে ফিরে আসা,/rɪsˈid/,"Although the recede seemed minor, it changed everything.","যদিও পূর্ব অবস্থা থেকে ফিরে আসা বিষয়টি সামান্য মনে হয়েছিল, এটি সবকিছু বদলে দিয়েছিল।",Medium,IELTS Band 6-7,noun,Complex,Past Simple
Receptacle,পাত্র,/rʌsˈɛptʌkʌl/,Every student should understand the receptacle before the exam.,পরীক্ষার আগে প্রতিটি শিক্ষার্থীর পাত্র সম্পর্কে বোঝা উচিত।,Hard,IELTS Band 7-9,noun,Simple,Present Simple
Recipe,প্রণালী,/rˈɛsʌpi/,The recipe will play a major role in the final decision.,চূড়ান্ত সিদ্ধান্তে প্রণালী বড় ভূমিকা রাখবে।,Medium,IELTS Band 6-7,noun,Simple,Future Simple
Recipient,প্রাপক,/rʌsˈɪpiʌnt/,It is recipient to prepare well before the test.,পরীক্ষার আগে ভালোভাবে প্রস্তুতি নেওয়া প্রাপক।,Medium,IELTS Band 6-7,adjective,Simple,Present Simple
Reciprocal,পারস্পরিক,/rɪsˈɪprʌkʌl/,"Although it looked reciprocal, the plan actually worked.","যদিও এটি পারস্পরিক মনে হয়েছিল, পরিকল্পনাটি আসলে কাজ করেছিল।",Hard,IELTS Band 7-9,adjective,Complex,Past Simple
Reciprocity,পারস্পরিকতা,/rɛsɪprˈɑsɪti/,Scientists are still examining the reciprocity closely.,বিজ্ঞানীরা এখনো পারস্পরিকতা খুব কাছ থেকে পর্যবেক্ষণ করছেন।,Hard,IELTS Band 7-9,noun,Simple,Present Continuous
Reckon,বোধ করা,/rˈɛkʌn/,The reckon was clearly explained in the report.,প্রতিবেদনে বোধ করা বিষয়টি স্পষ্টভাবে ব্যাখ্যা করা হয়েছিল।,Easy,IELTS Band 5-6,noun,Simple,Past Simple
Recognise,চেনা,/rˈɛkʌgnaɪz/,"If we act now, we can recognise this matter.",এখন পদক্ষেপ নিলে আমরা বিষয়টি চেনা করতে পারবো।,Hard,IELTS Band 7-9,verb,Complex,Present Simple
Recognize,চিনতে পারা,/rˈɛkʌgnaɪz/,The team is recognizing new ways to solve it.,দলটি এটি সমাধানের নতুন উপায় চিনতে পারা করছে।,Hard,IELTS Band 7-9,verb,Simple,Present Continuous
Recollection,স্মরণ,/rɛkʌlˈɛkʃʌn/,Every student should understand the recollection before the exam.,পরীক্ষার আগে প্রতিটি শিক্ষার্থীর স্মরণ সম্পর্কে বোঝা উচিত।,Hard,IELTS Band 7-9,noun,Simple,Present Simple
Recommend,সুপারিশ করা,/rɛkʌmˈɛnd/,The recommend will play a major role in the final decision.,চূড়ান্ত সিদ্ধান্তে সুপারিশ করা বড় ভূমিকা রাখবে।,Medium,IELTS Band 6-7,noun,Simple,Future Simple
Reconstruct,পুনরির্মাণ করা,/rikʌnstrˈʌkt/,"Because of the reconstruct, the whole plan had to change.",পুনরির্মাণ করা-এর কারণে পুরো পরিকল্পনা বদলাতে হয়েছিল।,Hard,IELTS Band 7-9,noun,Complex,Past Simple
Reconstructing,পুননির্মাণ,/rikʌnstrˈʌktɪŋ/,She reconstructinged the problem before anyone noticed.,কেউ লক্ষ্য করার আগেই সে সমস্যাটি পুননির্মাণ করেছিল।,Hard,IELTS Band 7-9,verb,Simple,Past Simple
Reconstruction,পুনর্গঠন,/rikʌnstrˈʌkʃʌn/,Scientists are still examining the reconstruction closely.,বিজ্ঞানীরা এখনো পুনর্গঠন খুব কাছ থেকে পর্যবেক্ষণ করছেন।,Hard,IELTS Band 7-9,noun,Simple,Present Continuous
recorded,নথিভুক্ত,/rʌkˈɔrdɪd/,"If we act now, we can recorded this matter.",এখন পদক্ষেপ নিলে আমরা বিষয়টি নথিভুক্ত করতে পারবো।,Medium,IELTS Band 6-7,verb,Complex,Present Simple
Recovery,পুনরুদ্ধার,/rɪkˈʌvri/,Researchers have studied this recovery for many years.,গবেষকরা বহু বছর ধরে এই পুনরুদ্ধার নিয়ে গবেষণা করেছেন।,Medium,IELTS Band 6-7,noun,Simple,Present Perfect
recreating,পুনরায় তৈরি করা,/rˈɛkrieɪtɪŋ/,"Next year, the company will recreating this plan.",আগামী বছর কোম্পানিটি এই পরিকল্পনা পুনরায় তৈরি করবে।,Hard,IELTS Band 7-9,verb,Simple,Future Simple
Recreational,বিনোদনমূলক,/rɛkriˈeɪʃʌnʌl/,Most experts consider this method quite recreational.,বেশিরভাগ বিশেষজ্ঞ এই পদ্ধতিটিকে বেশ বিনোদনমূলক মনে করেন।,Hard,IELTS Band 7-9,adjective,Simple,Present Simple
Recruit,নিয়োগ করা,/rʌkrˈut/,The recruit will play a major role in the final decision.,চূড়ান্ত সিদ্ধান্তে নিয়োগ করা বড় ভূমিকা রাখবে।,Medium,IELTS Band 6-7,noun,Simple,Future Simple
Recurring,পুনরাবৃত্তি,/rɪkˈɜrɪŋ/,She recurringed the problem before anyone noticed.,কেউ লক্ষ্য করার আগেই সে সমস্যাটি পুনরাবৃত্তি করেছিল।,Medium,IELTS Band 6-7,verb,Simple,Past Simple
Redevelop,পুনর্বিকাশ,/ridɪvˈɛlʌp/,The article discusses the redevelop in great detail.,প্রবন্ধটিতে পুনর্বিকাশ নিয়ে বিস্তারিত আলোচনা করা হয়েছে।,Hard,IELTS Band 7-9,noun,Simple,Present Simple
Reduce,কমানো,/rʌdˈus/,Scientists are still examining the reduce closely.,বিজ্ঞানীরা এখনো কমানো খুব কাছ থেকে পর্যবেক্ষণ করছেন।,Medium,IELTS Band 6-7,noun,Simple,Present Continuous
Redundancies,প্রাচুর্য,/rɪdˈʌndʌnsiz/,The redundancies was clearly explained in the report.,প্রতিবেদনে প্রাচুর্য বিষয়টি স্পষ্টভাবে ব্যাখ্যা করা হয়েছিল।,Hard,IELTS Band 7-9,noun,Simple,Past Simple
Reed,নল,/rˈid/,"Next year, the company will reed this plan.",আগামী বছর কোম্পানিটি এই পরিকল্পনা নল করবে।,Easy,IELTS Band 5-6,verb,Simple,Future Simple
Refuge,আশ্রয়,/rˈɛfjudʒ/,"Although the refuge seemed minor, it changed everything.","যদিও আশ্রয় বিষয়টি সামান্য মনে হয়েছিল, এটি সবকিছু বদলে দিয়েছিল।",Medium,IELTS Band 6-7,noun,Complex,Past Simple
Refund,ফেরত দেওয়া,/rɪfˈʌnd/,Every student should understand the refund before the exam.,পরীক্ষার আগে প্রতিটি শিক্ষার্থীর ফেরত দেওয়া সম্পর্কে বোঝা উচিত।,Easy,IELTS Band 5-6,noun,Simple,Present Simple
Refusal,প্রত্যাখ্যান,/rʌfjˈuzʌl/,The result was extremely refusal.,ফলাফলটি অত্যন্ত প্রত্যাখ্যান ছিল।,Medium,IELTS Band 6-7,adjective,Simple,Past Simple
Refuse,প্রত্যাখ্যান করা,/rʌfjˈuz/,"Because of the refuse, the whole plan had to change.",প্রত্যাখ্যান করা-এর কারণে পুরো পরিকল্পনা বদলাতে হয়েছিল।,Medium,IELTS Band 6-7,noun,Complex,Past Simple
regardless,অগ্রাহ্য করা,/rʌgˈɑrdlʌs/,"Although it looked regardless, the plan actually worked.","যদিও এটি অগ্রাহ্য করা মনে হয়েছিল, পরিকল্পনাটি আসলে কাজ করেছিল।",Hard,IELTS Band 7-9,adjective,Complex,Past Simple
Regenerate,সঙ্জীবিত করা,/ridʒˈɛnɜreɪt/,The team is regenerating new ways to solve it.,দলটি এটি সমাধানের নতুন উপায় সঙ্জীবিত করছে।,Hard,IELTS Band 7-9,verb,Simple,Present Continuous
Regenerative,পুনর্জন্মমূলক,,The area has become increasingly regenerative in recent years.,সাম্প্রতিক বছরগুলোতে এলাকাটি ক্রমশ পুনর্জন্মমূলক হয়ে উঠেছে।,Hard,IELTS Band 7-9,adjective,Simple,Present Perfect
Regimental,পূর্ণ সামরিক পরিচ্ছেদ,/rɛdʒʌmˈɛntʌl/,"Because the situation was so regimental, everyone took notice.",পরিস্থিতিটি এতটাই পূর্ণ সামরিক পরিচ্ছেদ ছিল যে সবাই লক্ষ্য করেছিল।,Hard,IELTS Band 7-9,adjective,Complex,Past Simple
Region,অঞ্চল,/rˈidʒʌn/,"Although the region seemed minor, it changed everything.","যদিও অঞ্চল বিষয়টি সামান্য মনে হয়েছিল, এটি সবকিছু বদলে দিয়েছিল।",Easy,IELTS Band 5-6,noun,Complex,Past Simple
Register,নিবন্ধন,/rˈɛdʒɪstɜr/,Every student should understand the register before the exam.,পরীক্ষার আগে প্রতিটি শিক্ষার্থীর নিবন্ধন সম্পর্কে বোঝা উচিত।,Medium,IELTS Band 6-7,noun,Simple,Present Simple
Regretted,অনুশোচনা,/rɪgrˈɛtɪd/,Experts have regretteded this issue for decades.,বিশেষজ্ঞরা কয়েক দশক ধরে এই বিষয়টি অনুশোচনা করে আসছেন।,Medium,IELTS Band 6-7,verb,Simple,Present Perfect
Regularities,নিয়মিততা,,"Because of the regularities, the whole plan had to change.",নিয়মিততা-এর কারণে পুরো পরিকল্পনা বদলাতে হয়েছিল।,Hard,IELTS Band 7-9,noun,Complex,Past Simple
regularity,নিয়মনিষ্ঠা/ ধারাবাহিকতা,/rɛgjʌlˈɛrʌti/,The article discusses the regularity in great detail.,প্রবন্ধটিতে নিয়মনিষ্ঠা/ ধারাবাহিকতা নিয়ে বিস্তারিত আলোচনা করা হয়েছে।,Hard,IELTS Band 7-9,noun,Simple,Present Simple
Regularly,নিয়মিতভাবে,/rˈɛgjʌlɜrli/,"Because she worked regularly, she finished on time.",সে নিয়মিতভাবে কাজ করেছিল বলে সময়মতো শেষ করতে পেরেছিল।,Medium,IELTS Band 6-7,adverb,Complex,Past Simple
Regulate,নিয়ন্ত্রণ,/rˈɛgjʌleɪt/,"Because they regulated early, the project succeeded.","যেহেতু তারা আগেই নিয়ন্ত্রণ করেছিল, প্রকল্পটি সফল হয়েছিল।",Hard,IELTS Band 7-9,verb,Complex,Past Simple
Regulation,নিয়ন্ত্রণ,/rɛgjʌlˈeɪʃʌn/,Researchers have studied this regulation for many years.,গবেষকরা বহু বছর ধরে এই নিয়ন্ত্রণ নিয়ে গবেষণা করেছেন।,Hard,IELTS Band 7-9,noun,Simple,Present Perfect
Regulations,নিয়ম,/rɛgjʌlˈeɪʃʌnz/,"Although the regulations seemed minor, it changed everything.","যদিও নিয়ম বিষয়টি সামান্য মনে হয়েছিল, এটি সবকিছু বদলে দিয়েছিল।",Hard,IELTS Band 7-9,noun,Complex,Past Simple
Reintroduce,পুনঃপ্রবর্তন,/riɪntrʌdˈus/,Every student should understand the reintroduce before the exam.,পরীক্ষার আগে প্রতিটি শিক্ষার্থীর পুনঃপ্রবর্তন সম্পর্কে বোঝা উচিত।,Hard,IELTS Band 7-9,noun,Simple,Present Simple
Reinvent,পুনরায় উদ্ভাবন,/riɪnvˈɛnt/,The area has become increasingly reinvent in recent years.,সাম্প্রতিক বছরগুলোতে এলাকাটি ক্রমশ পুনরায় উদ্ভাবন হয়ে উঠেছে।,Medium,IELTS Band 6-7,adjective,Simple,Present Perfect
Rekindle,পুনজীবিত করা,/rikˈɪndʌl/,"Because of the rekindle, the whole plan had to change.",পুনজীবিত করা-এর কারণে পুরো পরিকল্পনা বদলাতে হয়েছিল।,Medium,IELTS Band 6-7,noun,Complex,Past Simple
Relative,আত্মীয়,/rˈɛlʌtɪv/,The result was extremely relative.,ফলাফলটি অত্যন্ত আত্মীয় ছিল।,Hard,IELTS Band 7-9,adjective,Simple,Past Simple
Release,মুক্তি,/rilˈis/,Scientists are still examining the release closely.,বিজ্ঞানীরা এখনো মুক্তি খুব কাছ থেকে পর্যবেক্ষণ করছেন।,Medium,IELTS Band 6-7,noun,Simple,Present Continuous
Relentless,নিরলস,/rɪlˈɛntlɪs/,"Although it looked relentless, the plan actually worked.","যদিও এটি নিরলস মনে হয়েছিল, পরিকল্পনাটি আসলে কাজ করেছিল।",Hard,IELTS Band 7-9,adjective,Complex,Past Simple
Relevance,প্রাসঙ্গিকতা,/rˈɛlʌvʌns/,Researchers have studied this relevance for many years.,গবেষকরা বহু বছর ধরে এই প্রাসঙ্গিকতা নিয়ে গবেষণা করেছেন।,Hard,IELTS Band 7-9,noun,Simple,Present Perfect
Reliably,নির্ভরযোগ্যভাবে,/rɪlˈaɪʌbli/,He reliably explains difficult topics in class.,সে ক্লাসে কঠিন বিষয়গুলো নির্ভরযোগ্যভাবে ব্যাখ্যা করে।,Medium,IELTS Band 6-7,adverb,Simple,Present Simple
relied,নির্ভর করা,/rɪlˈaɪd/,"If we act now, we can relied this matter.",এখন পদক্ষেপ নিলে আমরা বিষয়টি নির্ভর করতে পারবো।,Easy,IELTS Band 5-6,verb,Complex,Present Simple
Religious,ধর্মীয়,/rɪlˈɪdʒʌs/,The result was extremely religious.,ফলাফলটি অত্যন্ত ধর্মীয় ছিল।,Medium,IELTS Band 6-7,adjective,Simple,Past Simple
Relocate,স্থানান্তর,/rilˈoʊkeɪt/,"Next year, the company will relocate this plan.",আগামী বছর কোম্পানিটি এই পরিকল্পনা স্থানান্তর করবে।,Hard,IELTS Band 7-9,verb,Simple,Future Simple
Reluctance,অনিচ্ছা,/rɪlˈʌktʌns/,The article discusses the reluctance in great detail.,প্রবন্ধটিতে অনিচ্ছা নিয়ে বিস্তারিত আলোচনা করা হয়েছে।,Hard,IELTS Band 7-9,noun,Simple,Present Simple
Reluctant,অনিচ্ছুক,/rɪlˈʌktʌnt/,Most experts consider this method quite reluctant.,বেশিরভাগ বিশেষজ্ঞ এই পদ্ধতিটিকে বেশ অনিচ্ছুক মনে করেন।,Medium,IELTS Band 6-7,adjective,Simple,Present Simple
Rely,নির্ভর করা,/rɪlˈaɪ/,She answered the question rely.,সে নির্ভর করা প্রশ্নের উত্তর দিয়েছিল।,Easy,IELTS Band 5-6,adverb,Simple,Past Simple
Relying,নির্ভর করা,/rilˈaɪɪŋ/,Experts have relyinged this issue for decades.,বিশেষজ্ঞরা কয়েক দশক ধরে এই বিষয়টি নির্ভর করে আসছেন।,Medium,IELTS Band 6-7,verb,Simple,Present Perfect
Remain,থাকা,/rɪmˈeɪn/,"Although the remain seemed minor, it changed everything.","যদিও থাকা বিষয়টি সামান্য মনে হয়েছিল, এটি সবকিছু বদলে দিয়েছিল।",Easy,IELTS Band 5-6,noun,Complex,Past Simple
remarks,মন্তব্য,/rɪmˈɑrks/,Every student should understand the remarks before the exam.,পরীক্ষার আগে প্রতিটি শিক্ষার্থীর মন্তব্য সম্পর্কে বোঝা উচিত।,Medium,IELTS Band 6-7,noun,Simple,Present Simple
Remedial,প্রতিকারমূলক,/rɪmˈidiʌl/,"Although it looked remedial, the plan actually worked.","যদিও এটি প্রতিকারমূলক মনে হয়েছিল, পরিকল্পনাটি আসলে কাজ করেছিল।",Medium,IELTS Band 6-7,adjective,Complex,Past Simple
Remnant,অবশিষ্টাংশ,/rˈɛmnʌnt/,Most experts consider this method quite remnant.,বেশিরভাগ বিশেষজ্ঞ এই পদ্ধতিটিকে বেশ অবশিষ্টাংশ মনে করেন।,Medium,IELTS Band 6-7,adjective,Simple,Present Simple
Removable,অপসারণযোগ্য,/rɪmˈuvʌbʌl/,The area has become increasingly removable in recent years.,সাম্প্রতিক বছরগুলোতে এলাকাটি ক্রমশ অপসারণযোগ্য হয়ে উঠেছে।,Hard,IELTS Band 7-9,adjective,Simple,Present Perfect
Remove,অপসারণ,/rimˈuv/,Scientists are still examining the remove closely.,বিজ্ঞানীরা এখনো অপসারণ খুব কাছ থেকে পর্যবেক্ষণ করছেন।,Medium,IELTS Band 6-7,noun,Simple,Present Continuous
Renaissance,নবজাগরণ,/rɛnʌsˈɑns/,The renaissance was clearly explained in the report.,প্রতিবেদনে নবজাগরণ বিষয়টি স্পষ্টভাবে ব্যাখ্যা করা হয়েছিল।,Hard,IELTS Band 7-9,noun,Simple,Past Simple
Repaid,পরিশোধিত,/ripˈeɪd/,Researchers have studied this repaid for many years.,গবেষকরা বহু বছর ধরে এই পরিশোধিত নিয়ে গবেষণা করেছেন।,Easy,IELTS Band 5-6,noun,Simple,Present Perfect
Repeated,পুনরাবৃত্ত,/rɪpˈitɪd/,The team is repeateding new ways to solve it.,দলটি এটি সমাধানের নতুন উপায় পুনরাবৃত্ত করছে।,Medium,IELTS Band 6-7,verb,Simple,Present Continuous
Repellent,প্রতিরোধক,/rɪpˈɛlʌnt/,Most experts consider this method quite repellent.,বেশিরভাগ বিশেষজ্ঞ এই পদ্ধতিটিকে বেশ প্রতিরোধক মনে করেন।,Medium,IELTS Band 6-7,adjective,Simple,Present Simple
Repercussion,প্রতিক্রিয়া,/ripɜrkˈʌʃʌn/,The repercussion will play a major role in the final decision.,চূড়ান্ত সিদ্ধান্তে প্রতিক্রিয়া বড় ভূমিকা রাখবে।,Hard,IELTS Band 7-9,noun,Simple,Future Simple
Repertoire,সংগ্রহ,/rˈɛpɜrtwɑr/,"Because of the repertoire, the whole plan had to change.",সংগ্রহ-এর কারণে পুরো পরিকল্পনা বদলাতে হয়েছিল।,Hard,IELTS Band 7-9,noun,Complex,Past Simple
Replenishment,পরিপূর্ণ করা,/rɪplˈɛnɪʃmʌnt/,The result was extremely replenishment.,ফলাফলটি অত্যন্ত পরিপূর্ণ করা ছিল।,Hard,IELTS Band 7-9,adjective,Simple,Past Simple
Replica,প্রতিরূপ,/rˈɛplɪkʌ/,Scientists are still examining the replica closely.,বিজ্ঞানীরা এখনো প্রতিরূপ খুব কাছ থেকে পর্যবেক্ষণ করছেন।,Medium,IELTS Band 6-7,noun,Simple,Present Continuous
replicable,প্রতিলিপিযোগ্য,,"Although it looked replicable, the plan actually worked.","যদিও এটি প্রতিলিপিযোগ্য মনে হয়েছিল, পরিকল্পনাটি আসলে কাজ করেছিল।",Hard,IELTS Band 7-9,adjective,Complex,Past Simple
Replicate,প্রতিলিপি,/rˈɛplʌkeɪt/,The team is replicating new ways to solve it.,দলটি এটি সমাধানের নতুন উপায় প্রতিলিপি করছে।,Hard,IELTS Band 7-9,verb,Simple,Present Continuous
Representation,প্রতিনিধিত্ব/বিবৃতি/চিত্র,/rɛprʌzɛntˈeɪʃʌn/,"Although the representation seemed minor, it changed everything.","যদিও প্রতিনিধিত্ব/বিবৃতি/চিত্র বিষয়টি সামান্য মনে হয়েছিল, এটি সবকিছু বদলে দিয়েছিল।",Hard,IELTS Band 7-9,noun,Complex,Past Simple
Reproduce,পুনরুৎপাদন,/riprʌdˈus/,Every student should understand the reproduce before the exam.,পরীক্ষার আগে প্রতিটি শিক্ষার্থীর পুনরুৎপাদন সম্পর্কে বোঝা উচিত।,Hard,IELTS Band 7-9,noun,Simple,Present Simple
reproductive,প্রজনন,/riprʌdˈʌktɪv/,The result was extremely reproductive.,ফলাফলটি অত্যন্ত প্রজনন ছিল।,Hard,IELTS Band 7-9,adjective,Simple,Past Simple
Reptile,সরীসৃপ,/rˈɛptaɪl/,"Because of the reptile, the whole plan had to change.",সরীসৃপ-এর কারণে পুরো পরিকল্পনা বদলাতে হয়েছিল।,Medium,IELTS Band 6-7,noun,Complex,Past Simple
Research,গবেষণা,/risˈɜrtʃ/,The article discusses the research in great detail.,প্রবন্ধটিতে গবেষণা নিয়ে বিস্তারিত আলোচনা করা হয়েছে।,Medium,IELTS Band 6-7,noun,Simple,Present Simple
Resemblance,সদৃশ্যতা,/rɪzˈɛmblʌns/,Scientists are still examining the resemblance closely.,বিজ্ঞানীরা এখনো সদৃশ্যতা খুব কাছ থেকে পর্যবেক্ষণ করছেন।,Hard,IELTS Band 7-9,noun,Simple,Present Continuous
Resemble,সদৃশ হওয়া,/rɪzˈɛmbʌl/,The resemble was clearly explained in the report.,প্রতিবেদনে সদৃশ হওয়া বিষয়টি স্পষ্টভাবে ব্যাখ্যা করা হয়েছিল।,Medium,IELTS Band 6-7,noun,Simple,Past Simple
Resembles,সদৃশ,/rɪzˈɛmbʌlz/,Researchers have studied this resembles for many years.,গবেষকরা বহু বছর ধরে এই সদৃশ নিয়ে গবেষণা করেছেন।,Medium,IELTS Band 6-7,noun,Simple,Present Perfect
Reservoir,জলাধার,/rˈɛzʌvwɑr/,"Although the reservoir seemed minor, it changed everything.","যদিও জলাধার বিষয়টি সামান্য মনে হয়েছিল, এটি সবকিছু বদলে দিয়েছিল।",Medium,IELTS Band 6-7,noun,Complex,Past Simple
Resident,বাসিন্দা,/rˈɛzɪdʌnt/,It is resident to prepare well before the test.,পরীক্ষার আগে ভালোভাবে প্রস্তুতি নেওয়া বাসিন্দা।,Medium,IELTS Band 6-7,adjective,Simple,Present Simple
Residential,আবাসিক,/rɛzɪdˈɛnʃʌl/,"Although it looked residential, the plan actually worked.","যদিও এটি আবাসিক মনে হয়েছিল, পরিকল্পনাটি আসলে কাজ করেছিল।",Hard,IELTS Band 7-9,adjective,Complex,Past Simple
Resistance,বাধা দান,/rɪzˈɪstʌns/,"Because of the resistance, the whole plan had to change.",বাধা দান-এর কারণে পুরো পরিকল্পনা বদলাতে হয়েছিল।,Hard,IELTS Band 7-9,noun,Complex,Past Simple
resolute,সংকল্প/ স্থিরসংকল্প,/rˈɛzʌlut/,The article discusses the resolute in great detail.,প্রবন্ধটিতে সংকল্প/ স্থিরসংকল্প নিয়ে বিস্তারিত আলোচনা করা হয়েছে।,Hard,IELTS Band 7-9,noun,Simple,Present Simple
Resonance,অনুরণন,/rˈɛzʌnʌns/,Scientists are still examining the resonance closely.,বিজ্ঞানীরা এখনো অনুরণন খুব কাছ থেকে পর্যবেক্ষণ করছেন।,Hard,IELTS Band 7-9,noun,Simple,Present Continuous
resort,অবলম্বন,/rɪzˈɔrt/,The resort was clearly explained in the report.,প্রতিবেদনে অবলম্বন বিষয়টি স্পষ্টভাবে ব্যাখ্যা করা হয়েছিল।,Easy,IELTS Band 5-6,noun,Simple,Past Simple
Respectful,সম্মানজনক,/rɪspˈɛktfʌl/,It is respectful to prepare well before the test.,পরীক্ষার আগে ভালোভাবে প্রস্তুতি নেওয়া সম্মানজনক।,Hard,IELTS Band 7-9,adjective,Simple,Present Simple
Resplendently,"ঝকঝকে, আলোক উজ্জ্বল",,He resplendently explains difficult topics in class.,"সে ক্লাসে কঠিন বিষয়গুলো ঝকঝকে, আলোক উজ্জ্বল ব্যাখ্যা করে।",Hard,IELTS Band 7-9,adverb,Simple,Present Simple
Respondent,উত্তরদাতা,/rɪspˈɑndʌnt/,Most experts consider this method quite respondent.,বেশিরভাগ বিশেষজ্ঞ এই পদ্ধতিটিকে বেশ উত্তরদাতা মনে করেন।,Hard,IELTS Band 7-9,adjective,Simple,Present Simple
Responsive,সারা দেওয়া,/rɪspˈɑnsɪv/,The area has become increasingly responsive in recent years.,সাম্প্রতিক বছরগুলোতে এলাকাটি ক্রমশ সারা দেওয়া হয়ে উঠেছে।,Hard,IELTS Band 7-9,adjective,Simple,Present Perfect
Restore,পুনরুদ্ধার,/rɪstˈɔr/,"Because of the restore, the whole plan had to change.",পুনরুদ্ধার-এর কারণে পুরো পরিকল্পনা বদলাতে হয়েছিল।,Medium,IELTS Band 6-7,noun,Complex,Past Simple
Restrict,সীমাবদ্ধ,/ristrˈɪkt/,The article discusses the restrict in great detail.,প্রবন্ধটিতে সীমাবদ্ধ নিয়ে বিস্তারিত আলোচনা করা হয়েছে।,Medium,IELTS Band 6-7,noun,Simple,Present Simple
Result in,ফলাফল,,Scientists are still examining the result in closely.,বিজ্ঞানীরা এখনো ফলাফল খুব কাছ থেকে পর্যবেক্ষণ করছেন।,Medium,IELTS Band 6-7,noun,Simple,Present Continuous
retaliation,বদলা/প্রতিফল,/ritæliˈeɪʃʌn/,The retaliation was clearly explained in the report.,প্রতিবেদনে বদলা/প্রতিফল বিষয়টি স্পষ্টভাবে ব্যাখ্যা করা হয়েছিল।,Hard,IELTS Band 7-9,noun,Simple,Past Simple
Retraining,পুনরায় আয়োজন,/ritrˈeɪnɪŋ/,They retraining this issue every single day.,তারা প্রতিদিন এই বিষয়টি পুনরায় আয়োজন করে।,Hard,IELTS Band 7-9,verb,Simple,Present Simple
Retrieval,পুনরুদ্ধার,/rɪtrˈivʌl/,The area has become increasingly retrieval in recent years.,সাম্প্রতিক বছরগুলোতে এলাকাটি ক্রমশ পুনরুদ্ধার হয়ে উঠেছে।,Medium,IELTS Band 6-7,adjective,Simple,Present Perfect
Retrieve,পুনরুদ্ধার করা,/rɪtrˈiv/,Every student should understand the retrieve before the exam.,পরীক্ষার আগে প্রতিটি শিক্ষার্থীর পুনরুদ্ধার করা সম্পর্কে বোঝা উচিত।,Medium,IELTS Band 6-7,noun,Simple,Present Simple
Retrospectively,পুনরায় বিবেচনা করা,/rɛtroʊspˈɛktɪvli/,She answered the question retrospectively.,সে পুনরায় বিবেচনা করা প্রশ্নের উত্তর দিয়েছিল।,Hard,IELTS Band 7-9,adverb,Simple,Past Simple
Reunited,পুনর্মিলিত হওয়া,/riunˈaɪtɪd/,The team is reuniteding new ways to solve it.,দলটি এটি সমাধানের নতুন উপায় পুনর্মিলিত হওয়া করছে।,Medium,IELTS Band 6-7,verb,Simple,Present Continuous
Revealed,প্রকাশ করা,/rɪvˈild/,"Next year, the company will revealed this plan.",আগামী বছর কোম্পানিটি এই পরিকল্পনা প্রকাশ করবে।,Medium,IELTS Band 6-7,verb,Simple,Future Simple
Revenue,রাজস্ব,/rˈɛvʌnu/,Scientists are still examining the revenue closely.,বিজ্ঞানীরা এখনো রাজস্ব খুব কাছ থেকে পর্যবেক্ষণ করছেন।,Medium,IELTS Band 6-7,noun,Simple,Present Continuous
Revere,শ্রদ্ধা,/rɪvˈɪr/,The revere was clearly explained in the report.,প্রতিবেদনে শ্রদ্ধা বিষয়টি স্পষ্টভাবে ব্যাখ্যা করা হয়েছিল।,Medium,IELTS Band 6-7,noun,Simple,Past Simple
Revered,শ্রদ্ধেয়,/rɪvˈɪrd/,She revereded the problem before anyone noticed.,কেউ লক্ষ্য করার আগেই সে সমস্যাটি শ্রদ্ধেয় করেছিল।,Medium,IELTS Band 6-7,verb,Simple,Past Simple
Reversion,প্রত্যাবর্তন,/rɪvˈɜrʒʌn/,"Although the reversion seemed minor, it changed everything.","যদিও প্রত্যাবর্তন বিষয়টি সামান্য মনে হয়েছিল, এটি সবকিছু বদলে দিয়েছিল।",Medium,IELTS Band 6-7,noun,Complex,Past Simple
Revert,প্রত্যাবর্তন করা,/rɪvˈɜrt/,Every student should understand the revert before the exam.,পরীক্ষার আগে প্রতিটি শিক্ষার্থীর প্রত্যাবর্তন করা সম্পর্কে বোঝা উচিত।,Easy,IELTS Band 5-6,noun,Simple,Present Simple
Revolutionary,বিপ্লবী,/rɛvʌlˈuʃʌnɛri/,"Although it looked revolutionary, the plan actually worked.","যদিও এটি বিপ্লবী মনে হয়েছিল, পরিকল্পনাটি আসলে কাজ করেছিল।",Hard,IELTS Band 7-9,adjective,Complex,Past Simple
Revolutionise,আমূল পরিবর্তন সাধন করা,,"Next year, the company will revolutionise this plan.",আগামী বছর কোম্পানিটি এই পরিকল্পনা আমূল পরিবর্তন সাধন করবে।,Hard,IELTS Band 7-9,verb,Simple,Future Simple
revolutionised,বৈপ্লবিক,,"Because they revolutioniseded early, the project succeeded.","যেহেতু তারা আগেই বৈপ্লবিক করেছিল, প্রকল্পটি সফল হয়েছিল।",Hard,IELTS Band 7-9,verb,Complex,Past Simple
ria,করা,/rˈiʌ/,Scientists are still examining the ria closely.,বিজ্ঞানীরা এখনো করা খুব কাছ থেকে পর্যবেক্ষণ করছেন।,Easy,IELTS Band 5-6,noun,Simple,Present Continuous
Rid,মুক্ত করা,/rˈɪd/,The rid was clearly explained in the report.,প্রতিবেদনে মুক্ত করা বিষয়টি স্পষ্টভাবে ব্যাখ্যা করা হয়েছিল।,Easy,IELTS Band 5-6,noun,Simple,Past Simple
Ridgeway,পাহাড়ি পথ,/rˈɪdʒweɪ/,Researchers have studied this ridgeway for many years.,গবেষকরা বহু বছর ধরে এই পাহাড়ি পথ নিয়ে গবেষণা করেছেন।,Medium,IELTS Band 6-7,noun,Simple,Present Perfect
Ridiculous,হাস্যকর,/rɪdˈɪkjʌlʌs/,"Although it looked ridiculous, the plan actually worked.","যদিও এটি হাস্যকর মনে হয়েছিল, পরিকল্পনাটি আসলে কাজ করেছিল।",Hard,IELTS Band 7-9,adjective,Complex,Past Simple
Rigid,অনমনীয়,/rˈɪdʒʌd/,Every student should understand the rigid before the exam.,পরীক্ষার আগে প্রতিটি শিক্ষার্থীর অনমনীয় সম্পর্কে বোঝা উচিত।,Easy,IELTS Band 5-6,noun,Simple,Present Simple
Rinse,ধোয়া,/rˈɪns/,The rinse will play a major role in the final decision.,চূড়ান্ত সিদ্ধান্তে ধোয়া বড় ভূমিকা রাখবে।,Easy,IELTS Band 5-6,noun,Simple,Future Simple
Ripe,পাকা,/rˈaɪp/,"Because of the ripe, the whole plan had to change.",পাকা-এর কারণে পুরো পরিকল্পনা বদলাতে হয়েছিল।,Easy,IELTS Band 5-6,noun,Complex,Past Simple
Risky,ঝুঁকিপূর্ণ,/rˈɪski/,The article discusses the risky in great detail.,প্রবন্ধটিতে ঝুঁকিপূর্ণ নিয়ে বিস্তারিত আলোচনা করা হয়েছে।,Easy,IELTS Band 5-6,noun,Simple,Present Simple
Rituals,ধর্মীয় আচার পদ্ধতি,/rˈɪtʃuʌlz/,Scientists are still examining the rituals closely.,বিজ্ঞানীরা এখনো ধর্মীয় আচার পদ্ধতি খুব কাছ থেকে পর্যবেক্ষণ করছেন।,Medium,IELTS Band 6-7,noun,Simple,Present Continuous
Roasted,রোস্ট করা,/rˈoʊstʌd/,Experts have roasteded this issue for decades.,বিশেষজ্ঞরা কয়েক দশক ধরে এই বিষয়টি রোস্ট করে আসছেন।,Medium,IELTS Band 6-7,verb,Simple,Present Perfect
Robbers,লুটেরা,/rˈɑbɜrz/,Researchers have studied this robbers for many years.,গবেষকরা বহু বছর ধরে এই লুটেরা নিয়ে গবেষণা করেছেন।,Medium,IELTS Band 6-7,noun,Simple,Present Perfect
Root,মূল,/rˈut/,"Although the root seemed minor, it changed everything.","যদিও মূল বিষয়টি সামান্য মনে হয়েছিল, এটি সবকিছু বদলে দিয়েছিল।",Easy,IELTS Band 5-6,noun,Complex,Past Simple
Ropes,দড়ি,/rˈoʊps/,Every student should understand the ropes before the exam.,পরীক্ষার আগে প্রতিটি শিক্ষার্থীর দড়ি সম্পর্কে বোঝা উচিত।,Easy,IELTS Band 5-6,noun,Simple,Present Simple
Rotating,আবর্তিত করা,/rˈoʊteɪtɪŋ/,"Because they rotatinged early, the project succeeded.","যেহেতু তারা আগেই আবর্তিত করেছিল, প্রকল্পটি সফল হয়েছিল।",Medium,IELTS Band 6-7,verb,Complex,Past Simple
Royal,রাজকীয়,/rˈɔɪʌl/,It is royal to prepare well before the test.,পরীক্ষার আগে ভালোভাবে প্রস্তুতি নেওয়া রাজকীয়।,Easy,IELTS Band 5-6,adjective,Simple,Present Simple
Rub,ঘষা,/rˈʌb/,The article discusses the rub in great detail.,প্রবন্ধটিতে ঘষা নিয়ে বিস্তারিত আলোচনা করা হয়েছে।,Easy,IELTS Band 5-6,noun,Simple,Present Simple
Rubbish,আবর্জনা,/rˈʌbɪʃ/,Most experts consider this method quite rubbish.,বেশিরভাগ বিশেষজ্ঞ এই পদ্ধতিটিকে বেশ আবর্জনা মনে করেন।,Medium,IELTS Band 6-7,adjective,Simple,Present Simple
Ruin,ধ্বংস,/rˈuʌn/,The ruin was clearly explained in the report.,প্রতিবেদনে ধ্বংস বিষয়টি স্পষ্টভাবে ব্যাখ্যা করা হয়েছিল।,Easy,IELTS Band 5-6,noun,Simple,Past Simple
Rural,গ্রামীণ,/rˈʊrʌl/,"Because the situation was so rural, everyone took notice.",পরিস্থিতিটি এতটাই গ্রামীণ ছিল যে সবাই লক্ষ্য করেছিল।,Easy,IELTS Band 5-6,adjective,Complex,Past Simple
Rush,ভিড়,/rˈʌʃ/,"Although the rush seemed minor, it changed everything.","যদিও ভিড় বিষয়টি সামান্য মনে হয়েছিল, এটি সবকিছু বদলে দিয়েছিল।",Easy,IELTS Band 5-6,noun,Complex,Past Simple
ruthless,নির্মম/নিষ্ঠুর,/rˈuθlʌs/,It is ruthless to prepare well before the test.,পরীক্ষার আগে ভালোভাবে প্রস্তুতি নেওয়া নির্মম/নিষ্ঠুর।,Medium,IELTS Band 6-7,adjective,Simple,Present Simple
Safely,নিরাপদে,/sˈeɪfli/,She answered the question safely.,সে নিরাপদে প্রশ্নের উত্তর দিয়েছিল।,Easy,IELTS Band 5-6,adverb,Simple,Past Simple
Safety,নিরাপত্তা,/sˈeɪfti/,"Because of the safety, the whole plan had to change.",নিরাপত্তা-এর কারণে পুরো পরিকল্পনা বদলাতে হয়েছিল।,Easy,IELTS Band 5-6,noun,Complex,Past Simple
Sagebrush,চিত্রকরের তুলি,/sˈeɪdʒbrʌʃ/,The article discusses the sagebrush in great detail.,প্রবন্ধটিতে চিত্রকরের তুলি নিয়ে বিস্তারিত আলোচনা করা হয়েছে।,Medium,IELTS Band 6-7,noun,Simple,Present Simple
Salient,প্রধান,/sˈeɪliʌnt/,"Because the situation was so salient, everyone took notice.",পরিস্থিতিটি এতটাই প্রধান ছিল যে সবাই লক্ষ্য করেছিল।,Medium,IELTS Band 6-7,adjective,Complex,Past Simple
Scale,পাল্লা,/skˈeɪl/,The scale was clearly explained in the report.,প্রতিবেদনে পাল্লা বিষয়টি স্পষ্টভাবে ব্যাখ্যা করা হয়েছিল।,Easy,IELTS Band 5-6,noun,Simple,Past Simple
Scarcity,অভাব,/skˈɛrsɪti/,Researchers have studied this scarcity for many years.,গবেষকরা বহু বছর ধরে এই অভাব নিয়ে গবেষণা করেছেন।,Medium,IELTS Band 6-7,noun,Simple,Present Perfect
Scarecrow,কাকতাড়ুয়া -,/skˈærkroʊ/,"Although the scarecrow seemed minor, it changed everything.","যদিও কাকতাড়ুয়া - বিষয়টি সামান্য মনে হয়েছিল, এটি সবকিছু বদলে দিয়েছিল।",Medium,IELTS Band 6-7,noun,Complex,Past Simple
Scatter,ছড়ান/বিক্ষিপ্ত করা,/skˈætɜr/,Every student should understand the scatter before the exam.,পরীক্ষার আগে প্রতিটি শিক্ষার্থীর ছড়ান/বিক্ষিপ্ত করা সম্পর্কে বোঝা উচিত।,Medium,IELTS Band 6-7,noun,Simple,Present Simple
Scattered,বিক্ষিপ্ত,/skˈætɜrd/,She scattereded the problem before anyone noticed.,কেউ লক্ষ্য করার আগেই সে সমস্যাটি বিক্ষিপ্ত করেছিল।,Medium,IELTS Band 6-7,verb,Simple,Past Simple
Scenic,দর্শনীয়,/sˈinɪk/,"Because the situation was so scenic, everyone took notice.",পরিস্থিতিটি এতটাই দর্শনীয় ছিল যে সবাই লক্ষ্য করেছিল।,Easy,IELTS Band 5-6,adjective,Complex,Past Simple
sceptical,সন্দেহ প্রবণ,,The result was extremely sceptical.,ফলাফলটি অত্যন্ত সন্দেহ প্রবণ ছিল।,Medium,IELTS Band 6-7,adjective,Simple,Past Simple
Scepticism,সংশয়বাদ,,Scientists are still examining the scepticism closely.,বিজ্ঞানীরা এখনো সংশয়বাদ খুব কাছ থেকে পর্যবেক্ষণ করছেন।,Hard,IELTS Band 7-9,noun,Simple,Present Continuous
Schizophrenia,মানসিক রোগ বিশেষ,/skɪtsʌfrˈiniʌ/,The schizophrenia was clearly explained in the report.,প্রতিবেদনে মানসিক রোগ বিশেষ বিষয়টি স্পষ্টভাবে ব্যাখ্যা করা হয়েছিল।,Hard,IELTS Band 7-9,noun,Simple,Past Simple
Scholar,পণ্তিত,/skˈɑlɜr/,Researchers have studied this scholar for many years.,গবেষকরা বহু বছর ধরে এই পণ্তিত নিয়ে গবেষণা করেছেন।,Medium,IELTS Band 6-7,noun,Simple,Present Perfect
Scope,সুযোগ,/skˈoʊp/,"Although the scope seemed minor, it changed everything.","যদিও সুযোগ বিষয়টি সামান্য মনে হয়েছিল, এটি সবকিছু বদলে দিয়েছিল।",Easy,IELTS Band 5-6,noun,Complex,Past Simple
Scrap,ছাঁটাই করা,/skrˈæp/,Every student should understand the scrap before the exam.,পরীক্ষার আগে প্রতিটি শিক্ষার্থীর ছাঁটাই করা সম্পর্কে বোঝা উচিত।,Easy,IELTS Band 5-6,noun,Simple,Present Simple
scratchy,অপটু,/skrˈætʃi/,The scratchy will play a major role in the final decision.,চূড়ান্ত সিদ্ধান্তে অপটু বড় ভূমিকা রাখবে।,Medium,IELTS Band 6-7,noun,Simple,Future Simple
Scribe,লেখক,/skrˈaɪb/,"Because of the scribe, the whole plan had to change.",লেখক-এর কারণে পুরো পরিকল্পনা বদলাতে হয়েছিল।,Easy,IELTS Band 5-6,noun,Complex,Past Simple
Scrutiny,সুবিবেচনা,/skrˈutʌni/,The article discusses the scrutiny in great detail.,প্রবন্ধটিতে সুবিবেচনা নিয়ে বিস্তারিত আলোচনা করা হয়েছে।,Medium,IELTS Band 6-7,noun,Simple,Present Simple
Sculpture,ভাক্কর্য,/skˈʌlptʃɜr/,Scientists are still examining the sculpture closely.,বিজ্ঞানীরা এখনো ভাক্কর্য খুব কাছ থেকে পর্যবেক্ষণ করছেন।,Medium,IELTS Band 6-7,noun,Simple,Present Continuous
seabed,সমুদ্রতল,/sˈibɛd/,"Because they seabeded early, the project succeeded.","যেহেতু তারা আগেই সমুদ্রতল করেছিল, প্রকল্পটি সফল হয়েছিল।",Easy,IELTS Band 5-6,verb,Complex,Past Simple
seamless,বিরামহীন,/sˈimlʌs/,"Because the situation was so seamless, everyone took notice.",পরিস্থিতিটি এতটাই বিরামহীন ছিল যে সবাই লক্ষ্য করেছিল।,Medium,IELTS Band 6-7,adjective,Complex,Past Simple
Seat,আসন,/sˈit/,"Although the seat seemed minor, it changed everything.","যদিও আসন বিষয়টি সামান্য মনে হয়েছিল, এটি সবকিছু বদলে দিয়েছিল।",Easy,IELTS Band 5-6,noun,Complex,Past Simple
Seaweed,সামুদ্রিক উদ্ভিদ,/sˈiwid/,Experts have seaweeded this issue for decades.,বিশেষজ্ঞরা কয়েক দশক ধরে এই বিষয়টি সামুদ্রিক উদ্ভিদ করে আসছেন।,Medium,IELTS Band 6-7,verb,Simple,Present Perfect
Secrets,গোপনীয়তা,/sˈikrʌts/,The secrets will play a major role in the final decision.,চূড়ান্ত সিদ্ধান্তে গোপনীয়তা বড় ভূমিকা রাখবে।,Medium,IELTS Band 6-7,noun,Simple,Future Simple
Sectarian,সাম্প্রদায়িক,/sɛktˈɛriʌn/,"Because of the sectarian, the whole plan had to change.",সাম্প্রদায়িক-এর কারণে পুরো পরিকল্পনা বদলাতে হয়েছিল।,Medium,IELTS Band 6-7,noun,Complex,Past Simple
Sector,বিভাগ,/sˈɛktɜr/,The article discusses the sector in great detail.,প্রবন্ধটিতে বিভাগ নিয়ে বিস্তারিত আলোচনা করা হয়েছে।,Easy,IELTS Band 5-6,noun,Simple,Present Simple
Secure,নিরাপদ,/sɪkjˈʊr/,Scientists are still examining the secure closely.,বিজ্ঞানীরা এখনো নিরাপদ খুব কাছ থেকে পর্যবেক্ষণ করছেন।,Medium,IELTS Band 6-7,noun,Simple,Present Continuous
Sediments,তলানি,/sˈɛdʌmʌnts/,The sediments was clearly explained in the report.,প্রতিবেদনে তলানি বিষয়টি স্পষ্টভাবে ব্যাখ্যা করা হয়েছিল।,Medium,IELTS Band 6-7,noun,Simple,Past Simple
Seem,মনে হয়,/sˈim/,Researchers have studied this seem for many years.,গবেষকরা বহু বছর ধরে এই মনে হয় নিয়ে গবেষণা করেছেন।,Easy,IELTS Band 5-6,noun,Simple,Present Perfect
Seemingly,আপাতদৃষ্টিতে,/sˈimɪŋli/,He seemingly explains difficult topics in class.,সে ক্লাসে কঠিন বিষয়গুলো আপাতদৃষ্টিতে ব্যাখ্যা করে।,Medium,IELTS Band 6-7,adverb,Simple,Present Simple
Segments,অংশ,/sˈɛgmʌnts/,Every student should understand the segments before the exam.,পরীক্ষার আগে প্রতিটি শিক্ষার্থীর অংশ সম্পর্কে বোঝা উচিত।,Medium,IELTS Band 6-7,noun,Simple,Present Simple
Seize,জব্দ করা,/sˈiz/,The team is seizing new ways to solve it.,দলটি এটি সমাধানের নতুন উপায় জব্দ করছে।,Easy,IELTS Band 5-6,verb,Simple,Present Continuous
Seldom,বিরল,/sˈɛldʌm/,"Because of the seldom, the whole plan had to change.",বিরল-এর কারণে পুরো পরিকল্পনা বদলাতে হয়েছিল।,Easy,IELTS Band 5-6,noun,Complex,Past Simple
self-centred,অব,,"Because they self-centreded early, the project succeeded.","যেহেতু তারা আগেই অব করেছিল, প্রকল্পটি সফল হয়েছিল।",Hard,IELTS Band 7-9,verb,Complex,Past Simple
Seminar,সেমিনার,/sˈɛmʌnɑr/,Scientists are still examining the seminar closely.,বিজ্ঞানীরা এখনো সেমিনার খুব কাছ থেকে পর্যবেক্ষণ করছেন।,Medium,IELTS Band 6-7,noun,Simple,Present Continuous
Sensational,সাড়া জাগানো,/sɛnsˈeɪʃʌnʌl/,"Although it looked sensational, the plan actually worked.","যদিও এটি সাড়া জাগানো মনে হয়েছিল, পরিকল্পনাটি আসলে কাজ করেছিল।",Hard,IELTS Band 7-9,adjective,Complex,Past Simple
Sensible,বুদ্ধিমান,/sˈɛnsʌbʌl/,Most experts consider this method quite sensible.,বেশিরভাগ বিশেষজ্ঞ এই পদ্ধতিটিকে বেশ বুদ্ধিমান মনে করেন।,Medium,IELTS Band 6-7,adjective,Simple,Present Simple
Sequence,ক্রমানুসারে,/sˈikwʌns/,"Although the sequence seemed minor, it changed everything.","যদিও ক্রমানুসারে বিষয়টি সামান্য মনে হয়েছিল, এটি সবকিছু বদলে দিয়েছিল।",Medium,IELTS Band 6-7,noun,Complex,Past Simple
Serious,গুরুতর,/sˈɪriʌs/,"Because the situation was so serious, everyone took notice.",পরিস্থিতিটি এতটাই গুরুতর ছিল যে সবাই লক্ষ্য করেছিল।,Medium,IELTS Band 6-7,adjective,Complex,Past Simple
Serve,পরিবেশন করা,/sˈɜrv/,The serve will play a major role in the final decision.,চূড়ান্ত সিদ্ধান্তে পরিবেশন করা বড় ভূমিকা রাখবে।,Easy,IELTS Band 5-6,noun,Simple,Future Simple
Set-up,বিন্যাস,/sˈɛtʌp/,"Because of the set-up, the whole plan had to change.",বিন্যাস-এর কারণে পুরো পরিকল্পনা বদলাতে হয়েছিল।,Easy,IELTS Band 5-6,noun,Complex,Past Simple
setbacks,বিপত্তি,/sˈɛtbæks/,The article discusses the setbacks in great detail.,প্রবন্ধটিতে বিপত্তি নিয়ে বিস্তারিত আলোচনা করা হয়েছে।,Medium,IELTS Band 6-7,noun,Simple,Present Simple
Settlements,মীমাংসা,/sˈɛtʌlmʌnts/,Scientists are still examining the settlements closely.,বিজ্ঞানীরা এখনো মীমাংসা খুব কাছ থেকে পর্যবেক্ষণ করছেন।,Hard,IELTS Band 7-9,noun,Simple,Present Continuous
Severely,গুরুতরভাবে,/sʌvˈɪrli/,She answered the question severely.,সে গুরুতরভাবে প্রশ্নের উত্তর দিয়েছিল।,Medium,IELTS Band 6-7,adverb,Simple,Past Simple
Shaft,কুড়ালের হাতল,/ʃˈæft/,Researchers have studied this shaft for many years.,গবেষকরা বহু বছর ধরে এই কুড়ালের হাতল নিয়ে গবেষণা করেছেন।,Easy,IELTS Band 5-6,noun,Simple,Present Perfect
Shallow,অগভীর,/ʃˈæloʊ/,"Although the shallow seemed minor, it changed everything.","যদিও অগভীর বিষয়টি সামান্য মনে হয়েছিল, এটি সবকিছু বদলে দিয়েছিল।",Medium,IELTS Band 6-7,noun,Complex,Past Simple
Shape,আকৃতি,/ʃˈeɪp/,Every student should understand the shape before the exam.,পরীক্ষার আগে প্রতিটি শিক্ষার্থীর আকৃতি সম্পর্কে বোঝা উচিত।,Easy,IELTS Band 5-6,noun,Simple,Present Simple
Sharpen,শান দেওয়া,/ʃˈɑrpʌn/,"Because they sharpened early, the project succeeded.","যেহেতু তারা আগেই শান দেওয়া করেছিল, প্রকল্পটি সফল হয়েছিল।",Medium,IELTS Band 6-7,verb,Complex,Past Simple
Sheer,সম্পূর্ণ,/ʃˈɪr/,"Because of the sheer, the whole plan had to change.",সম্পূর্ণ-এর কারণে পুরো পরিকল্পনা বদলাতে হয়েছিল।,Easy,IELTS Band 5-6,noun,Complex,Past Simple
shells,ঝিনুক,/ʃˈɛlz/,The article discusses the shells in great detail.,প্রবন্ধটিতে ঝিনুক নিয়ে বিস্তারিত আলোচনা করা হয়েছে।,Easy,IELTS Band 5-6,noun,Simple,Present Simple
Shore,তীর,/ʃˈɔr/,Scientists are still examining the shore closely.,বিজ্ঞানীরা এখনো তীর খুব কাছ থেকে পর্যবেক্ষণ করছেন।,Easy,IELTS Band 5-6,noun,Simple,Present Continuous
Shrines,মন্দির,/ʃrˈaɪnz/,The shrines was clearly explained in the report.,প্রতিবেদনে মন্দির বিষয়টি স্পষ্টভাবে ব্যাখ্যা করা হয়েছিল।,Medium,IELTS Band 6-7,noun,Simple,Past Simple
Shriveled,কোঁকড়ানো,/ʃrˈɪvʌld/,The team is shriveleding new ways to solve it.,দলটি এটি সমাধানের নতুন উপায় কোঁকড়ানো করছে।,Medium,IELTS Band 6-7,verb,Simple,Present Continuous
Siege,অবরোধ,/sˈidʒ/,"Although the siege seemed minor, it changed everything.","যদিও অবরোধ বিষয়টি সামান্য মনে হয়েছিল, এটি সবকিছু বদলে দিয়েছিল।",Easy,IELTS Band 5-6,noun,Complex,Past Simple
Sign up,নিবন্ধন,,Every student should understand the sign up before the exam.,পরীক্ষার আগে প্রতিটি শিক্ষার্থীর নিবন্ধন সম্পর্কে বোঝা উচিত।,Medium,IELTS Band 6-7,noun,Simple,Present Simple
Significantly,উল্লেখযোগ্যভাবে,/sɪgnˈɪfɪkʌntli/,She answered the question significantly.,সে উল্লেখযোগ্যভাবে প্রশ্নের উত্তর দিয়েছিল।,Hard,IELTS Band 7-9,adverb,Simple,Past Simple
Similar,অনুরূপ,/sˈɪmʌlɜr/,"Because of the similar, the whole plan had to change.",অনুরূপ-এর কারণে পুরো পরিকল্পনা বদলাতে হয়েছিল।,Medium,IELTS Band 6-7,noun,Complex,Past Simple
Similarly,একইভাবে,/sˈɪmʌlɜrli/,He similarly explains difficult topics in class.,সে ক্লাসে কঠিন বিষয়গুলো একইভাবে ব্যাখ্যা করে।,Medium,IELTS Band 6-7,adverb,Simple,Present Simple
Simplifying,সহজতর করা,/sˈɪmplʌfaɪɪŋ/,"If we act now, we can simplifying this matter.",এখন পদক্ষেপ নিলে আমরা বিষয়টি সহজতর করতে পারবো।,Hard,IELTS Band 7-9,verb,Complex,Present Simple
Simulate,নকল করা,/sˈɪmjʌlʌt/,The team is simulating new ways to solve it.,দলটি এটি সমাধানের নতুন উপায় নকল করছে।,Hard,IELTS Band 7-9,verb,Simple,Present Continuous
Simulated,অনুকরণ করা,/sˈɪmjʌleɪtɪd/,"Next year, the company will simulated this plan.",আগামী বছর কোম্পানিটি এই পরিকল্পনা অনুকরণ করবে।,Hard,IELTS Band 7-9,verb,Simple,Future Simple
simultaneous,যুগপত/সমসাময়িক,/saɪmʌltˈeɪniʌs/,The area has become increasingly simultaneous in recent years.,সাম্প্রতিক বছরগুলোতে এলাকাটি ক্রমশ যুগপত/সমসাময়িক হয়ে উঠেছে।,Hard,IELTS Band 7-9,adjective,Simple,Present Perfect
Simultaneously,একই সাথে,/saɪmʌltˈeɪniʌsli/,"Because she worked simultaneously, she finished on time.",সে একই সাথে কাজ করেছিল বলে সময়মতো শেষ করতে পেরেছিল।,Hard,IELTS Band 7-9,adverb,Complex,Past Simple
Sincerely,আন্তরিকভাবে,/sɪnsˈɪrli/,She answered the question sincerely.,সে আন্তরিকভাবে প্রশ্নের উত্তর দিয়েছিল।,Medium,IELTS Band 6-7,adverb,Simple,Past Simple
Situated,অবস্থিত,/sˈɪtʃueɪtɪd/,Experts have situateded this issue for decades.,বিশেষজ্ঞরা কয়েক দশক ধরে এই বিষয়টি অবস্থিত করে আসছেন।,Medium,IELTS Band 6-7,verb,Simple,Present Perfect
Sketched,নকশা করা,/skˈɛtʃt/,"If we act now, we can sketched this matter.",এখন পদক্ষেপ নিলে আমরা বিষয়টি নকশা করতে পারবো।,Medium,IELTS Band 6-7,verb,Complex,Present Simple
Skills,দক্ষতা,/skˈɪlz/,Scientists are still examining the skills closely.,বিজ্ঞানীরা এখনো দক্ষতা খুব কাছ থেকে পর্যবেক্ষণ করছেন।,Easy,IELTS Band 5-6,noun,Simple,Present Continuous
skis,সরু কাঠের পাত,/skˈiz/,The skis was clearly explained in the report.,প্রতিবেদনে সরু কাঠের পাত বিষয়টি স্পষ্টভাবে ব্যাখ্যা করা হয়েছিল।,Easy,IELTS Band 5-6,noun,Simple,Past Simple
Skyscrapers,আকাশচুহ্বী,/skˈaɪskreɪpɜrz/,Researchers have studied this skyscrapers for many years.,গবেষকরা বহু বছর ধরে এই আকাশচুহ্বী নিয়ে গবেষণা করেছেন।,Hard,IELTS Band 7-9,noun,Simple,Present Perfect
Sledges,হাতুড়িবিশেষ,,"Although the sledges seemed minor, it changed everything.","যদিও হাতুড়িবিশেষ বিষয়টি সামান্য মনে হয়েছিল, এটি সবকিছু বদলে দিয়েছিল।",Medium,IELTS Band 6-7,noun,Complex,Past Simple
Slender,সরু,/slˈɛndɜr/,Every student should understand the slender before the exam.,পরীক্ষার আগে প্রতিটি শিক্ষার্থীর সরু সম্পর্কে বোঝা উচিত।,Medium,IELTS Band 6-7,noun,Simple,Present Simple
Sliced,টুকরা করা,/slˈaɪst/,Experts have sliceded this issue for decades.,বিশেষজ্ঞরা কয়েক দশক ধরে এই বিষয়টি টুকরা করে আসছেন।,Easy,IELTS Band 5-6,verb,Simple,Present Perfect
slight,সামান্য,/slˈaɪt/,"Because of the slight, the whole plan had to change.",সামান্য-এর কারণে পুরো পরিকল্পনা বদলাতে হয়েছিল।,Easy,IELTS Band 5-6,noun,Complex,Past Simple
Slippery,পিচ্ছিল,/slˈɪpɜri/,The article discusses the slippery in great detail.,প্রবন্ধটিতে পিচ্ছিল নিয়ে বিস্তারিত আলোচনা করা হয়েছে।,Medium,IELTS Band 6-7,noun,Simple,Present Simple
Slugish,মন্থর,,"Because the situation was so slugish, everyone took notice.",পরিস্থিতিটি এতটাই মন্থর ছিল যে সবাই লক্ষ্য করেছিল।,Medium,IELTS Band 6-7,adjective,Complex,Past Simple
Slum,বস্তি,/slˈʌm/,The slum was clearly explained in the report.,প্রতিবেদনে বস্তি বিষয়টি স্পষ্টভাবে ব্যাখ্যা করা হয়েছিল।,Easy,IELTS Band 5-6,noun,Simple,Past Simple
slurry,"ঘন, নরম, ভেজা কাদা",/slˈɜri/,Researchers have studied this slurry for many years.,"গবেষকরা বহু বছর ধরে এই ঘন, নরম, ভেজা কাদা নিয়ে গবেষণা করেছেন।",Easy,IELTS Band 5-6,noun,Simple,Present Perfect
Smashed,ভাঙা,/smˈæʃt/,She smasheded the problem before anyone noticed.,কেউ লক্ষ্য করার আগেই সে সমস্যাটি ভাঙা করেছিল।,Medium,IELTS Band 6-7,verb,Simple,Past Simple
Sniff,শ্বাস নেওয়া,/snˈɪf/,Every student should understand the sniff before the exam.,পরীক্ষার আগে প্রতিটি শিক্ষার্থীর শ্বাস নেওয়া সম্পর্কে বোঝা উচিত।,Easy,IELTS Band 5-6,noun,Simple,Present Simple
Snowbound,তুষারাবৃত,/snˈoʊbaʊnd/,The snowbound will play a major role in the final decision.,চূড়ান্ত সিদ্ধান্তে তুষারাবৃত বড় ভূমিকা রাখবে।,Medium,IELTS Band 6-7,noun,Simple,Future Simple
Soak,ভিজানো,/sˈoʊk/,"Because of the soak, the whole plan had to change.",ভিজানো-এর কারণে পুরো পরিকল্পনা বদলাতে হয়েছিল।,Easy,IELTS Band 5-6,noun,Complex,Past Simple
Sociologist,সমাজবিজ্ঞানী,/soʊsiˈɑlʌdʒɪst/,The article discusses the sociologist in great detail.,প্রবন্ধটিতে সমাজবিজ্ঞানী নিয়ে বিস্তারিত আলোচনা করা হয়েছে।,Hard,IELTS Band 7-9,noun,Simple,Present Simple
Solicitor,আইনজীবী,/sʌlˈɪsʌtɜr/,Scientists are still examining the solicitor closely.,বিজ্ঞানীরা এখনো আইনজীবী খুব কাছ থেকে পর্যবেক্ষণ করছেন।,Hard,IELTS Band 7-9,noun,Simple,Present Continuous
Solid,কঠিন/দৃঢ়,/sˈɑlʌd/,The solid was clearly explained in the report.,প্রতিবেদনে কঠিন/দৃঢ় বিষয়টি স্পষ্টভাবে ব্যাখ্যা করা হয়েছিল।,Easy,IELTS Band 5-6,noun,Simple,Past Simple
Solution,সমাধান,/sʌlˈuʃʌn/,Researchers have studied this solution for many years.,গবেষকরা বহু বছর ধরে এই সমাধান নিয়ে গবেষণা করেছেন।,Medium,IELTS Band 6-7,noun,Simple,Present Perfect
Soothing,প্রশান্তিদায়ক,/sˈuðɪŋ/,Experts have soothinged this issue for decades.,বিশেষজ্ঞরা কয়েক দশক ধরে এই বিষয়টি প্রশান্তিদায়ক করে আসছেন।,Medium,IELTS Band 6-7,verb,Simple,Present Perfect
Sorting,বাছাই,/sˈɔrtɪŋ/,"If we act now, we can sorting this matter.",এখন পদক্ষেপ নিলে আমরা বিষয়টি বাছাই করতে পারবো।,Medium,IELTS Band 6-7,verb,Complex,Present Simple
Spacious,প্রশস্ত,/spˈeɪʃʌs/,The result was extremely spacious.,ফলাফলটি অত্যন্ত প্রশস্ত ছিল।,Medium,IELTS Band 6-7,adjective,Simple,Past Simple
Spare,অতিরিক্ত,/spˈɛr/,"Because of the spare, the whole plan had to change.",অতিরিক্ত-এর কারণে পুরো পরিকল্পনা বদলাতে হয়েছিল।,Easy,IELTS Band 5-6,noun,Complex,Past Simple
specialise,বিশেষজ্ঞ,,"Because they specialised early, the project succeeded.","যেহেতু তারা আগেই বিশেষজ্ঞ করেছিল, প্রকল্পটি সফল হয়েছিল।",Hard,IELTS Band 7-9,verb,Complex,Past Simple
Specialised,বিশেষজ্ঞ,,They specialised this issue every single day.,তারা প্রতিদিন এই বিষয়টি বিশেষজ্ঞ করে।,Hard,IELTS Band 7-9,verb,Simple,Present Simple
Specification,বিবরণ,/spɛsɪfɪkˈeɪʃʌn/,The specification was clearly explained in the report.,প্রতিবেদনে বিবরণ বিষয়টি স্পষ্টভাবে ব্যাখ্যা করা হয়েছিল।,Hard,IELTS Band 7-9,noun,Simple,Past Simple
Spectacles,চশমা,/spˈɛktʌkʌlz/,Researchers have studied this spectacles for many years.,গবেষকরা বহু বছর ধরে এই চশমা নিয়ে গবেষণা করেছেন।,Hard,IELTS Band 7-9,noun,Simple,Present Perfect
Spectators,দর্শক,/spˈɛkteɪtɜrz/,"Although the spectators seemed minor, it changed everything.","যদিও দর্শক বিষয়টি সামান্য মনে হয়েছিল, এটি সবকিছু বদলে দিয়েছিল।",Hard,IELTS Band 7-9,noun,Complex,Past Simple
Spent,ব্যয়িত,/spˈɛnt/,It is spent to prepare well before the test.,পরীক্ষার আগে ভালোভাবে প্রস্তুতি নেওয়া ব্যয়িত।,Easy,IELTS Band 5-6,adjective,Simple,Present Simple
spin-off,কোনো কিছু থেকে,,The spin-off will play a major role in the final decision.,চূড়ান্ত সিদ্ধান্তে কোনো কিছু থেকে বড় ভূমিকা রাখবে।,Medium,IELTS Band 6-7,noun,Simple,Future Simple
Spirit,আত্মা,/spˈɪrʌt/,"Because of the spirit, the whole plan had to change.",আত্মা-এর কারণে পুরো পরিকল্পনা বদলাতে হয়েছিল।,Easy,IELTS Band 5-6,noun,Complex,Past Simple
Splash,ছিটিয়ে দেওয়া,/splˈæʃ/,The article discusses the splash in great detail.,প্রবন্ধটিতে ছিটিয়ে দেওয়া নিয়ে বিস্তারিত আলোচনা করা হয়েছে।,Easy,IELTS Band 5-6,noun,Simple,Present Simple
Splashed,জল ছিটিয়ে দেওয়া,/splˈæʃt/,She splasheded the problem before anyone noticed.,কেউ লক্ষ্য করার আগেই সে সমস্যাটি জল ছিটিয়ে দেওয়া করেছিল।,Medium,IELTS Band 6-7,verb,Simple,Past Simple
Splits,বিচ্ছেদ,/splˈɪts/,The splits was clearly explained in the report.,প্রতিবেদনে বিচ্ছেদ বিষয়টি স্পষ্টভাবে ব্যাখ্যা করা হয়েছিল।,Easy,IELTS Band 5-6,noun,Simple,Past Simple
Spoil,লুণ্ঠন,/spˈɔɪl/,Researchers have studied this spoil for many years.,গবেষকরা বহু বছর ধরে এই লুণ্ঠন নিয়ে গবেষণা করেছেন।,Easy,IELTS Band 5-6,noun,Simple,Present Perfect
Spoiled,নষ্ট,/spˈɔɪld/,The team is spoileding new ways to solve it.,দলটি এটি সমাধানের নতুন উপায় নষ্ট করছে।,Medium,IELTS Band 6-7,verb,Simple,Present Continuous
spotted,চিহিন্ত করা,/spˈɑtɪd/,"Next year, the company will spotted this plan.",আগামী বছর কোম্পানিটি এই পরিকল্পনা চিহিন্ত করবে।,Medium,IELTS Band 6-7,verb,Simple,Future Simple
Spouse,্ত্র/স্বামী,/spˈaʊs/,The spouse will play a major role in the final decision.,চূড়ান্ত সিদ্ধান্তে ্ত্র/স্বামী বড় ভূমিকা রাখবে।,Easy,IELTS Band 5-6,noun,Simple,Future Simple
springs,উদয়,/sprˈɪŋz/,"Because of the springs, the whole plan had to change.",উদয়-এর কারণে পুরো পরিকল্পনা বদলাতে হয়েছিল।,Medium,IELTS Band 6-7,noun,Complex,Past Simple
Sprout,অংকুর/ কচি বৃক্ষ শাখা,/sprˈaʊt/,The article discusses the sprout in great detail.,প্রবন্ধটিতে অংকুর/ কচি বৃক্ষ শাখা নিয়ে বিস্তারিত আলোচনা করা হয়েছে।,Easy,IELTS Band 5-6,noun,Simple,Present Simple
Squeezed,চিপা,/skwˈizd/,Experts have squeezeded this issue for decades.,বিশেষজ্ঞরা কয়েক দশক ধরে এই বিষয়টি চিপা করে আসছেন।,Medium,IELTS Band 6-7,verb,Simple,Present Perfect
Stacking,একটার ওপর একটা সাজানো,/stˈækɪŋ/,"If we act now, we can stacking this matter.",এখন পদক্ষেপ নিলে আমরা বিষয়টি একটার ওপর একটা সাজানো করতে পারবো।,Medium,IELTS Band 6-7,verb,Complex,Present Simple
Staff,কর্মী,/stˈæf/,Researchers have studied this staff for many years.,গবেষকরা বহু বছর ধরে এই কর্মী নিয়ে গবেষণা করেছেন।,Easy,IELTS Band 5-6,noun,Simple,Present Perfect
Stake,বাজি,/stˈeɪk/,"Although the stake seemed minor, it changed everything.","যদিও বাজি বিষয়টি সামান্য মনে হয়েছিল, এটি সবকিছু বদলে দিয়েছিল।",Easy,IELTS Band 5-6,noun,Complex,Past Simple
Standstill,স্থবিরতা,/stˈændstɪl/,Every student should understand the standstill before the exam.,পরীক্ষার আগে প্রতিটি শিক্ষার্থীর স্থবিরতা সম্পর্কে বোঝা উচিত।,Hard,IELTS Band 7-9,noun,Simple,Present Simple
Starvation,অনাহার,/stɑrvˈeɪʃʌn/,The starvation will play a major role in the final decision.,চূড়ান্ত সিদ্ধান্তে অনাহার বড় ভূমিকা রাখবে।,Hard,IELTS Band 7-9,noun,Simple,Future Simple
Statement,বিবৃতি,/stˈeɪtmʌnt/,It is statement to prepare well before the test.,পরীক্ষার আগে ভালোভাবে প্রস্তুতি নেওয়া বিবৃতি।,Medium,IELTS Band 6-7,adjective,Simple,Present Simple
Statistic,পরিসংখ্যান,/stʌtˈɪstɪk/,"Although it looked statistic, the plan actually worked.","যদিও এটি পরিসংখ্যান মনে হয়েছিল, পরিকল্পনাটি আসলে কাজ করেছিল।",Medium,IELTS Band 6-7,adjective,Complex,Past Simple
Statistical,পরিসংখ্যানিক,/stʌtˈɪstɪkʌl/,Most experts consider this method quite statistical.,বেশিরভাগ বিশেষজ্ঞ এই পদ্ধতিটিকে বেশ পরিসংখ্যানিক মনে করেন।,Hard,IELTS Band 7-9,adjective,Simple,Present Simple
status,অবস্থা/পদমর্যাদা,/stˈætʌs/,The status was clearly explained in the report.,প্রতিবেদনে অবস্থা/পদমর্যাদা বিষয়টি স্পষ্টভাবে ব্যাখ্যা করা হয়েছিল।,Easy,IELTS Band 5-6,noun,Simple,Past Simple
Statutory,সংবিধিবদ্ধ,/stˈætʃʌtɔri/,"Because the situation was so statutory, everyone took notice.",পরিস্থিতিটি এতটাই সংবিধিবদ্ধ ছিল যে সবাই লক্ষ্য করেছিল।,Medium,IELTS Band 6-7,adjective,Complex,Past Simple
Stay fit,সুস্থ থাকা,,"Although the stay fit seemed minor, it changed everything.","যদিও সুস্থ থাকা বিষয়টি সামান্য মনে হয়েছিল, এটি সবকিছু বদলে দিয়েছিল।",Medium,IELTS Band 6-7,noun,Complex,Past Simple
Steadily,স্থিরভাবে,/stˈɛdʌli/,"Because she worked steadily, she finished on time.",সে স্থিরভাবে কাজ করেছিল বলে সময়মতো শেষ করতে পেরেছিল।,Medium,IELTS Band 6-7,adverb,Complex,Past Simple
Steep,ঢু,/stˈip/,The steep will play a major role in the final decision.,চূড়ান্ত সিদ্ধান্তে ঢু বড় ভূমিকা রাখবে।,Easy,IELTS Band 5-6,noun,Simple,Future Simple
Steeper,খাড়া,/stˈipɜr/,"Because of the steeper, the whole plan had to change.",খাড়া-এর কারণে পুরো পরিকল্পনা বদলাতে হয়েছিল।,Medium,IELTS Band 6-7,noun,Complex,Past Simple
Stem from,কোনো কিছু থেকে জন্মানো/হওয়া,,The article discusses the stem from in great detail.,প্রবন্ধটিতে কোনো কিছু থেকে জন্মানো/হওয়া নিয়ে বিস্তারিত আলোচনা করা হয়েছে।,Medium,IELTS Band 6-7,noun,Simple,Present Simple
Stepped,পদক্ষেপ,/stˈɛpt/,The team is steppeding new ways to solve it.,দলটি এটি সমাধানের নতুন উপায় পদক্ষেপ করছে।,Medium,IELTS Band 6-7,verb,Simple,Present Continuous
Sterile,অনুর্বর,/stˈɛrʌl/,The sterile was clearly explained in the report.,প্রতিবেদনে অনুর্বর বিষয়টি স্পষ্টভাবে ব্যাখ্যা করা হয়েছিল।,Medium,IELTS Band 6-7,noun,Simple,Past Simple
Stew,ভাপে সিদ্ধ করা,/stˈu/,Researchers have studied this stew for many years.,গবেষকরা বহু বছর ধরে এই ভাপে সিদ্ধ করা নিয়ে গবেষণা করেছেন।,Easy,IELTS Band 5-6,noun,Simple,Present Perfect
Stifled,কণ্ঠ রোধ করা,/stˈaɪfʌld/,They stifled this issue every single day.,তারা প্রতিদিন এই বিষয়টি কণ্ঠ রোধ করে।,Medium,IELTS Band 6-7,verb,Simple,Present Simple
Stimulant,উদ্দীপক,/stˈɪmjʌlʌnt/,Most experts consider this method quite stimulant.,বেশিরভাগ বিশেষজ্ঞ এই পদ্ধতিটিকে বেশ উদ্দীপক মনে করেন।,Medium,IELTS Band 6-7,adjective,Simple,Present Simple
Stimulate,চেতনা,/stˈɪmjʌleɪt/,Experts have stimulated this issue for decades.,বিশেষজ্ঞরা কয়েক দশক ধরে এই বিষয়টি চেতনা করে আসছেন।,Hard,IELTS Band 7-9,verb,Simple,Present Perfect
Stimulated,অনুপ্রাণিত,/stˈɪmjʌleɪtɪd/,"If we act now, we can stimulated this matter.",এখন পদক্ষেপ নিলে আমরা বিষয়টি অনুপ্রাণিত করতে পারবো।,Hard,IELTS Band 7-9,verb,Complex,Present Simple
Stimulating,উদ্দীপক,/stˈɪmjʌleɪtɪŋ/,The team is stimulatinging new ways to solve it.,দলটি এটি সমাধানের নতুন উপায় উদ্দীপক করছে।,Hard,IELTS Band 7-9,verb,Simple,Present Continuous
Stolen,চুরি করা,/stˈoʊlʌn/,"Next year, the company will stolen this plan.",আগামী বছর কোম্পানিটি এই পরিকল্পনা চুরি করবে।,Easy,IELTS Band 5-6,verb,Simple,Future Simple
Storage,সংরক্ষণ,/stˈɔrʌdʒ/,The storage was clearly explained in the report.,প্রতিবেদনে সংরক্ষণ বিষয়টি স্পষ্টভাবে ব্যাখ্যা করা হয়েছিল।,Medium,IELTS Band 6-7,noun,Simple,Past Simple
Storm,ঝড়,/stˈɔrm/,Researchers have studied this storm for many years.,গবেষকরা বহু বছর ধরে এই ঝড় নিয়ে গবেষণা করেছেন।,Easy,IELTS Band 5-6,noun,Simple,Present Perfect
Strain,চাপ,/strˈeɪn/,"Although the strain seemed minor, it changed everything.","যদিও চাপ বিষয়টি সামান্য মনে হয়েছিল, এটি সবকিছু বদলে দিয়েছিল।",Easy,IELTS Band 5-6,noun,Complex,Past Simple
Strange,অদ্ভূত,/strˈeɪndʒ/,Every student should understand the strange before the exam.,পরীক্ষার আগে প্রতিটি শিক্ষার্থীর অদ্ভূত সম্পর্কে বোঝা উচিত।,Medium,IELTS Band 6-7,noun,Simple,Present Simple
Strap,চাবুক,/strˈæp/,The strap will play a major role in the final decision.,চূড়ান্ত সিদ্ধান্তে চাবুক বড় ভূমিকা রাখবে।,Easy,IELTS Band 5-6,noun,Simple,Future Simple
strategic,কৌশলগত/ সুকৌশলী,/strʌtˈidʒɪk/,It is strategic to prepare well before the test.,পরীক্ষার আগে ভালোভাবে প্রস্তুতি নেওয়া কৌশলগত/ সুকৌশলী।,Medium,IELTS Band 6-7,adjective,Simple,Present Simple
Strategies,কৌশল,/strˈætʌdʒiz/,The article discusses the strategies in great detail.,প্রবন্ধটিতে কৌশল নিয়ে বিস্তারিত আলোচনা করা হয়েছে।,Hard,IELTS Band 7-9,noun,Simple,Present Simple
Strayed,পথভ্রষ্ট,/strˈeɪd/,"Because they strayeded early, the project succeeded.","যেহেতু তারা আগেই পথভ্রষ্ট করেছিল, প্রকল্পটি সফল হয়েছিল।",Medium,IELTS Band 6-7,verb,Complex,Past Simple
Stressful,চাপযুক্ত,/strˈɛsfʌl/,The area has become increasingly stressful in recent years.,সাম্প্রতিক বছরগুলোতে এলাকাটি ক্রমশ চাপযুক্ত হয়ে উঠেছে।,Medium,IELTS Band 6-7,adjective,Simple,Present Perfect
stretches,প্রসারিত/ বিস্তার,/strˈɛtʃʌz/,Researchers have studied this stretches for many years.,গবেষকরা বহু বছর ধরে এই প্রসারিত/ বিস্তার নিয়ে গবেষণা করেছেন।,Medium,IELTS Band 6-7,noun,Simple,Present Perfect
Strike,ধর্মঘট,/strˈaɪk/,"Although the strike seemed minor, it changed everything.","যদিও ধর্মঘট বিষয়টি সামান্য মনে হয়েছিল, এটি সবকিছু বদলে দিয়েছিল।",Easy,IELTS Band 5-6,noun,Complex,Past Simple
Strikingly,আকর্ষণীয়ভাবে,/strˈaɪkɪŋli/,"Because she worked strikingly, she finished on time.",সে আকর্ষণীয়ভাবে কাজ করেছিল বলে সময়মতো শেষ করতে পেরেছিল।,Hard,IELTS Band 7-9,adverb,Complex,Past Simple
string,দড়ি/সুতা/তার,/strˈɪŋ/,The team is stringing new ways to solve it.,দলটি এটি সমাধানের নতুন উপায় দড়ি/সুতা/তার করছে।,Easy,IELTS Band 5-6,verb,Simple,Present Continuous
Strip,নগ্ন করা,/strˈɪp/,"Because of the strip, the whole plan had to change.",নগ্ন করা-এর কারণে পুরো পরিকল্পনা বদলাতে হয়েছিল।,Easy,IELTS Band 5-6,noun,Complex,Past Simple
Striving,সংগ্রাম করা,/strˈaɪvɪŋ/,"Because they strivinged early, the project succeeded.","যেহেতু তারা আগেই সংগ্রাম করেছিল, প্রকল্পটি সফল হয়েছিল।",Medium,IELTS Band 6-7,verb,Complex,Past Simple
Structure,গঠন,/strˈʌktʃɜr/,Scientists are still examining the structure closely.,বিজ্ঞানীরা এখনো গঠন খুব কাছ থেকে পর্যবেক্ষণ করছেন।,Medium,IELTS Band 6-7,noun,Simple,Present Continuous
Structured,কাঠামোবদ্ধ,/strˈʌktʃɜrd/,She structureded the problem before anyone noticed.,কেউ লক্ষ্য করার আগেই সে সমস্যাটি কাঠামোবদ্ধ করেছিল।,Hard,IELTS Band 7-9,verb,Simple,Past Simple
Struggle,সংগ্রাম,/strˈʌgʌl/,Researchers have studied this struggle for many years.,গবেষকরা বহু বছর ধরে এই সংগ্রাম নিয়ে গবেষণা করেছেন।,Medium,IELTS Band 6-7,noun,Simple,Present Perfect
struggled,সংগ্রাম করা/কষ্ট করা,/strˈʌgʌld/,"If we act now, we can struggled this matter.",এখন পদক্ষেপ নিলে আমরা বিষয়টি সংগ্রাম করা/কষ্ট করতে পারবো।,Medium,IELTS Band 6-7,verb,Complex,Present Simple
struggling,সংগ্রাম/কষ্ট করা,/strˈʌgʌlɪŋ/,The team is strugglinging new ways to solve it.,দলটি এটি সমাধানের নতুন উপায় সংগ্রাম/কষ্ট করছে।,Hard,IELTS Band 7-9,verb,Simple,Present Continuous
Stubborn,একগুঁয়ে,/stˈʌbɜrn/,The stubborn will play a major role in the final decision.,চূড়ান্ত সিদ্ধান্তে একগুঁয়ে বড় ভূমিকা রাখবে।,Medium,IELTS Band 6-7,noun,Simple,Future Simple
Stuff,উপাদান,/stˈʌf/,"Because of the stuff, the whole plan had to change.",উপাদান-এর কারণে পুরো পরিকল্পনা বদলাতে হয়েছিল।,Easy,IELTS Band 5-6,noun,Complex,Past Simple
Stumble,হোঁচট খাওয়া,/stˈʌmbʌl/,The article discusses the stumble in great detail.,প্রবন্ধটিতে হোঁচট খাওয়া নিয়ে বিস্তারিত আলোচনা করা হয়েছে।,Medium,IELTS Band 6-7,noun,Simple,Present Simple
Stunning,অসাধারণ,/stˈʌnɪŋ/,She stunninged the problem before anyone noticed.,কেউ লক্ষ্য করার আগেই সে সমস্যাটি অসাধারণ করেছিল।,Medium,IELTS Band 6-7,verb,Simple,Past Simple
Subatomic,উপজাতীয়,/sʌbʌtˈɑmɪk/,"Although it looked subatomic, the plan actually worked.","যদিও এটি উপজাতীয় মনে হয়েছিল, পরিকল্পনাটি আসলে কাজ করেছিল।",Hard,IELTS Band 7-9,adjective,Complex,Past Simple
Subdue,বশীভূত করা,/sʌbdˈu/,Researchers have studied this subdue for many years.,গবেষকরা বহু বছর ধরে এই বশীভূত করা নিয়ে গবেষণা করেছেন।,Easy,IELTS Band 5-6,noun,Simple,Present Perfect
Submissive,বিনয়ী,/sʌbmˈɪsɪv/,The area has become increasingly submissive in recent years.,সাম্প্রতিক বছরগুলোতে এলাকাটি ক্রমশ বিনয়ী হয়ে উঠেছে।,Hard,IELTS Band 7-9,adjective,Simple,Present Perfect
submitted,উপস্থাপিত,/sʌbmˈɪtɪd/,"Next year, the company will submitted this plan.",আগামী বছর কোম্পানিটি এই পরিকল্পনা উপস্থাপিত করবে।,Medium,IELTS Band 6-7,verb,Simple,Future Simple
Subsequently,পরবর্তীকালে,/sˈʌbsʌkwʌntli/,She answered the question subsequently.,সে পরবর্তীকালে প্রশ্নের উত্তর দিয়েছিল।,Hard,IELTS Band 7-9,adverb,Simple,Past Simple
substitute,বিকল্প,/sˈʌbstʌtut/,"Because of the substitute, the whole plan had to change.",বিকল্প-এর কারণে পুরো পরিকল্পনা বদলাতে হয়েছিল।,Hard,IELTS Band 7-9,noun,Complex,Past Simple
Subtropical,গ্র্মমগ্ুলীয়,,"Although it looked subtropical, the plan actually worked.","যদিও এটি গ্র্মমগ্ুলীয় মনে হয়েছিল, পরিকল্পনাটি আসলে কাজ করেছিল।",Hard,IELTS Band 7-9,adjective,Complex,Past Simple
Suburb,উপশহর,/sˈʌbɜrb/,Scientists are still examining the suburb closely.,বিজ্ঞানীরা এখনো উপশহর খুব কাছ থেকে পর্যবেক্ষণ করছেন।,Easy,IELTS Band 5-6,noun,Simple,Present Continuous
Success,সাফল্য,/sʌksˈɛs/,The success was clearly explained in the report.,প্রতিবেদনে সাফল্য বিষয়টি স্পষ্টভাবে ব্যাখ্যা করা হয়েছিল।,Medium,IELTS Band 6-7,noun,Simple,Past Simple
Successful,সফল,/sʌksˈɛsfʌl/,"Because the situation was so successful, everyone took notice.",পরিস্থিতিটি এতটাই সফল ছিল যে সবাই লক্ষ্য করেছিল।,Hard,IELTS Band 7-9,adjective,Complex,Past Simple
Succinctly,সংক্ষিপ্তভাবে,/sʌksˈɪŋktli/,He succinctly explains difficult topics in class.,সে ক্লাসে কঠিন বিষয়গুলো সংক্ষিপ্তভাবে ব্যাখ্যা করে।,Hard,IELTS Band 7-9,adverb,Simple,Present Simple
Sudden,হঠাৎ,/sˈʌdʌn/,"Because they suddened early, the project succeeded.","যেহেতু তারা আগেই হঠাৎ করেছিল, প্রকল্পটি সফল হয়েছিল।",Easy,IELTS Band 5-6,verb,Complex,Past Simple
Suffer from,ভোগা,,The suffer from will play a major role in the final decision.,চূড়ান্ত সিদ্ধান্তে ভোগা বড় ভূমিকা রাখবে।,Hard,IELTS Band 7-9,noun,Simple,Future Simple
Suffocation,শ্বাসরোধ,/sʌfʌkˈeɪʃʌn/,"Because of the suffocation, the whole plan had to change.",শ্বাসরোধ-এর কারণে পুরো পরিকল্পনা বদলাতে হয়েছিল।,Hard,IELTS Band 7-9,noun,Complex,Past Simple
Suit,মামলা,/sˈut/,The article discusses the suit in great detail.,প্রবন্ধটিতে মামলা নিয়ে বিস্তারিত আলোচনা করা হয়েছে।,Easy,IELTS Band 5-6,noun,Simple,Present Simple
Suited,উপযুক্ত,/sˈutɪd/,"If we act now, we can suited this matter.",এখন পদক্ষেপ নিলে আমরা বিষয়টি উপযুক্ত করতে পারবো।,Easy,IELTS Band 5-6,verb,Complex,Present Simple
Summarize,সারসংক্ষেপ,/sˈʌmɜraɪz/,The team is summarizing new ways to solve it.,দলটি এটি সমাধানের নতুন উপায় সারসংক্ষেপ করছে।,Hard,IELTS Band 7-9,verb,Simple,Present Continuous
Superficial,অতিমাত্রায়,/supɜrfˈɪʃʌl/,It is superficial to prepare well before the test.,পরীক্ষার আগে ভালোভাবে প্রস্তুতি নেওয়া অতিমাত্রায়।,Hard,IELTS Band 7-9,adjective,Simple,Present Simple
Superficially,ভাসা ভাসা ভাবে,/sˈupɜrfɪʃʌli/,He superficially explains difficult topics in class.,সে ক্লাসে কঠিন বিষয়গুলো ভাসা ভাসা ভাবে ব্যাখ্যা করে।,Hard,IELTS Band 7-9,adverb,Simple,Present Simple
Superior,উচ্চতর,/supˈɪriɜr/,Every student should understand the superior before the exam.,পরীক্ষার আগে প্রতিটি শিক্ষার্থীর উচ্চতর সম্পর্কে বোঝা উচিত।,Medium,IELTS Band 6-7,noun,Simple,Present Simple
Supervise welll,করা,,The supervise welll will play a major role in the final decision.,চূড়ান্ত সিদ্ধান্তে করা বড় ভূমিকা রাখবে।,Hard,IELTS Band 7-9,noun,Simple,Future Simple
Supervisor,তত্ত্বাবধায়ক,/sˈupɜrvaɪzɜr/,"Because of the supervisor, the whole plan had to change.",তত্ত্বাবধায়ক-এর কারণে পুরো পরিকল্পনা বদলাতে হয়েছিল।,Hard,IELTS Band 7-9,noun,Complex,Past Simple
Supplanted,স্থানচ্যুত করা,/sʌplˈæntɪd/,"If we act now, we can supplanted this matter.",এখন পদক্ষেপ নিলে আমরা বিষয়টি স্থানচ্যুত করতে পারবো।,Hard,IELTS Band 7-9,verb,Complex,Present Simple
Support,সমর্থন,/sʌpˈɔrt/,Scientists are still examining the support closely.,বিজ্ঞানীরা এখনো সমর্থন খুব কাছ থেকে পর্যবেক্ষণ করছেন।,Medium,IELTS Band 6-7,noun,Simple,Present Continuous
Supposedly,অনুমান অনুসারে,/sʌpˈoʊzʌdli/,She answered the question supposedly.,সে অনুমান অনুসারে প্রশ্নের উত্তর দিয়েছিল।,Hard,IELTS Band 7-9,adverb,Simple,Past Simple
Suppressing,দমন করা,/sʌprˈɛsɪŋ/,"Because they suppressinged early, the project succeeded.","যেহেতু তারা আগেই দমন করেছিল, প্রকল্পটি সফল হয়েছিল।",Hard,IELTS Band 7-9,verb,Complex,Past Simple
Supremely,সর্বোচ্চভাবে,/suprˈimʌli/,He supremely explains difficult topics in class.,সে ক্লাসে কঠিন বিষয়গুলো সর্বোচ্চভাবে ব্যাখ্যা করে।,Medium,IELTS Band 6-7,adverb,Simple,Present Simple
Surfaces,পৃষ্ঠ,/sˈɜrfʌsʌz/,Every student should understand the surfaces before the exam.,পরীক্ষার আগে প্রতিটি শিক্ষার্থীর পৃষ্ঠ সম্পর্কে বোঝা উচিত।,Medium,IELTS Band 6-7,noun,Simple,Present Simple
Surprising,আশ্চর্যজনক,/sɜrprˈaɪzɪŋ/,Experts have surprisinged this issue for decades.,বিশেষজ্ঞরা কয়েক দশক ধরে এই বিষয়টি আশ্চর্যজনক করে আসছেন।,Hard,IELTS Band 7-9,verb,Simple,Present Perfect
Surrounded,ঘিরে থাকা,/sɜrˈaʊndɪd/,"If we act now, we can surrounded this matter.",এখন পদক্ষেপ নিলে আমরা বিষয়টি ঘিরে থাকা করতে পারবো।,Hard,IELTS Band 7-9,verb,Complex,Present Simple
Surveillance,নজরদারি করা,/sɜrvˈeɪlʌns/,The article discusses the surveillance in great detail.,প্রবন্ধটিতে নজরদারি করা নিয়ে বিস্তারিত আলোচনা করা হয়েছে।,Hard,IELTS Band 7-9,noun,Simple,Present Simple
Surveying,মাপঝোঁক,/sɜrvˈeɪɪŋ/,"Next year, the company will surveying this plan.",আগামী বছর কোম্পানিটি এই পরিকল্পনা মাপঝোঁক করবে।,Medium,IELTS Band 6-7,verb,Simple,Future Simple
Susceptible,সক্ষম,/sʌsˈɛptʌbʌl/,The area has become increasingly susceptible in recent years.,সাম্প্রতিক বছরগুলোতে এলাকাটি ক্রমশ সক্ষম হয়ে উঠেছে।,Hard,IELTS Band 7-9,adjective,Simple,Present Perfect
Suspect,সন্দেহ,/sʌspˈɛkt/,Researchers have studied this suspect for many years.,গবেষকরা বহু বছর ধরে এই সন্দেহ নিয়ে গবেষণা করেছেন।,Medium,IELTS Band 6-7,noun,Simple,Present Perfect
Suspected,সন্দেহভাজন,/sʌspˈɛktɪd/,She suspecteded the problem before anyone noticed.,কেউ লক্ষ্য করার আগেই সে সমস্যাটি সন্দেহভাজন করেছিল।,Medium,IELTS Band 6-7,verb,Simple,Past Simple
Suspicion,সন্দেহ,/sʌspˈɪʃʌn/,Every student should understand the suspicion before the exam.,পরীক্ষার আগে প্রতিটি শিক্ষার্থীর সন্দেহ সম্পর্কে বোঝা উচিত।,Medium,IELTS Band 6-7,noun,Simple,Present Simple
Sustain,বজায় রাখা,/sʌstˈeɪn/,The sustain will play a major role in the final decision.,চূড়ান্ত সিদ্ধান্তে বজায় রাখা বড় ভূমিকা রাখবে।,Medium,IELTS Band 6-7,noun,Simple,Future Simple
Sustained,বহন করা,/sʌstˈeɪnd/,The team is sustaineding new ways to solve it.,দলটি এটি সমাধানের নতুন উপায় বহন করছে।,Medium,IELTS Band 6-7,verb,Simple,Present Continuous
swallow,গলাধঃকরণ,/swˈɑloʊ/,The article discusses the swallow in great detail.,প্রবন্ধটিতে গলাধঃকরণ নিয়ে বিস্তারিত আলোচনা করা হয়েছে।,Medium,IELTS Band 6-7,noun,Simple,Present Simple
Sway,দোলনা,/swˈeɪ/,Scientists are still examining the sway closely.,বিজ্ঞানীরা এখনো দোলনা খুব কাছ থেকে পর্যবেক্ষণ করছেন।,Easy,IELTS Band 5-6,noun,Simple,Present Continuous
Swiftly,দ্রুত,/swˈɪftli/,She answered the question swiftly.,সে দ্রুত প্রশ্নের উত্তর দিয়েছিল।,Medium,IELTS Band 6-7,adverb,Simple,Past Simple
Switched off,বন্ধ করা,,Researchers have studied this switched off for many years.,গবেষকরা বহু বছর ধরে এই বন্ধ করা নিয়ে গবেষণা করেছেন।,Hard,IELTS Band 7-9,noun,Simple,Present Perfect
Symbiotic,মিথোজীবী,/sɪmbiˈɑtɪk/,"Although it looked symbiotic, the plan actually worked.","যদিও এটি মিথোজীবী মনে হয়েছিল, পরিকল্পনাটি আসলে কাজ করেছিল।",Medium,IELTS Band 6-7,adjective,Complex,Past Simple
Symbolic,প্রতীকী,/sɪmbˈɑlɪk/,Most experts consider this method quite symbolic.,বেশিরভাগ বিশেষজ্ঞ এই পদ্ধতিটিকে বেশ প্রতীকী মনে করেন।,Medium,IELTS Band 6-7,adjective,Simple,Present Simple
Sympathy,সহানুভূতি,/sˈɪmpʌθi/,The sympathy will play a major role in the final decision.,চূড়ান্ত সিদ্ধান্তে সহানুভূতি বড় ভূমিকা রাখবে।,Medium,IELTS Band 6-7,noun,Simple,Future Simple
Symptom,উপসর্ণ,/sˈɪmptʌm/,"Because of the symptom, the whole plan had to change.",উপসর্ণ-এর কারণে পুরো পরিকল্পনা বদলাতে হয়েছিল।,Medium,IELTS Band 6-7,noun,Complex,Past Simple
Synchronous,সমকালীন,/sˈɪŋkrʌnʌs/,The result was extremely synchronous.,ফলাফলটি অত্যন্ত সমকালীন ছিল।,Hard,IELTS Band 7-9,adjective,Simple,Past Simple
Syrup,রস,/sˈɜrʌp/,Scientists are still examining the syrup closely.,বিজ্ঞানীরা এখনো রস খুব কাছ থেকে পর্যবেক্ষণ করছেন।,Easy,IELTS Band 5-6,noun,Simple,Present Continuous
Tailor,দর্জি,/tˈeɪlɜr/,The tailor was clearly explained in the report.,প্রতিবেদনে দর্জি বিষয়টি স্পষ্টভাবে ব্যাখ্যা করা হয়েছিল।,Easy,IELTS Band 5-6,noun,Simple,Past Simple
Take up,তোলা,,Researchers have studied this take up for many years.,গবেষকরা বহু বছর ধরে এই তোলা নিয়ে গবেষণা করেছেন।,Medium,IELTS Band 6-7,noun,Simple,Present Perfect
Technical,প্রযুক্তিগত,/tˈɛknɪkʌl/,The area has become increasingly technical in recent years.,সাম্প্রতিক বছরগুলোতে এলাকাটি ক্রমশ প্রযুক্তিগত হয়ে উঠেছে।,Medium,IELTS Band 6-7,adjective,Simple,Present Perfect
Temperament,স্বভাব,/tˈɛmprʌmʌnt/,"Because the situation was so temperament, everyone took notice.",পরিস্থিতিটি এতটাই স্বভাব ছিল যে সবাই লক্ষ্য করেছিল।,Hard,IELTS Band 7-9,adjective,Complex,Past Simple
Temporarily,অস্থায়ীভাবে,/tɛmpɜrˈɛrʌli/,She answered the question temporarily.,সে অস্থায়ীভাবে প্রশ্নের উত্তর দিয়েছিল।,Hard,IELTS Band 7-9,adverb,Simple,Past Simple
Temptation,প্রলোভন,/tɛmtˈeɪʃʌn/,"Because of the temptation, the whole plan had to change.",প্রলোভন-এর কারণে পুরো পরিকল্পনা বদলাতে হয়েছিল।,Hard,IELTS Band 7-9,noun,Complex,Past Simple
Temptations,প্রলোভন,/tɛmtˈeɪʃʌnz/,The article discusses the temptations in great detail.,প্রবন্ধটিতে প্রলোভন নিয়ে বিস্তারিত আলোচনা করা হয়েছে।,Hard,IELTS Band 7-9,noun,Simple,Present Simple
Tent,তাবু,/tˈɛnt/,Most experts consider this method quite tent.,বেশিরভাগ বিশেষজ্ঞ এই পদ্ধতিটিকে বেশ তাবু মনে করেন।,Easy,IELTS Band 5-6,adjective,Simple,Present Simple
Terminology,পরিভাষা,/tɜrmɪnˈɑlʌdʒi/,The terminology was clearly explained in the report.,প্রতিবেদনে পরিভাষা বিষয়টি স্পষ্টভাবে ব্যাখ্যা করা হয়েছিল।,Hard,IELTS Band 7-9,noun,Simple,Past Simple
Terrace,ছাদ,/tˈɛrʌs/,Researchers have studied this terrace for many years.,গবেষকরা বহু বছর ধরে এই ছাদ নিয়ে গবেষণা করেছেন।,Medium,IELTS Band 6-7,noun,Simple,Present Perfect
terrestrial,স্থলজ/পার্থিব,/tɜrˈɛstriʌl/,The result was extremely terrestrial.,ফলাফলটি অত্যন্ত স্থলজ/পার্থিব ছিল।,Hard,IELTS Band 7-9,adjective,Simple,Past Simple
Terrible,ভয়ানক,/tˈɛrʌbʌl/,It is terrible to prepare well before the test.,পরীক্ষার আগে ভালোভাবে প্রস্তুতি নেওয়া ভয়ানক।,Medium,IELTS Band 6-7,adjective,Simple,Present Simple
Terrific,ভয়ানক,/tɜrˈɪfɪk/,"Although it looked terrific, the plan actually worked.","যদিও এটি ভয়ানক মনে হয়েছিল, পরিকল্পনাটি আসলে কাজ করেছিল।",Medium,IELTS Band 6-7,adjective,Complex,Past Simple
Territory,অঞ্চল,/tˈɛrɪtɔri/,Most experts consider this method quite territory.,বেশিরভাগ বিশেষজ্ঞ এই পদ্ধতিটিকে বেশ অঞ্চল মনে করেন।,Medium,IELTS Band 6-7,adjective,Simple,Present Simple
Test,পরীক্ষা,/tˈɛst/,The article discusses the test in great detail.,প্রবন্ধটিতে পরীক্ষা নিয়ে বিস্তারিত আলোচনা করা হয়েছে।,Easy,IELTS Band 5-6,noun,Simple,Present Simple
Testament,সাক্ষ্য,/tˈɛstʌmʌnt/,"Because the situation was so testament, everyone took notice.",পরিস্থিতিটি এতটাই সাক্ষ্য ছিল যে সবাই লক্ষ্য করেছিল।,Medium,IELTS Band 6-7,adjective,Complex,Past Simple
Thawed,তরল হওয়া,/θˈɔd/,"If we act now, we can thawed this matter.",এখন পদক্ষেপ নিলে আমরা বিষয়টি তরল হওয়া করতে পারবো।,Easy,IELTS Band 5-6,verb,Complex,Present Simple
The prosperous,সমৃদ্ধ,,It is the prosperous to prepare well before the test.,পরীক্ষার আগে ভালোভাবে প্রস্তুতি নেওয়া সমৃদ্ধ।,Hard,IELTS Band 7-9,adjective,Simple,Present Simple
Theme,বিষয়,/θˈim/,"Although the theme seemed minor, it changed everything.","যদিও বিষয় বিষয়টি সামান্য মনে হয়েছিল, এটি সবকিছু বদলে দিয়েছিল।",Easy,IELTS Band 5-6,noun,Complex,Past Simple
Theorize,অনুমান/ধারণা করা,/θˈiɜraɪz/,"Because they theorized early, the project succeeded.","যেহেতু তারা আগেই অনুমান/ধারণা করেছিল, প্রকল্পটি সফল হয়েছিল।",Medium,IELTS Band 6-7,verb,Complex,Past Simple
thicker,ঘন,/θˈɪkɜr/,The thicker will play a major role in the final decision.,চূড়ান্ত সিদ্ধান্তে ঘন বড় ভূমিকা রাখবে।,Medium,IELTS Band 6-7,noun,Simple,Future Simple
Thoroughly,পুভখানুপুভ্খভাবে,/θˈɜroʊli/,The plan was thoroughly rejected by the committee.,পরিকল্পনাটি কমিটি পুভখানুপুভ্খভাবে প্রত্যাখ্যান করেছিল।,Hard,IELTS Band 7-9,adverb,Simple,Past Simple
Threw,নিক্ষেপ,/θrˈu/,The article discusses the threw in great detail.,প্রবন্ধটিতে নিক্ষেপ নিয়ে বিস্তারিত আলোচনা করা হয়েছে।,Easy,IELTS Band 5-6,noun,Simple,Present Simple
Thrive,উন্নতি লাভ করা,/θrˈaɪv/,It is thrive to prepare well before the test.,পরীক্ষার আগে ভালোভাবে প্রস্তুতি নেওয়া উন্নতি লাভ করা।,Easy,IELTS Band 5-6,adjective,Simple,Present Simple
Tidy,পরিপাটি,/tˈaɪdi/,The tidy was clearly explained in the report.,প্রতিবেদনে পরিপাটি বিষয়টি স্পষ্টভাবে ব্যাখ্যা করা হয়েছিল।,Easy,IELTS Band 5-6,noun,Simple,Past Simple
Tightened,বৃদ্ধি করা,/tˈaɪtʌnd/,"Next year, the company will tightened this plan.",আগামী বছর কোম্পানিটি এই পরিকল্পনা বৃদ্ধি করবে।,Medium,IELTS Band 6-7,verb,Simple,Future Simple
Tightly,শক্তভাবে,/tˈaɪtli/,He tightly explains difficult topics in class.,সে ক্লাসে কঠিন বিষয়গুলো শক্তভাবে ব্যাখ্যা করে।,Medium,IELTS Band 6-7,adverb,Simple,Present Simple
Tinder,দাহ্য পদার্থ,/tˈɪndɜr/,Every student should understand the tinder before the exam.,পরীক্ষার আগে প্রতিটি শিক্ষার্থীর দাহ্য পদার্থ সম্পর্কে বোঝা উচিত।,Easy,IELTS Band 5-6,noun,Simple,Present Simple
Tiny,অতি ছোট,/tˈaɪni/,The tiny will play a major role in the final decision.,চূড়ান্ত সিদ্ধান্তে অতি ছোট বড় ভূমিকা রাখবে।,Easy,IELTS Band 5-6,noun,Simple,Future Simple
Token,প্রতীক/নিদর্শন,/tˈoʊkʌn/,Experts have tokened this issue for decades.,বিশেষজ্ঞরা কয়েক দশক ধরে এই বিষয়টি প্রতীক/নিদর্শন করে আসছেন।,Easy,IELTS Band 5-6,verb,Simple,Present Perfect
Tools,যন্ত্রপাতি,/tˈulz/,The article discusses the tools in great detail.,প্রবন্ধটিতে যন্ত্রপাতি নিয়ে বিস্তারিত আলোচনা করা হয়েছে।,Easy,IELTS Band 5-6,noun,Simple,Present Simple
Tough,শক্ত,/tˈʌf/,Scientists are still examining the tough closely.,বিজ্ঞানীরা এখনো শক্ত খুব কাছ থেকে পর্যবেক্ষণ করছেন।,Easy,IELTS Band 5-6,noun,Simple,Present Continuous
Tougher,অদম্য,/tˈʌfɜr/,The tougher was clearly explained in the report.,প্রতিবেদনে অদম্য বিষয়টি স্পষ্টভাবে ব্যাখ্যা করা হয়েছিল।,Medium,IELTS Band 6-7,noun,Simple,Past Simple
Towers,টাওয়ার,/tˈaʊɜrz/,Researchers have studied this towers for many years.,গবেষকরা বহু বছর ধরে এই টাওয়ার নিয়ে গবেষণা করেছেন।,Easy,IELTS Band 5-6,noun,Simple,Present Perfect
Toxic,বিষাক্ত,/tˈɑksɪk/,The result was extremely toxic.,ফলাফলটি অত্যন্ত বিষাক্ত ছিল।,Easy,IELTS Band 5-6,adjective,Simple,Past Simple
Toxin,বিষ,/tˈɑksʌn/,Every student should understand the toxin before the exam.,পরীক্ষার আগে প্রতিটি শিক্ষার্থীর বিষ সম্পর্কে বোঝা উচিত।,Easy,IELTS Band 5-6,noun,Simple,Present Simple
Trace,চিহ্‌/সন্ধান,/trˈeɪs/,The trace will play a major role in the final decision.,চূড়ান্ত সিদ্ধান্তে চিহ্‌/সন্ধান বড় ভূমিকা রাখবে।,Easy,IELTS Band 5-6,noun,Simple,Future Simple
Traces,সন্ধান,/trˈeɪsʌz/,"Because of the traces, the whole plan had to change.",সন্ধান-এর কারণে পুরো পরিকল্পনা বদলাতে হয়েছিল।,Easy,IELTS Band 5-6,noun,Complex,Past Simple
Traders,ব্যবসায়ী,/trˈeɪdɜrz/,The article discusses the traders in great detail.,প্রবন্ধটিতে ব্যবসায়ী নিয়ে বিস্তারিত আলোচনা করা হয়েছে।,Medium,IELTS Band 6-7,noun,Simple,Present Simple
Trailblazer,প্রবর্তক,/trˈeɪlbleɪzɜr/,Scientists are still examining the trailblazer closely.,বিজ্ঞানীরা এখনো প্রবর্তক খুব কাছ থেকে পর্যবেক্ষণ করছেন।,Hard,IELTS Band 7-9,noun,Simple,Present Continuous
Trait,বৈশিষ্ট্য,/trˈeɪt/,The trait was clearly explained in the report.,প্রতিবেদনে বৈশিষ্ট্য বিষয়টি স্পষ্টভাবে ব্যাখ্যা করা হয়েছিল।,Easy,IELTS Band 5-6,noun,Simple,Past Simple
traits,বৈশিষ্ট,/trˈeɪts/,Researchers have studied this traits for many years.,গবেষকরা বহু বছর ধরে এই বৈশিষ্ট নিয়ে গবেষণা করেছেন।,Easy,IELTS Band 5-6,noun,Simple,Present Perfect
Trample,পদদলিত করা,/trˈæmpʌl/,"Although the trample seemed minor, it changed everything.","যদিও পদদলিত করা বিষয়টি সামান্য মনে হয়েছিল, এটি সবকিছু বদলে দিয়েছিল।",Medium,IELTS Band 6-7,noun,Complex,Past Simple
Transaction,লেনদেন,/trænzˈækʃʌn/,Every student should understand the transaction before the exam.,পরীক্ষার আগে প্রতিটি শিক্ষার্থীর লেনদেন সম্পর্কে বোঝা উচিত।,Hard,IELTS Band 7-9,noun,Simple,Present Simple
Transform,রূপান্তর করা,/trænsfˈɔrm/,The transform will play a major role in the final decision.,চূড়ান্ত সিদ্ধান্তে রূপান্তর করা বড় ভূমিকা রাখবে।,Medium,IELTS Band 6-7,noun,Simple,Future Simple
Transformed,রূপান্তরিত,/trænsfˈɔrmd/,The team is transformeding new ways to solve it.,দলটি এটি সমাধানের নতুন উপায় রূপান্তরিত করছে।,Hard,IELTS Band 7-9,verb,Simple,Present Continuous
Transition,পরিবৃত্তি,/trænzˈɪʃʌn/,The article discusses the transition in great detail.,প্রবন্ধটিতে পরিবৃত্তি নিয়ে বিস্তারিত আলোচনা করা হয়েছে।,Hard,IELTS Band 7-9,noun,Simple,Present Simple
Transitions,রূপান্তর,/trænzˈɪʃʌnz/,Scientists are still examining the transitions closely.,বিজ্ঞানীরা এখনো রূপান্তর খুব কাছ থেকে পর্যবেক্ষণ করছেন।,Hard,IELTS Band 7-9,noun,Simple,Present Continuous
translator,অনুবাদক/অনুবাদ করা,/trænslˈeɪtɜr/,The translator was clearly explained in the report.,প্রতিবেদনে অনুবাদক/অনুবাদ করা বিষয়টি স্পষ্টভাবে ব্যাখ্যা করা হয়েছিল।,Hard,IELTS Band 7-9,noun,Simple,Past Simple
Translocation,স্থানান্তর,,Researchers have studied this translocation for many years.,গবেষকরা বহু বছর ধরে এই স্থানান্তর নিয়ে গবেষণা করেছেন।,Hard,IELTS Band 7-9,noun,Simple,Present Perfect
Transmitter,প্রেরক,/trænsmˈɪtɜr/,"Although the transmitter seemed minor, it changed everything.","যদিও প্রেরক বিষয়টি সামান্য মনে হয়েছিল, এটি সবকিছু বদলে দিয়েছিল।",Hard,IELTS Band 7-9,noun,Complex,Past Simple
Transparency,স্বচ্ছতা,/trænspˈɛrʌnsi/,Every student should understand the transparency before the exam.,পরীক্ষার আগে প্রতিটি শিক্ষার্থীর স্বচ্ছতা সম্পর্কে বোঝা উচিত।,Hard,IELTS Band 7-9,noun,Simple,Present Simple
Transparent,স্বচ্ছ,/trænspˈɛrʌnt/,The result was extremely transparent.,ফলাফলটি অত্যন্ত স্বচ্ছ ছিল।,Hard,IELTS Band 7-9,adjective,Simple,Past Simple
Trash,আবর্জনা,/trˈæʃ/,"Because of the trash, the whole plan had to change.",আবর্জনা-এর কারণে পুরো পরিকল্পনা বদলাতে হয়েছিল।,Easy,IELTS Band 5-6,noun,Complex,Past Simple
Traverse,প্রাচীর,/trˈævɜrs/,The article discusses the traverse in great detail.,প্রবন্ধটিতে প্রাচীর নিয়ে বিস্তারিত আলোচনা করা হয়েছে।,Medium,IELTS Band 6-7,noun,Simple,Present Simple
Traversed,বাদ দেওয়া,/trˈævɜrst/,They traversed this issue every single day.,তারা প্রতিদিন এই বিষয়টি বাদ দেওয়া করে।,Medium,IELTS Band 6-7,verb,Simple,Present Simple
Traversing,অতিক্রম,/trʌvˈɜrsɪŋ/,She traversinged the problem before anyone noticed.,কেউ লক্ষ্য করার আগেই সে সমস্যাটি অতিক্রম করেছিল।,Hard,IELTS Band 7-9,verb,Simple,Past Simple
Treasures,সম্পদ,/trˈɛʒɜrz/,Researchers have studied this treasures for many years.,গবেষকরা বহু বছর ধরে এই সম্পদ নিয়ে গবেষণা করেছেন।,Medium,IELTS Band 6-7,noun,Simple,Present Perfect
Trench,পরিখা,/trˈɛntʃ/,"Although the trench seemed minor, it changed everything.","যদিও পরিখা বিষয়টি সামান্য মনে হয়েছিল, এটি সবকিছু বদলে দিয়েছিল।",Easy,IELTS Band 5-6,noun,Complex,Past Simple
Trend,প্রবণতা,/trˈɛnd/,Every student should understand the trend before the exam.,পরীক্ষার আগে প্রতিটি শিক্ষার্থীর প্রবণতা সম্পর্কে বোঝা উচিত।,Easy,IELTS Band 5-6,noun,Simple,Present Simple
Tribal,উপজাতি,/trˈaɪbʌl/,"Although it looked tribal, the plan actually worked.","যদিও এটি উপজাতি মনে হয়েছিল, পরিকল্পনাটি আসলে কাজ করেছিল।",Easy,IELTS Band 5-6,adjective,Complex,Past Simple
Tributes,শ্রদ্ধা,/trˈɪbjuts/,"Because of the tributes, the whole plan had to change.",শ্রদ্ধা-এর কারণে পুরো পরিকল্পনা বদলাতে হয়েছিল।,Medium,IELTS Band 6-7,noun,Complex,Past Simple
Tricky,চালাক,/trˈɪki/,The article discusses the tricky in great detail.,প্রবন্ধটিতে চালাক নিয়ে বিস্তারিত আলোচনা করা হয়েছে।,Easy,IELTS Band 5-6,noun,Simple,Present Simple
Trigger,শুরু করা/ঘটানো,/trˈɪgɜr/,Scientists are still examining the trigger closely.,বিজ্ঞানীরা এখনো শুরু করা/ঘটানো খুব কাছ থেকে পর্যবেক্ষণ করছেন।,Medium,IELTS Band 6-7,noun,Simple,Present Continuous
Trigonometry,ত্রিকোণমিতি,,The trigonometry was clearly explained in the report.,প্রতিবেদনে ত্রিকোণমিতি বিষয়টি স্পষ্টভাবে ব্যাখ্যা করা হয়েছিল।,Hard,IELTS Band 7-9,noun,Simple,Past Simple
Triumph,বিজয়,/trˈaɪʌmf/,Researchers have studied this triumph for many years.,গবেষকরা বহু বছর ধরে এই বিজয় নিয়ে গবেষণা করেছেন।,Medium,IELTS Band 6-7,noun,Simple,Present Perfect
Troop,সৈন্য,/trˈup/,"Although the troop seemed minor, it changed everything.","যদিও সৈন্য বিষয়টি সামান্য মনে হয়েছিল, এটি সবকিছু বদলে দিয়েছিল।",Easy,IELTS Band 5-6,noun,Complex,Past Simple
tropical,গ্রীম্মমন্ডলীয়,/trˈɑpɪkʌl/,Most experts consider this method quite tropical.,বেশিরভাগ বিশেষজ্ঞ এই পদ্ধতিটিকে বেশ গ্রীম্মমন্ডলীয় মনে করেন।,Medium,IELTS Band 6-7,adjective,Simple,Present Simple
Truancy,স্কুল ফাঁকি,/trˈuʌnsi/,The truancy will play a major role in the final decision.,চূড়ান্ত সিদ্ধান্তে স্কুল ফাঁকি বড় ভূমিকা রাখবে।,Medium,IELTS Band 6-7,noun,Simple,Future Simple
Trustworthy,বিশ্বাসযোগ্য,/trˈʌstwɜrði/,"Because of the trustworthy, the whole plan had to change.",বিশ্বাসযোগ্য-এর কারণে পুরো পরিকল্পনা বদলাতে হয়েছিল।,Hard,IELTS Band 7-9,noun,Complex,Past Simple
Tunnel,সুরঙ্গ,/tˈʌnʌl/,The article discusses the tunnel in great detail.,প্রবন্ধটিতে সুরঙ্গ নিয়ে বিস্তারিত আলোচনা করা হয়েছে।,Easy,IELTS Band 5-6,noun,Simple,Present Simple
Turned out,নিষ্কাশিত,,Scientists are still examining the turned out closely.,বিজ্ঞানীরা এখনো নিষ্কাশিত খুব কাছ থেকে পর্যবেক্ষণ করছেন।,Hard,IELTS Band 7-9,noun,Simple,Present Continuous
tweak,চিমটি কাটা/হেঁকা টান দেওয়া,/twˈik/,The tweak was clearly explained in the report.,প্রতিবেদনে চিমটি কাটা/হেঁকা টান দেওয়া বিষয়টি স্পষ্টভাবে ব্যাখ্যা করা হয়েছিল।,Easy,IELTS Band 5-6,noun,Simple,Past Simple
Typical,সাধারণ,/tˈɪpʌkʌl/,Most experts consider this method quite typical.,বেশিরভাগ বিশেষজ্ঞ এই পদ্ধতিটিকে বেশ সাধারণ মনে করেন।,Medium,IELTS Band 6-7,adjective,Simple,Present Simple
Typically,সাধারণত,/tˈɪpɪkli/,He typically explains difficult topics in class.,সে ক্লাসে কঠিন বিষয়গুলো সাধারণত ব্যাখ্যা করে।,Medium,IELTS Band 6-7,adverb,Simple,Present Simple
ulterior,প্রচ্ছন,/ʌltˈɪriɜr/,Every student should understand the ulterior before the exam.,পরীক্ষার আগে প্রতিটি শিক্ষার্থীর প্রচ্ছন সম্পর্কে বোঝা উচিত।,Medium,IELTS Band 6-7,noun,Simple,Present Simple
Unacceptable,অগ্রহণযোগ্য,/ʌnæksˈɛptʌbʌl/,The result was extremely unacceptable.,ফলাফলটি অত্যন্ত অগ্রহণযোগ্য ছিল।,Hard,IELTS Band 7-9,adjective,Simple,Past Simple
Unanticipated,অপ্রত্যাশিত,/ʌnæntˈɪsʌpeɪtɪd/,She unanticipateded the problem before anyone noticed.,কেউ লক্ষ্য করার আগেই সে সমস্যাটি অপ্রত্যাশিত করেছিল।,Hard,IELTS Band 7-9,verb,Simple,Past Simple
Unattractive,আকর্ষণহীন,/ʌnʌtrˈæktɪv/,"Although it looked unattractive, the plan actually worked.","যদিও এটি আকর্ষণহীন মনে হয়েছিল, পরিকল্পনাটি আসলে কাজ করেছিল।",Hard,IELTS Band 7-9,adjective,Complex,Past Simple
Unaware,অজ্ঞ,/ʌnʌwˈɛr/,Scientists are still examining the unaware closely.,বিজ্ঞানীরা এখনো অজ্ঞ খুব কাছ থেকে পর্যবেক্ষণ করছেন।,Hard,IELTS Band 7-9,noun,Simple,Present Continuous
Unbeatable,অপরাজেয়,/ʌnbˈitʌbʌl/,The area has become increasingly unbeatable in recent years.,সাম্প্রতিক বছরগুলোতে এলাকাটি ক্রমশ অপরাজেয় হয়ে উঠেছে।,Hard,IELTS Band 7-9,adjective,Simple,Present Perfect
Unbiased,নিরপেক্ষ,/ʌnbˈaɪʌst/,"Next year, the company will unbiased this plan.",আগামী বছর কোম্পানিটি এই পরিকল্পনা নিরপেক্ষ করবে।,Medium,IELTS Band 6-7,verb,Simple,Future Simple
Uncertainty,অনিশ্চয়তা,/ʌnsˈɜrtʌnti/,"Although the uncertainty seemed minor, it changed everything.","যদিও অনিশ্চয়তা বিষয়টি সামান্য মনে হয়েছিল, এটি সবকিছু বদলে দিয়েছিল।",Hard,IELTS Band 7-9,noun,Complex,Past Simple
Uncomfortably,অস্বস্তিকরভাবে,/ʌnkˈʌmfɜrtʌbli/,"Because she worked uncomfortably, she finished on time.",সে অস্বস্তিকরভাবে কাজ করেছিল বলে সময়মতো শেষ করতে পেরেছিল।,Hard,IELTS Band 7-9,adverb,Complex,Past Simple
Unconscious,অজ্ঞান,/ʌnkˈɑnʃʌs/,"Although it looked unconscious, the plan actually worked.","যদিও এটি অজ্ঞান মনে হয়েছিল, পরিকল্পনাটি আসলে কাজ করেছিল।",Hard,IELTS Band 7-9,adjective,Complex,Past Simple
Unconvinced,সন্দেহভাজন,/ʌnkʌnvˈɪnst/,Experts have unconvinceded this issue for decades.,বিশেষজ্ঞরা কয়েক দশক ধরে এই বিষয়টি সন্দেহভাজন করে আসছেন।,Hard,IELTS Band 7-9,verb,Simple,Present Perfect
Uncover,উন্মোচন,/ʌnkˈʌvɜr/,The article discusses the uncover in great detail.,প্রবন্ধটিতে উন্মোচন নিয়ে বিস্তারিত আলোচনা করা হয়েছে।,Medium,IELTS Band 6-7,noun,Simple,Present Simple
Uncultivated,অকর্ষিত,,The team is uncultivateding new ways to solve it.,দলটি এটি সমাধানের নতুন উপায় অকর্ষিত করছে।,Hard,IELTS Band 7-9,verb,Simple,Present Continuous
Underbrush,ছোটো ছোটো গাছের ঝোপ,/ˈʌndɜrbrʌʃ/,The underbrush was clearly explained in the report.,প্রতিবেদনে ছোটো ছোটো গাছের ঝোপ বিষয়টি স্পষ্টভাবে ব্যাখ্যা করা হয়েছিল।,Hard,IELTS Band 7-9,noun,Simple,Past Simple
Underdeveloped,অনুন্নত,/ʌndɜrdɪvˈɛlʌpt/,"Because they underdevelopeded early, the project succeeded.","যেহেতু তারা আগেই অনুন্নত করেছিল, প্রকল্পটি সফল হয়েছিল।",Hard,IELTS Band 7-9,verb,Complex,Past Simple
underestimated,অবমূল্যায়ন,/ˈʌndɜrˈɛstʌmeɪtɪd/,They underestimated this issue every single day.,তারা প্রতিদিন এই বিষয়টি অবমূল্যায়ন করে।,Hard,IELTS Band 7-9,verb,Simple,Present Simple
undergrowth,লতাগ্তল্মের জঙ্গল,/ˈʌndɜrgroʊθ/,Every student should understand the undergrowth before the exam.,পরীক্ষার আগে প্রতিটি শিক্ষার্থীর লতাগ্তল্মের জঙ্গল সম্পর্কে বোঝা উচিত।,Hard,IELTS Band 7-9,noun,Simple,Present Simple
underline,গুরুত্ব আরোপ করা,/ˈʌndɜrlaɪn/,The underline will play a major role in the final decision.,চূড়ান্ত সিদ্ধান্তে গুরুত্ব আরোপ করা বড় ভূমিকা রাখবে।,Hard,IELTS Band 7-9,noun,Simple,Future Simple
Underlying,অন্তর্নিহিত,/ʌndɜrlˈaɪɪŋ/,"If we act now, we can underlying this matter.",এখন পদক্ষেপ নিলে আমরা বিষয়টি অন্তর্নিহিত করতে পারবো।,Hard,IELTS Band 7-9,verb,Complex,Present Simple
Undertake,দায়িত্বগ্রহণ করা,/ˈʌndɜrteɪk/,The article discusses the undertake in great detail.,প্রবন্ধটিতে দায়িত্বগ্রহণ করা নিয়ে বিস্তারিত আলোচনা করা হয়েছে।,Hard,IELTS Band 7-9,noun,Simple,Present Simple
Undertake Tiger,করা,,Scientists are still examining the undertake tiger closely.,বিজ্ঞানীরা এখনো করা খুব কাছ থেকে পর্যবেক্ষণ করছেন।,Hard,IELTS Band 7-9,noun,Simple,Present Continuous
Undertaken,শুরু করা,/ˈʌndɜrteɪkʌn/,"Because they undertakened early, the project succeeded.","যেহেতু তারা আগেই শুরু করেছিল, প্রকল্পটি সফল হয়েছিল।",Hard,IELTS Band 7-9,verb,Complex,Past Simple
Undesirable,অবাঞ্ছিত,/ʌndɪzˈaɪrʌbʌl/,Most experts consider this method quite undesirable.,বেশিরভাগ বিশেষজ্ঞ এই পদ্ধতিটিকে বেশ অবাঞ্ছিত মনে করেন।,Hard,IELTS Band 7-9,adjective,Simple,Present Simple
Undesired,অবাঞ্ছিত,,She undesireded the problem before anyone noticed.,কেউ লক্ষ্য করার আগেই সে সমস্যাটি অবাঞ্ছিত করেছিল।,Hard,IELTS Band 7-9,verb,Simple,Past Simple
Undeterred,অব্যাহত,/ʌndɪtˈɜrd/,Experts have undeterreded this issue for decades.,বিশেষজ্ঞরা কয়েক দশক ধরে এই বিষয়টি অব্যাহত করে আসছেন।,Hard,IELTS Band 7-9,verb,Simple,Present Perfect
Undistracted,নিরবিচ্ছিন,,"If we act now, we can undistracted this matter.",এখন পদক্ষেপ নিলে আমরা বিষয়টি নিরবিচ্ছিন করতে পারবো।,Hard,IELTS Band 7-9,verb,Complex,Present Simple
undocumented,নথিভুক্ত নয়,/ʌndˈɑkjʌmɛntɪd/,The team is undocumenteding new ways to solve it.,দলটি এটি সমাধানের নতুন উপায় নথিভুক্ত নয় করছে।,Hard,IELTS Band 7-9,verb,Simple,Present Continuous
unduly,অযথা/ অসঙ্গতভাবে,/ʌndˈuli/,He unduly explains difficult topics in class.,সে ক্লাসে কঠিন বিষয়গুলো অযথা/ অসঙ্গতভাবে ব্যাখ্যা করে।,Easy,IELTS Band 5-6,adverb,Simple,Present Simple
Unearth,আবিষ্কার,/ʌnˈɜrθ/,Scientists are still examining the unearth closely.,বিজ্ঞানীরা এখনো আবিষ্কার খুব কাছ থেকে পর্যবেক্ষণ করছেন।,Medium,IELTS Band 6-7,noun,Simple,Present Continuous
unearthed,আবিষ্কার করা/মাটি খুঁড়ে তোলা,/ʌnˈɜrθt/,They unearthed this issue every single day.,তারা প্রতিদিন এই বিষয়টি আবিষ্কার করা/মাটি খুঁড়ে তোলা করে।,Medium,IELTS Band 6-7,verb,Simple,Present Simple
Unethical,অনৈতিক,/ʌnˈɛθɪkʌl/,"Because the situation was so unethical, everyone took notice.",পরিস্থিতিটি এতটাই অনৈতিক ছিল যে সবাই লক্ষ্য করেছিল।,Hard,IELTS Band 7-9,adjective,Complex,Past Simple
unexceptional,ব্যতিক্রমী,,The result was extremely unexceptional.,ফলাফলটি অত্যন্ত ব্যতিক্রমী ছিল।,Hard,IELTS Band 7-9,adjective,Simple,Past Simple
Unexpected,অপ্রত্যাশিত,/ʌnɪkspˈɛktɪd/,"If we act now, we can unexpected this matter.",এখন পদক্ষেপ নিলে আমরা বিষয়টি অপ্রত্যাশিত করতে পারবো।,Hard,IELTS Band 7-9,verb,Complex,Present Simple
Unfamiliar,অপরিচিত,/ʌnfʌmˈɪljɜr/,The unfamiliar will play a major role in the final decision.,চূড়ান্ত সিদ্ধান্তে অপরিচিত বড় ভূমিকা রাখবে।,Hard,IELTS Band 7-9,noun,Simple,Future Simple
Unfastened,খোলা,,"Next year, the company will unfastened this plan.",আগামী বছর কোম্পানিটি এই পরিকল্পনা খোলা করবে।,Hard,IELTS Band 7-9,verb,Simple,Future Simple
Unfolded,উদ্ভাসিত,/ʌnfˈoʊldɪd/,"Because they unfoldeded early, the project succeeded.","যেহেতু তারা আগেই উদ্ভাসিত করেছিল, প্রকল্পটি সফল হয়েছিল।",Medium,IELTS Band 6-7,verb,Complex,Past Simple
Unfulfilled,অসম্পূর্ণ/অসন্তষ্,/ʌnfʊlfˈɪld/,They unfulfilled this issue every single day.,তারা প্রতিদিন এই বিষয়টি অসম্পূর্ণ/অসন্তষ্ করে।,Hard,IELTS Band 7-9,verb,Simple,Present Simple
Unheard,অশ্রুত,/ʌnhˈɜrd/,The unheard was clearly explained in the report.,প্রতিবেদনে অশ্রুত বিষয়টি স্পষ্টভাবে ব্যাখ্যা করা হয়েছিল।,Medium,IELTS Band 6-7,noun,Simple,Past Simple
Unhygienic,অস্বাস্থ্যকর,,It is unhygienic to prepare well before the test.,পরীক্ষার আগে ভালোভাবে প্রস্তুতি নেওয়া অস্বাস্থ্যকর।,Hard,IELTS Band 7-9,adjective,Simple,Present Simple
Unify,এক্যসাধন করা,/jˈunʌfaɪ/,"If we act now, we can unify this matter.",এখন পদক্ষেপ নিলে আমরা বিষয়টি এক্যসাধন করতে পারবো।,Easy,IELTS Band 5-6,verb,Complex,Present Simple
Uninterrupted,অবিচ্ছিন্ন,/ʌnɪntɜrˈʌptɪd/,The team is uninterrupteding new ways to solve it.,দলটি এটি সমাধানের নতুন উপায় অবিচ্ছিন্ন করছে।,Hard,IELTS Band 7-9,verb,Simple,Present Continuous
Universally,সর্বজনীনভাবে,/junʌvˈɜrsʌli/,She answered the question universally.,সে সর্বজনীনভাবে প্রশ্নের উত্তর দিয়েছিল।,Hard,IELTS Band 7-9,adverb,Simple,Past Simple
Unlike,অসদৃশ [,/ʌnlˈaɪk/,"Because the situation was so unlike, everyone took notice.",পরিস্থিতিটি এতটাই অসদৃশ [ ছিল যে সবাই লক্ষ্য করেছিল।,Medium,IELTS Band 6-7,adjective,Complex,Past Simple
Unload,নামানো,/ʌnlˈoʊd/,The article discusses the unload in great detail.,প্রবন্ধটিতে নামানো নিয়ে বিস্তারিত আলোচনা করা হয়েছে।,Easy,IELTS Band 5-6,noun,Simple,Present Simple
unnaturally,অপ্রাকৃতভাবে,/ʌnnˈætʃɜrʌli/,"Because she worked unnaturally, she finished on time.",সে অপ্রাকৃতভাবে কাজ করেছিল বলে সময়মতো শেষ করতে পেরেছিল।,Hard,IELTS Band 7-9,adverb,Complex,Past Simple
Unnecessary,অপ্রয়োজনীয়,/ʌnnˈɛsʌsɛri/,"Although it looked unnecessary, the plan actually worked.","যদিও এটি অপ্রয়োজনীয় মনে হয়েছিল, পরিকল্পনাটি আসলে কাজ করেছিল।",Hard,IELTS Band 7-9,adjective,Complex,Past Simple
Unoccupied,অব্যক্ত,/ʌnˈɑkjʌpaɪd/,"If we act now, we can unoccupied this matter.",এখন পদক্ষেপ নিলে আমরা বিষয়টি অব্যক্ত করতে পারবো।,Hard,IELTS Band 7-9,verb,Complex,Present Simple
Unparalleled,অতুলনীয়,/ʌnpˈɛrʌlɛld/,The team is unparalleleding new ways to solve it.,দলটি এটি সমাধানের নতুন উপায় অতুলনীয় করছে।,Hard,IELTS Band 7-9,verb,Simple,Present Continuous
Unprecedented,অভূতপূর্ব,/ʌnprˈɛsɪdɛntɪd/,"Next year, the company will unprecedented this plan.",আগামী বছর কোম্পানিটি এই পরিকল্পনা অভূতপূর্ব করবে।,Hard,IELTS Band 7-9,verb,Simple,Future Simple
Unpredictability,অনুমানযোগ্য নয়,/ʌnprʌdɪktʌbˈɪlɪti/,The unpredictability will play a major role in the final decision.,চূড়ান্ত সিদ্ধান্তে অনুমানযোগ্য নয় বড় ভূমিকা রাখবে।,Hard,IELTS Band 7-9,noun,Simple,Future Simple
Unravel,স্পষ্ট করা,/ʌnrˈævʌl/,"Because of the unravel, the whole plan had to change.",স্পষ্ট করা-এর কারণে পুরো পরিকল্পনা বদলাতে হয়েছিল।,Medium,IELTS Band 6-7,noun,Complex,Past Simple
Unrelated,সম্পর্কহীন,/ʌnrɪlˈeɪtɪd/,She unrelateded the problem before anyone noticed.,কেউ লক্ষ্য করার আগেই সে সমস্যাটি সম্পর্কহীন করেছিল।,Hard,IELTS Band 7-9,verb,Simple,Past Simple
Unsafe,অনিরাপদ,/ʌnsˈeɪf/,Scientists are still examining the unsafe closely.,বিজ্ঞানীরা এখনো অনিরাপদ খুব কাছ থেকে পর্যবেক্ষণ করছেন।,Medium,IELTS Band 6-7,noun,Simple,Present Continuous
Unsatisfactory,অসন্তোষজনক,/ʌnsʌtɪsfˈæktɜri/,The area has become increasingly unsatisfactory in recent years.,সাম্প্রতিক বছরগুলোতে এলাকাটি ক্রমশ অসন্তোষজনক হয়ে উঠেছে।,Hard,IELTS Band 7-9,adjective,Simple,Present Perfect
Unskilled,অদক্ষ,/ʌnskˈɪld/,The team is unskilleding new ways to solve it.,দলটি এটি সমাধানের নতুন উপায় অদক্ষ করছে।,Medium,IELTS Band 6-7,verb,Simple,Present Continuous
Unspoilt,অদূষিত,,"Although the unspoilt seemed minor, it changed everything.","যদিও অদূষিত বিষয়টি সামান্য মনে হয়েছিল, এটি সবকিছু বদলে দিয়েছিল।",Medium,IELTS Band 6-7,noun,Complex,Past Simple
Unsuitability,অনুপযুক্ততা,,Every student should understand the unsuitability before the exam.,পরীক্ষার আগে প্রতিটি শিক্ষার্থীর অনুপযুক্ততা সম্পর্কে বোঝা উচিত।,Hard,IELTS Band 7-9,noun,Simple,Present Simple
Unsuitable,অনুপযুক্ত,/ʌnsˈutʌbʌl/,"Although it looked unsuitable, the plan actually worked.","যদিও এটি অনুপযুক্ত মনে হয়েছিল, পরিকল্পনাটি আসলে কাজ করেছিল।",Hard,IELTS Band 7-9,adjective,Complex,Past Simple
unsurpassed,অতুলনীয়,/ʌnsɜrpˈæst/,She unsurpasseded the problem before anyone noticed.,কেউ লক্ষ্য করার আগেই সে সমস্যাটি অতুলনীয় করেছিল।,Hard,IELTS Band 7-9,verb,Simple,Past Simple
Unsurprisingly,নয়,/ʌnsɜrprˈaɪzɪŋli/,He unsurprisingly explains difficult topics in class.,সে ক্লাসে কঠিন বিষয়গুলো নয় ব্যাখ্যা করে।,Hard,IELTS Band 7-9,adverb,Simple,Present Simple
Untangle,জটিলতা মুক্ত করা,/ʌntˈæŋgʌl/,Scientists are still examining the untangle closely.,বিজ্ঞানীরা এখনো জটিলতা মুক্ত করা খুব কাছ থেকে পর্যবেক্ষণ করছেন।,Medium,IELTS Band 6-7,noun,Simple,Present Continuous
untapped,অব্যবহৃত,/ʌntˈæpt/,The team is untappeding new ways to solve it.,দলটি এটি সমাধানের নতুন উপায় অব্যবহৃত করছে।,Medium,IELTS Band 6-7,verb,Simple,Present Continuous
Unthinkable,অভাবনীয়,/ʌnθˈɪŋkʌbʌl/,It is unthinkable to prepare well before the test.,পরীক্ষার আগে ভালোভাবে প্রস্তুতি নেওয়া অভাবনীয়।,Hard,IELTS Band 7-9,adjective,Simple,Present Simple
Until,পর্যন্ত,/ʌntˈɪl/,"Although the until seemed minor, it changed everything.","যদিও পর্যন্ত বিষয়টি সামান্য মনে হয়েছিল, এটি সবকিছু বদলে দিয়েছিল।",Easy,IELTS Band 5-6,noun,Complex,Past Simple
Untouched,অপরিবর্তিত,/ʌntˈʌtʃt/,They untouched this issue every single day.,তারা প্রতিদিন এই বিষয়টি অপরিবর্তিত করে।,Medium,IELTS Band 6-7,verb,Simple,Present Simple
Untroubled,শান্ত/উদ্বেগহীন,/ʌntrˈʌbʌld/,She untroubleded the problem before anyone noticed.,কেউ লক্ষ্য করার আগেই সে সমস্যাটি শান্ত/উদ্বেগহীন করেছিল।,Hard,IELTS Band 7-9,verb,Simple,Past Simple
Unusable,ব্যবহারযোগ্য নয়,/ʌnjˈuzʌbʌl/,"Because the situation was so unusable, everyone took notice.",পরিস্থিতিটি এতটাই ব্যবহারযোগ্য নয় ছিল যে সবাই লক্ষ্য করেছিল।,Hard,IELTS Band 7-9,adjective,Complex,Past Simple
Unwelcoming,অপ্রত্যাশিত,,"If we act now, we can unwelcoming this matter.",এখন পদক্ষেপ নিলে আমরা বিষয়টি অপ্রত্যাশিত করতে পারবো।,Hard,IELTS Band 7-9,verb,Complex,Present Simple
unwillingly,অনিচ্ছায়,/ʌnwˈɪlɪŋli/,"Because she worked unwillingly, she finished on time.",সে অনিচ্ছায় কাজ করেছিল বলে সময়মতো শেষ করতে পেরেছিল।,Hard,IELTS Band 7-9,adverb,Complex,Past Simple
Upheaval,উত্তাল,/ʌphˈivʌl/,"Although it looked upheaval, the plan actually worked.","যদিও এটি উত্তাল মনে হয়েছিল, পরিকল্পনাটি আসলে কাজ করেছিল।",Medium,IELTS Band 6-7,adjective,Complex,Past Simple
Urgent,জরুরি,/ˈɜrdʒʌnt/,Most experts consider this method quite urgent.,বেশিরভাগ বিশেষজ্ঞ এই পদ্ধতিটিকে বেশ জরুরি মনে করেন।,Easy,IELTS Band 5-6,adjective,Simple,Present Simple
urging,তাগিদ,/ˈɜrdʒɪŋ/,They urging this issue every single day.,তারা প্রতিদিন এই বিষয়টি তাগিদ করে।,Easy,IELTS Band 5-6,verb,Simple,Present Simple
Utterly,সম্পূর্ণরূপে,/ˈʌtɜrli/,"Because she worked utterly, she finished on time.",সে সম্পূর্ণরূপে কাজ করেছিল বলে সময়মতো শেষ করতে পেরেছিল।,Medium,IELTS Band 6-7,adverb,Complex,Past Simple
Valuable,মূল্যবান,/vˈæljʌbʌl/,The result was extremely valuable.,ফলাফলটি অত্যন্ত মূল্যবান ছিল।,Medium,IELTS Band 6-7,adjective,Simple,Past Simple
Valued,মূল্যবান,/vˈæljud/,"If we act now, we can valued this matter.",এখন পদক্ষেপ নিলে আমরা বিষয়টি মূল্যবান করতে পারবো।,Easy,IELTS Band 5-6,verb,Complex,Present Simple
Vary,পরিবর্তন করা,/vˈɛri/,"Although it looked vary, the plan actually worked.","যদিও এটি পরিবর্তন করা মনে হয়েছিল, পরিকল্পনাটি আসলে কাজ করেছিল।",Easy,IELTS Band 5-6,adjective,Complex,Past Simple
Vast,বিশাল,/vˈæst/,Scientists are still examining the vast closely.,বিজ্ঞানীরা এখনো বিশাল খুব কাছ থেকে পর্যবেক্ষণ করছেন।,Easy,IELTS Band 5-6,noun,Simple,Present Continuous
Vegetation,উদ্ভিদ,/vɛdʒʌtˈeɪʃʌn/,The vegetation was clearly explained in the report.,প্রতিবেদনে উদ্ভিদ বিষয়টি স্পষ্টভাবে ব্যাখ্যা করা হয়েছিল।,Hard,IELTS Band 7-9,noun,Simple,Past Simple
Venerate,উপাসনা করা/প্রশংসা করা,/vˈɛnɜreɪt/,They venerate this issue every single day.,তারা প্রতিদিন এই বিষয়টি উপাসনা করা/প্রশংসা করে।,Hard,IELTS Band 7-9,verb,Simple,Present Simple
venet,ভেনিস নগরী সংক্রান্ত/ জানালার,,"Although the venet seemed minor, it changed everything.","যদিও ভেনিস নগরী সংক্রান্ত/ জানালার বিষয়টি সামান্য মনে হয়েছিল, এটি সবকিছু বদলে দিয়েছিল।",Easy,IELTS Band 5-6,noun,Complex,Past Simple
Venture,উদ্যোগ,/vˈɛntʃɜr/,Every student should understand the venture before the exam.,পরীক্ষার আগে প্রতিটি শিক্ষার্থীর উদ্যোগ সম্পর্কে বোঝা উচিত।,Medium,IELTS Band 6-7,noun,Simple,Present Simple
Venturing,সাহস করা,/vˈɛntʃɜrɪŋ/,"If we act now, we can venturing this matter.",এখন পদক্ষেপ নিলে আমরা বিষয়টি সাহস করতে পারবো।,Medium,IELTS Band 6-7,verb,Complex,Present Simple
Verdant,সবুজ,/vˈɜrdʌnt/,Most experts consider this method quite verdant.,বেশিরভাগ বিশেষজ্ঞ এই পদ্ধতিটিকে বেশ সবুজ মনে করেন।,Medium,IELTS Band 6-7,adjective,Simple,Present Simple
Versatile,বহুমুখী,/vˈɜrsʌtʌl/,The article discusses the versatile in great detail.,প্রবন্ধটিতে বহুমুখী নিয়ে বিস্তারিত আলোচনা করা হয়েছে।,Hard,IELTS Band 7-9,noun,Simple,Present Simple
verticals,উল্লম্ব/খাড়া,,Scientists are still examining the verticals closely.,বিজ্ঞানীরা এখনো উল্লম্ব/খাড়া খুব কাছ থেকে পর্যবেক্ষণ করছেন।,Medium,IELTS Band 6-7,noun,Simple,Present Continuous
Vets,পশুচিকিৎসক,/vˈɛts/,The vets was clearly explained in the report.,প্রতিবেদনে পশুচিকিৎসক বিষয়টি স্পষ্টভাবে ব্যাখ্যা করা হয়েছিল।,Easy,IELTS Band 5-6,noun,Simple,Past Simple
Vibrant,প্রাণবন্ত,/vˈaɪbrʌnt/,It is vibrant to prepare well before the test.,পরীক্ষার আগে ভালোভাবে প্রস্তুতি নেওয়া প্রাণবন্ত।,Medium,IELTS Band 6-7,adjective,Simple,Present Simple
Villain,নেতিবাচক চরিত্র,/vˈɪlʌn/,"Although the villain seemed minor, it changed everything.","যদিও নেতিবাচক চরিত্র বিষয়টি সামান্য মনে হয়েছিল, এটি সবকিছু বদলে দিয়েছিল।",Medium,IELTS Band 6-7,noun,Complex,Past Simple
Virtue,পুণ্য,/vˈɜrtʃu/,Every student should understand the virtue before the exam.,পরীক্ষার আগে প্রতিটি শিক্ষার্থীর পুণ্য সম্পর্কে বোঝা উচিত।,Easy,IELTS Band 5-6,noun,Simple,Present Simple
Visibility,দৃশ্যমানতা,/vɪzʌbˈɪlɪti/,The visibility will play a major role in the final decision.,চূড়ান্ত সিদ্ধান্তে দৃশ্যমানতা বড় ভূমিকা রাখবে।,Hard,IELTS Band 7-9,noun,Simple,Future Simple
visualisation,কল্পনা,,"Because of the visualisation, the whole plan had to change.",কল্পনা-এর কারণে পুরো পরিকল্পনা বদলাতে হয়েছিল।,Hard,IELTS Band 7-9,noun,Complex,Past Simple
Vogue,প্রথা,/vˈoʊg/,The article discusses the vogue in great detail.,প্রবন্ধটিতে প্রথা নিয়ে বিস্তারিত আলোচনা করা হয়েছে।,Easy,IELTS Band 5-6,noun,Simple,Present Simple
voice-morphing,কণ্ঠ পরিবর্তন,,They voice-morphing this issue every single day.,তারা প্রতিদিন এই বিষয়টি কণ্ঠ পরিবর্তন করে।,Hard,IELTS Band 7-9,verb,Simple,Present Simple
Volatility,অস্থিরতা,/vɑlʌtˈɪlʌti/,The volatility was clearly explained in the report.,প্রতিবেদনে অস্থিরতা বিষয়টি স্পষ্টভাবে ব্যাখ্যা করা হয়েছিল।,Hard,IELTS Band 7-9,noun,Simple,Past Simple
Volume,আয়তন,/vˈɑljum/,Researchers have studied this volume for many years.,গবেষকরা বহু বছর ধরে এই আয়তন নিয়ে গবেষণা করেছেন।,Medium,IELTS Band 6-7,noun,Simple,Present Perfect
Voluntary,স্বেচ্ছাসেবী,/vˈɑlʌntɛri/,The area has become increasingly voluntary in recent years.,সাম্প্রতিক বছরগুলোতে এলাকাটি ক্রমশ স্বেচ্ছাসেবী হয়ে উঠেছে।,Medium,IELTS Band 6-7,adjective,Simple,Present Perfect
voyaging,ভ্রমণ করা/ জলযাত্রা করা,,The team is voyaginging new ways to solve it.,দলটি এটি সমাধানের নতুন উপায় ভ্রমণ করা/ জলযাত্রা করছে।,Medium,IELTS Band 6-7,verb,Simple,Present Continuous
Vulnerability,দুর্বলতা,/vʌlnɜrʌbˈɪlɪti/,The vulnerability will play a major role in the final decision.,চূড়ান্ত সিদ্ধান্তে দুর্বলতা বড় ভূমিকা রাখবে।,Hard,IELTS Band 7-9,noun,Simple,Future Simple
Vulnerable,ঝুঁকিপূর্ণ,/vˈʌlnɜrʌbʌl/,It is vulnerable to prepare well before the test.,পরীক্ষার আগে ভালোভাবে প্রস্তুতি নেওয়া ঝুঁকিপূর্ণ।,Hard,IELTS Band 7-9,adjective,Simple,Present Simple
Warden,তত্বাবধায়ক,/wˈɔrdʌn/,They warden this issue every single day.,তারা প্রতিদিন এই বিষয়টি তত্বাবধায়ক করে।,Easy,IELTS Band 5-6,verb,Simple,Present Simple
Wardens,প্রহরী,/wˈɔrdʌnz/,Scientists are still examining the wardens closely.,বিজ্ঞানীরা এখনো প্রহরী খুব কাছ থেকে পর্যবেক্ষণ করছেন।,Medium,IELTS Band 6-7,noun,Simple,Present Continuous
warfare,যুদ্ধ,/wˈɔrfɛr/,The warfare was clearly explained in the report.,প্রতিবেদনে যুদ্ধ বিষয়টি স্পষ্টভাবে ব্যাখ্যা করা হয়েছিল।,Medium,IELTS Band 6-7,noun,Simple,Past Simple
Warm,গরম,/wˈɔrm/,Researchers have studied this warm for many years.,গবেষকরা বহু বছর ধরে এই গরম নিয়ে গবেষণা করেছেন।,Easy,IELTS Band 5-6,noun,Simple,Present Perfect
Warmer,উষ্ণ,/wˈɔrmɜr/,"Although the warmer seemed minor, it changed everything.","যদিও উষ্ণ বিষয়টি সামান্য মনে হয়েছিল, এটি সবকিছু বদলে দিয়েছিল।",Easy,IELTS Band 5-6,noun,Complex,Past Simple
Warn,সতর্ক করা,/wˈɔrn/,Every student should understand the warn before the exam.,পরীক্ষার আগে প্রতিটি শিক্ষার্থীর সতর্ক করা সম্পর্কে বোঝা উচিত।,Easy,IELTS Band 5-6,noun,Simple,Present Simple
warrant,পূর্বাভাস দেওয়া,/wˈɔrʌnt/,"Although it looked warrant, the plan actually worked.","যদিও এটি পূর্বাভাস দেওয়া মনে হয়েছিল, পরিকল্পনাটি আসলে কাজ করেছিল।",Medium,IELTS Band 6-7,adjective,Complex,Past Simple
Wastage,অপচয়,,"Because of the wastage, the whole plan had to change.",অপচয়-এর কারণে পুরো পরিকল্পনা বদলাতে হয়েছিল।,Medium,IELTS Band 6-7,noun,Complex,Past Simple
Watch,দেখা,/wˈɑtʃ/,The article discusses the watch in great detail.,প্রবন্ধটিতে দেখা নিয়ে বিস্তারিত আলোচনা করা হয়েছে।,Easy,IELTS Band 5-6,noun,Simple,Present Simple
Wave,তরঙ্গ,/wˈeɪv/,Scientists are still examining the wave closely.,বিজ্ঞানীরা এখনো তরঙ্গ খুব কাছ থেকে পর্যবেক্ষণ করছেন।,Easy,IELTS Band 5-6,noun,Simple,Present Continuous
Well-known,সুপরিচিত,/wˈɛlnˈoʊn/,The well-known was clearly explained in the report.,প্রতিবেদনে সুপরিচিত বিষয়টি স্পষ্টভাবে ব্যাখ্যা করা হয়েছিল।,Hard,IELTS Band 7-9,noun,Simple,Past Simple
Wicked,দুষ্ট,/wˈɪkʌd/,The team is wickeding new ways to solve it.,দলটি এটি সমাধানের নতুন উপায় দুষ্ট করছে।,Easy,IELTS Band 5-6,verb,Simple,Present Continuous
Wide,প্রশস্ত,/wˈaɪd/,"Although the wide seemed minor, it changed everything.","যদিও প্রশস্ত বিষয়টি সামান্য মনে হয়েছিল, এটি সবকিছু বদলে দিয়েছিল।",Easy,IELTS Band 5-6,noun,Complex,Past Simple
Widely,ব্যাপকভাবে,/wˈaɪdli/,"Because she worked widely, she finished on time.",সে ব্যাপকভাবে কাজ করেছিল বলে সময়মতো শেষ করতে পেরেছিল।,Easy,IELTS Band 5-6,adverb,Complex,Past Simple
width,প্রস্থ,/wˈɪdθ/,The width will play a major role in the final decision.,চূড়ান্ত সিদ্ধান্তে প্রস্থ বড় ভূমিকা রাখবে।,Easy,IELTS Band 5-6,noun,Simple,Future Simple
Wild,বন্য,/wˈaɪld/,"Because of the wild, the whole plan had to change.",বন্য-এর কারণে পুরো পরিকল্পনা বদলাতে হয়েছিল।,Easy,IELTS Band 5-6,noun,Complex,Past Simple
Wildlife,বন্যপ্রাণী,/wˈaɪldlaɪf/,The article discusses the wildlife in great detail.,প্রবন্ধটিতে বন্যপ্রাণী নিয়ে বিস্তারিত আলোচনা করা হয়েছে।,Medium,IELTS Band 6-7,noun,Simple,Present Simple
Willing,ইচ্ছুক,/wˈɪlɪŋ/,"If we act now, we can willing this matter.",এখন পদক্ষেপ নিলে আমরা বিষয়টি ইচ্ছুক করতে পারবো।,Medium,IELTS Band 6-7,verb,Complex,Present Simple
Windblown,বায়ুপ্রবাহ,,The windblown was clearly explained in the report.,প্রতিবেদনে বায়ুপ্রবাহ বিষয়টি স্পষ্টভাবে ব্যাখ্যা করা হয়েছিল।,Medium,IELTS Band 6-7,noun,Simple,Past Simple
Winding,বাঁকানো,/wˈaɪndɪŋ/,"Next year, the company will winding this plan.",আগামী বছর কোম্পানিটি এই পরিকল্পনা বাঁকানো করবে।,Medium,IELTS Band 6-7,verb,Simple,Future Simple
Wiping,মোছা,/wˈaɪpɪŋ/,"Because they wipinged early, the project succeeded.","যেহেতু তারা আগেই মোছা করেছিল, প্রকল্পটি সফল হয়েছিল।",Easy,IELTS Band 5-6,verb,Complex,Past Simple
Wise,জ্ঞানী,/wˈaɪz/,They wise this issue every single day.,তারা প্রতিদিন এই বিষয়টি জ্ঞানী করে।,Easy,IELTS Band 5-6,verb,Simple,Present Simple
Withdraw,প্রত্যাহার করা,/wɪðdrˈɔ/,The withdraw will play a major role in the final decision.,চূড়ান্ত সিদ্ধান্তে প্রত্যাহার করা বড় ভূমিকা রাখবে।,Medium,IELTS Band 6-7,noun,Simple,Future Simple
Withstand,প্রতিরোধ করা,/wɪθstˈænd/,"Because of the withstand, the whole plan had to change.",প্রতিরোধ করা-এর কারণে পুরো পরিকল্পনা বদলাতে হয়েছিল।,Medium,IELTS Band 6-7,noun,Complex,Past Simple
WMS,এবং মুল্য পারিশোধ না করে অন্য কাউকে দেওয়া একটি নিগৃহীত কাজ এবং এতে,,The article discusses the wms in great detail.,প্রবন্ধটিতে এবং মুল্য পারিশোধ না করে অন্য কাউকে দেওয়া একটি নিগৃহীত কাজ এবং এতে নিয়ে বিস্তারিত আলোচনা করা হয়েছে।,Easy,IELTS Band 5-6,noun,Simple,Present Simple
Wonder,আশ্চর্য,/wˈʌndɜr/,Scientists are still examining the wonder closely.,বিজ্ঞানীরা এখনো আশ্চর্য খুব কাছ থেকে পর্যবেক্ষণ করছেন।,Easy,IELTS Band 5-6,noun,Simple,Present Continuous
Wooden,কাঠের,/wˈʊdʌn/,"Next year, the company will wooden this plan.",আগামী বছর কোম্পানিটি এই পরিকল্পনা কাঠের করবে।,Easy,IELTS Band 5-6,verb,Simple,Future Simple
Woodland,বন,/wˈʊdlænd/,Researchers have studied this woodland for many years.,গবেষকরা বহু বছর ধরে এই বন নিয়ে গবেষণা করেছেন।,Medium,IELTS Band 6-7,noun,Simple,Present Perfect
Worth,মূল্য,/wˈɜrθ/,"Although the worth seemed minor, it changed everything.","যদিও মূল্য বিষয়টি সামান্য মনে হয়েছিল, এটি সবকিছু বদলে দিয়েছিল।",Easy,IELTS Band 5-6,noun,Complex,Past Simple
Wound,ক্ষত,/wˈaʊnd/,Every student should understand the wound before the exam.,পরীক্ষার আগে প্রতিটি শিক্ষার্থীর ক্ষত সম্পর্কে বোঝা উচিত।,Easy,IELTS Band 5-6,noun,Simple,Present Simple
Wrap,মোড়ানো,/rˈæp/,The wrap will play a major role in the final decision.,চূড়ান্ত সিদ্ধান্তে মোড়ানো বড় ভূমিকা রাখবে।,Easy,IELTS Band 5-6,noun,Simple,Future Simple
Wrecked,ধ্বংস করা,/rˈɛkt/,"If we act now, we can wrecked this matter.",এখন পদক্ষেপ নিলে আমরা বিষয়টি ধ্বংস করতে পারবো।,Medium,IELTS Band 6-7,verb,Complex,Present Simple
Wrecking,ধ্বংস করা,/rˈɛkɪŋ/,The team is wreckinging new ways to solve it.,দলটি এটি সমাধানের নতুন উপায় ধ্বংস করছে।,Medium,IELTS Band 6-7,verb,Simple,Present Continuous
Yet,এখনো/অথচ,/jˈɛt/,Scientists are still examining the yet closely.,বিজ্ঞানীরা এখনো এখনো/অথচ খুব কাছ থেকে পর্যবেক্ষণ করছেন।,Easy,IELTS Band 5-6,noun,Simple,Present Continuous
